symbol,sector,industry,exchange,market_cap_B
NVDA,Technology,Semiconductors,NMS,4534.87
AAPL,Technology,Consumer Electronics,NMS,3900.35
MSFT,Technology,Software - Infrastructure,NMS,3892.04
GOOG,Communication Services,Internet Content & Information,NMS,3146.68
AMZN,Consumer Cyclical,Internet Retail,NMS,2391.18
META,Communication Services,Internet Content & Information,NMS,1854.86
AVGO,Technology,Semiconductors,NMS,1672.33
TSM,Technology,Semiconductors,NYQ,1529.82
TSLA,Consumer Cyclical,Auto Manufacturers,NMS,1442.47
WMT,Consumer Defensive,Discount Stores,NYQ,846.48
JPM,Financial Services,Banks - Diversified,NYQ,817.86
ORCL,Technology,Software - Infrastructure,NYQ,807.72
LLY,Healthcare,Drug Manufacturers - General,NYQ,739.98
V,Financial Services,Credit Services,NYQ,674.24
MA,Financial Services,Credit Services,NYQ,518.6
XOM,Energy,Oil & Gas Integrated,NYQ,491.94
NFLX,Communication Services,Entertainment,NMS,463.86
JNJ,Healthcare,Drug Manufacturers - General,NYQ,458.73
PLTR,Technology,Software - Infrastructure,NMS,438.01
COST,Consumer Defensive,Discount Stores,NMS,413.11
AMD,Technology,Semiconductors,NMS,410.45
BABA,Consumer Cyclical,Internet Retail,NYQ,405.13
ABBV,Healthcare,Drug Manufacturers - General,NYQ,402.76
ASML,Technology,Semiconductor Equipment & Materials,NMS,401
BAC,Financial Services,Banks - Diversified,NYQ,385.31
HD,Consumer Cyclical,Home Improvement Retail,NYQ,384.9
PG,Consumer Defensive,Household & Personal Products,NYQ,356.9
UNH,Healthcare,Healthcare Plans,NYQ,328.31
SAP,Technology,Software - Application,NYQ,327.12
GE,Industrials,Aerospace & Defense,NYQ,320.53
CVX,Energy,Oil & Gas Integrated,NYQ,313.43
KO,Consumer Defensive,Beverages - Non-Alcoholic,NYQ,299.87
IBM,Technology,Information Technology Services,NYQ,287.39
CSCO,Technology,Communication Equipment,NMS,279.21
WFC,Financial Services,Banks - Diversified,NYQ,272.1
TM,Consumer Cyclical,Auto Manufacturers,NYQ,267.68
MS,Financial Services,Capital Markets,NYQ,260.7
AZN,Healthcare,Drug Manufacturers - General,NMS,258.64
NVS,Healthcare,Drug Manufacturers - General,NYQ,253.37
AXP,Financial Services,Credit Services,NYQ,246.31
MU,Technology,Semiconductors,NMS,245.84
PM,Consumer Defensive,Tobacco,NYQ,245.36
CAT,Industrials,Farm & Heavy Construction Machinery,NYQ,244.89
TMUS,Communication Services,Telecom Services,NMS,243.58
CRM,Technology,Software - Application,NYQ,242.6
GS,Financial Services,Capital Markets,NYQ,242.06
RTX,Industrials,Aerospace & Defense,NYQ,239.53
NVO,Healthcare,Drug Manufacturers - General,NYQ,236.41
HSBC,Financial Services,Banks - Diversified,NYQ,230.38
SHOP,Technology,Software - Application,NMS,224.95
ABT,Healthcare,Medical Devices,NYQ,220.78
MRK,Healthcare,Drug Manufacturers - General,NYQ,218.53
MCD,Consumer Cyclical,Restaurants,NYQ,218.21
SHEL,Energy,Oil & Gas Integrated,NYQ,218.15
TMO,Healthcare,Diagnostics & Research,NYQ,216.18
APP,Communication Services,Advertising Agencies,NMS,209.71
LIN,Basic Materials,Specialty Chemicals,NMS,209.13
RY,Financial Services,Banks - Diversified,NYQ,208.59
PEP,Consumer Defensive,Beverages - Non-Alcoholic,NMS,207.22
DIS,Communication Services,Entertainment,NYQ,200.79
UBER,Technology,Software - Application,NYQ,196.18
ISRG,Healthcare,Medical Instruments & Supplies,NMS,193.74
ANET,Technology,Computer Hardware,NYQ,193.33
NOW,Technology,Software - Application,NYQ,193.03
LRCX,Technology,Semiconductor Equipment & Materials,NMS,190.99
INTU,Technology,Software - Application,NMS,190.45
BX,Financial Services,Asset Management,NYQ,190.2
PDD,Consumer Cyclical,Internet Retail,NMS,190.18
HDB,Financial Services,Banks - Regional,NYQ,188.26
INTC,Technology,Semiconductors,NMS,182.44
QCOM,Technology,Semiconductors,NMS,182.29
AMAT,Technology,Semiconductor Equipment & Materials,NMS,182.23
ARM,Technology,Semiconductors,NMS,180.8
T,Communication Services,Telecom Services,NYQ,178.72
C,Financial Services,Banks - Diversified,NYQ,176.75
BLK,Financial Services,Asset Management,NYQ,176.29
NEE,Utilities,Utilities - Regulated Electric,NYQ,173.82
SONY,Technology,Consumer Electronics,NYQ,171.41
SCHW,Financial Services,Capital Markets,NYQ,171.39
MUFG,Financial Services,Banks - Diversified,NYQ,168.09
BA,Industrials,Aerospace & Defense,NYQ,167.38
BKNG,Consumer Cyclical,Travel Services,NMS,166.79
VZ,Communication Services,Telecom Services,NYQ,163.68
APH,Technology,Electronic Components,NYQ,163.38
GEV,Industrials,Specialty Industrial Machinery,NYQ,158.56
TJX,Consumer Cyclical,Apparel Retail,NYQ,157.94
DHR,Healthcare,Diagnostics & Research,NYQ,157.52
AMGN,Healthcare,Drug Manufacturers - General,NMS,157.07
KLAC,Technology,Semiconductor Equipment & Materials,NMS,155.76
TXN,Technology,Semiconductors,NMS,153.68
UL,Consumer Defensive,Household & Personal Products,NYQ,153.66
ACN,Technology,Information Technology Services,NYQ,153.58
GILD,Healthcare,Drug Manufacturers - General,NMS,150.06
BSX,Healthcare,Medical Devices,NYQ,149.82
SPGI,Financial Services,Financial Data & Stock Exchanges,NYQ,149.43
ADBE,Technology,Software - Application,NMS,147.98
PANW,Technology,Software - Infrastructure,NMS,146.96
ETN,Industrials,Specialty Industrial Machinery,NYQ,146.49
SYK,Healthcare,Medical Devices,NYQ,145.96
SAN,Financial Services,Banks - Diversified,NYQ,143.75
BHP,Basic Materials,Other Industrial Metals & Mining,NYQ,143.04
COF,Financial Services,Credit Services,NYQ,143.04
PFE,Healthcare,Drug Manufacturers - General,NYQ,140.77
TD,Financial Services,Banks - Diversified,NYQ,138.34
HON,Industrials,Conglomerates,NMS,137.22
LOW,Consumer Cyclical,Home Improvement Retail,NYQ,136.12
TTE,Energy,Oil & Gas Integrated,NYQ,135.78
SPOT,Communication Services,Internet Content & Information,NYQ,132.89
CRWD,Technology,Software - Infrastructure,NMS,132.33
UNP,Industrials,Railroads,NYQ,128.48
PGR,Financial Services,Insurance - Property & Casualty,NYQ,128.47
DE,Industrials,Farm & Heavy Construction Machinery,NYQ,127.8
SNY,Healthcare,Drug Manufacturers - General,NMS,125.79
HOOD,Financial Services,Capital Markets,NMS,124.23
CEG,Utilities,Utilities - Renewable,NMS,121.59
UBS,Financial Services,Banks - Diversified,NYQ,121.11
MDT,Healthcare,Medical Devices,NYQ,120.14
BUD,Consumer Defensive,Beverages - Brewers,NYQ,119.8
WELL,Real Estate,REIT - Healthcare Facilities,NYQ,119.01
PLD,Real Estate,REIT - Industrial,NYQ,117.41
ADI,Technology,Semiconductors,NMS,117.09
IBKR,Financial Services,Capital Markets,NMS,116.86
RIO,Basic Materials,Other Industrial Metals & Mining,NYQ,114.99
ADP,Technology,Software - Application,NMS,113.81
BTI,Consumer Defensive,Tobacco,NYQ,113.4
BBVA,Financial Services,Banks - Diversified,NYQ,113.06
LMT,Industrials,Aerospace & Defense,NYQ,112.32
KKR,Financial Services,Asset Management,NYQ,112.21
IBN,Financial Services,Banks - Regional,NYQ,112.14
CB,Financial Services,Insurance - Property & Casualty,NYQ,111.18
DASH,Consumer Cyclical,Internet Retail,NMS,110.28
COP,Energy,Oil & Gas E&P,NYQ,109.94
MELI,Consumer Cyclical,Internet Retail,NMS,109.56
MO,Consumer Defensive,Tobacco,NYQ,108.64
VRTX,Healthcare,Biotechnology,NMS,108.04
DELL,Technology,Computer Hardware,NYQ,106.32
SO,Utilities,Utilities - Regulated Electric,NYQ,105.47
SCCO,Basic Materials,Copper,NYQ,105.05
HCA,Healthcare,Medical Care Facilities,NYQ,104.6
CVS,Healthcare,Healthcare Plans,NYQ,103.91
BN,Financial Services,Asset Management,NYQ,103.73
SMFG,Financial Services,Banks - Diversified,NYQ,102.78
ENB,Energy,Oil & Gas Midstream,NYQ,102.34
NKE,Consumer Cyclical,Footwear & Accessories,NYQ,102.16
MCK,Healthcare,Medical Distribution,NYQ,99.72
DUK,Utilities,Utilities - Regulated Electric,NYQ,99.05
SBUX,Consumer Cyclical,Restaurants,NMS,97.86
PH,Industrials,Specialty Industrial Machinery,NYQ,97.69
CME,Financial Services,Financial Data & Stock Exchanges,NMS,97.2
TT,Industrials,Building Products & Equipment,NYQ,94.76
GD,Industrials,Aerospace & Defense,NYQ,94.75
CDNS,Technology,Software - Application,NMS,94.04
NTES,Communication Services,Electronic Gaming & Multimedia,NMS,93.94
SE,Consumer Cyclical,Internet Retail,NYQ,91.56
MMC,Financial Services,Insurance Brokers,NYQ,91.39
COIN,Financial Services,Financial Data & Stock Exchanges,NMS,91.07
NEM,Basic Materials,Gold,NYQ,90.98
BMO,Financial Services,Banks - Diversified,NYQ,90.75
ICE,Financial Services,Financial Data & Stock Exchanges,NYQ,90.24
BP,Energy,Oil & Gas Integrated,NYQ,89.69
AMT,Real Estate,REIT - Specialty,NYQ,89.68
MMM,Industrials,Conglomerates,NYQ,89.51
BMY,Healthcare,Drug Manufacturers - General,NYQ,89.21
RBLX,Communication Services,Electronic Gaming & Multimedia,NYQ,88.53
GSK,Healthcare,Drug Manufacturers - General,NYQ,88.36
BAM,Financial Services,Asset Management,NYQ,87.79
MCO,Financial Services,Financial Data & Stock Exchanges,NYQ,87.56
SNOW,Technology,Software - Application,NYQ,87.39
WM,Industrials,Waste Management,NYQ,86.47
NOC,Industrials,Aerospace & Defense,NYQ,86.43
SNPS,Technology,Software - Infrastructure,NMS,86.22
RCL,Consumer Cyclical,Travel Services,NYQ,85.96
RELX,Industrials,Specialty Business Services,NYQ,84.74
SHW,Basic Materials,Specialty Chemicals,NYQ,83.28
MSTR,Technology,Software - Application,NMS,83
ORLY,Consumer Cyclical,Auto Parts,NMS,82.37
EQIX,Real Estate,REIT - Specialty,NMS,82.16
AEM,Basic Materials,Gold,NYQ,82.09
CRH,Basic Materials,Building Materials,NYQ,80.55
CI,Healthcare,Healthcare Plans,NYQ,80.55
BNS,Financial Services,Banks - Diversified,NYQ,80.54
MFG,Financial Services,Banks - Regional,NYQ,80.29
HWM,Industrials,Aerospace & Defense,NYQ,80.02
ECL,Basic Materials,Specialty Chemicals,NYQ,78.63
MDLZ,Consumer Defensive,Confectioners,NMS,78.63
ABNB,Consumer Cyclical,Travel Services,NMS,78.36
CTAS,Industrials,Specialty Business Services,NMS,76.69
TDG,Industrials,Aerospace & Defense,NYQ,76.6
CM,Financial Services,Banks - Diversified,NYQ,76.59
NU,Financial Services,Banks - Regional,NYQ,76.54
NGG,Utilities,Utilities - Regulated Electric,NYQ,76.36
ELV,Healthcare,Healthcare Plans,NYQ,76.08
NET,Technology,Software - Infrastructure,NYQ,75.92
BK,Financial Services,Banks - Diversified,NYQ,75.31
USB,Financial Services,Banks - Regional,NYQ,75.09
GLW,Technology,Electronic Components,NYQ,74.88
EMR,Industrials,Specialty Industrial Machinery,NYQ,74.67
PBR,Energy,Oil & Gas Integrated,NYQ,74.49
UPS,Industrials,Integrated Freight & Logistics,NYQ,73.93
JCI,Industrials,Building Products & Equipment,NYQ,73.91
MAR,Consumer Cyclical,Lodging,NMS,73.65
TRI,Industrials,Specialty Business Services,NMS,73.31
PNC,Financial Services,Banks - Regional,NYQ,73.16
MSI,Technology,Communication Equipment,NYQ,73.14
AON,Financial Services,Insurance Brokers,NYQ,72.82
RACE,Consumer Cyclical,Auto Manufacturers,NYQ,72.55
MRVL,Technology,Semiconductors,NMS,72.53
INFY,Technology,Information Technology Services,NYQ,72.46
AJG,Financial Services,Insurance Brokers,NYQ,71.97
BCS,Financial Services,Banks - Diversified,NYQ,71.96
ITW,Industrials,Specialty Industrial Machinery,NYQ,71.64
ITUB,Financial Services,Banks - Regional,NYQ,71.59
APO,Financial Services,Asset Management,NYQ,71.5
VRT,Industrials,Electrical Equipment & Parts,NYQ,71.14
WMB,Energy,Oil & Gas Midstream,NYQ,70.19
ING,Financial Services,Banks - Diversified,NYQ,69.89
RSG,Industrials,Waste Management,NYQ,69.65
TEL,Technology,Electronic Components,NYQ,69.63
CP,Industrials,Railroads,NYQ,69.33
AMX,Communication Services,Telecom Services,NYQ,68.36
VST,Utilities,Utilities - Independent Power Producers,NYQ,68.26
MNST,Consumer Defensive,Beverages - Non-Alcoholic,NMS,68.05
FI,Technology,Information Technology Services,NYQ,68.04
LYG,Financial Services,Banks - Regional,NYQ,67.43
CSX,Industrials,Railroads,NMS,67.28
SPG,Real Estate,REIT - Retail,NYQ,67.18
EPD,Energy,Oil & Gas Midstream,NYQ,67.1
PYPL,Financial Services,Credit Services,NMS,66.66
ADSK,Technology,Software - Application,NMS,66.64
PWR,Industrials,Engineering & Construction,NYQ,65.7
CRWV,Technology,Software - Infrastructure,NMS,65.63
FTNT,Technology,Software - Infrastructure,NMS,65.56
CNQ,Energy,Oil & Gas E&P,NYQ,65.12
GM,Consumer Cyclical,Auto Manufacturers,NYQ,64.98
WDAY,Technology,Software - Application,NMS,64.81
DB,Financial Services,Banks - Regional,NYQ,64.76
ZTS,Healthcare,Drug Manufacturers - Specialty & Generic,NYQ,64.68
COR,Healthcare,Medical Distribution,NYQ,64.51
AZO,Consumer Cyclical,Auto Parts,NYQ,63.42
CL,Consumer Defensive,Household & Personal Products,NYQ,63.04
NSC,Industrials,Railroads,NYQ,62.94
DLR,Real Estate,REIT - Specialty,NYQ,62.62
HLT,Consumer Cyclical,Lodging,NYQ,62.24
AEP,Utilities,Utilities - Regulated Electric,NMS,62.03
EQNR,Energy,Oil & Gas Integrated,NYQ,61.88
NWG,Financial Services,Banks - Regional,NYQ,61.49
REGN,Healthcare,Biotechnology,NMS,61.26
ALNY,Healthcare,Biotechnology,NMS,60.75
SRE,Utilities,Utilities - Diversified,NYQ,60.54
TRV,Financial Services,Insurance - Property & Casualty,NYQ,60.2
MPC,Energy,Oil & Gas Refining & Marketing,NYQ,59.65
CNI,Industrials,Railroads,NYQ,59.54
FCX,Basic Materials,Copper,NYQ,59.4
URI,Industrials,Rental & Leasing Services,NYQ,58.12
EOG,Energy,Oil & Gas E&P,NYQ,58.08
CMI,Industrials,Specialty Industrial Machinery,NYQ,58.07
AXON,Industrials,Aerospace & Defense,NMS,57.78
KMI,Energy,Oil & Gas Midstream,NYQ,57.46
ET,Energy,Oil & Gas Midstream,NYQ,57.43
AFL,Financial Services,Insurance - Life,NYQ,57.32
FDX,Industrials,Integrated Freight & Logistics,NYQ,56.9
CPNG,Consumer Cyclical,Internet Retail,NYQ,56.79
APD,Basic Materials,Specialty Chemicals,NYQ,56.73
TFC,Financial Services,Banks - Regional,NYQ,56.53
B,Basic Materials,Gold,NYQ,55.48
NXPI,Technology,Semiconductors,NMS,55.25
CMG,Consumer Cyclical,Restaurants,NYQ,55.23
MFC,Financial Services,Insurance - Life,NYQ,55.16
F,Consumer Cyclical,Auto Manufacturers,NYQ,55.15
E,Energy,Oil & Gas Integrated,NYQ,54.97
LHX,Industrials,Aerospace & Defense,NYQ,54.86
O,Real Estate,REIT - Retail,NYQ,54.85
DDOG,Technology,Software - Application,NMS,54.57
PSX,Energy,Oil & Gas Refining & Marketing,NYQ,54.55
DEO,Consumer Defensive,Beverages - Wineries & Distilleries,NYQ,54.2
SLB,Energy,Oil & Gas Equipment & Services,NYQ,53.53
BDX,Healthcare,Medical Instruments & Supplies,NYQ,53.26
PSA,Real Estate,REIT - Industrial,NYQ,53.03
PCAR,Industrials,Farm & Heavy Construction Machinery,NMS,52.59
TRP,Energy,Oil & Gas Midstream,NYQ,52.43
WBD,Communication Services,Entertainment,NMS,52.36
MET,Financial Services,Insurance - Life,NYQ,52.32
VLO,Energy,Oil & Gas Refining & Marketing,NYQ,52.17
D,Utilities,Utilities - Regulated Electric,NYQ,52.11
ROP,Technology,Software - Application,NMS,51.53
MPWR,Technology,Semiconductors,NMS,51.48
MPLX,Energy,Oil & Gas Midstream,NYQ,51.41
IDXX,Healthcare,Diagnostics & Research,NMS,51.27
ZS,Technology,Software - Infrastructure,NMS,51.13
ROST,Consumer Cyclical,Apparel Retail,NMS,50.98
ALL,Financial Services,Insurance - Property & Casualty,NYQ,50.91
NDAQ,Financial Services,Financial Data & Stock Exchanges,NMS,50.5
ARGX,Healthcare,Biotechnology,NMS,50.35
EA,Communication Services,Electronic Gaming & Multimedia,NMS,50.08
STX,Technology,Computer Hardware,NMS,49.86
CARR,Industrials,Building Products & Equipment,NYQ,49.22
FAST,Industrials,Industrial Distribution,NMS,49.22
FERG,Industrials,Industrial Distribution,NYQ,48.83
VALE,Basic Materials,Other Industrial Metals & Mining,NYQ,48.8
ARES,Financial Services,Asset Management,NYQ,48.79
EXC,Utilities,Utilities - Regulated Electric,NMS,48.51
CBRE,Real Estate,Real Estate Services,NYQ,48.5
XYZ,Technology,Software - Infrastructure,NYQ,48.49
SU,Energy,Oil & Gas Integrated,NYQ,48.34
LNG,Energy,Oil & Gas Midstream,NYQ,48.26
GRMN,Technology,Scientific & Technical Instruments,NYQ,48.21
JD,Consumer Cyclical,Internet Retail,NMS,48.06
VEEV,Healthcare,Health Information Services,NYQ,48.03
TCOM,Consumer Cyclical,Travel Services,NMS,47.58
XEL,Utilities,Utilities - Regulated Electric,NMS,47.54
FER,Industrials,Engineering & Construction,NMS,47.45
DHI,Consumer Cyclical,Residential Construction,NYQ,47.09
TTWO,Communication Services,Electronic Gaming & Multimedia,NMS,47.06
BKR,Energy,Oil & Gas Equipment & Services,NMS,46.63
IMO,Energy,Oil & Gas Integrated,ASE,46.33
GWW,Industrials,Industrial Distribution,NYQ,46.32
WCN,Industrials,Waste Management,NYQ,45.27
AMP,Financial Services,Asset Management,NYQ,45.17
PAYX,Technology,Software - Application,NMS,44.84
EW,Healthcare,Medical Devices,NYQ,44.68
WPM,Basic Materials,Gold,NYQ,44.6
UI,Technology,Communication Equipment,NYQ,44.5
KR,Consumer Defensive,Grocery Stores,NYQ,44.47
TAK,Healthcare,Drug Manufacturers - Specialty & Generic,NYQ,44.45
EBAY,Consumer Cyclical,Internet Retail,NMS,44.42
WDC,Technology,Computer Hardware,NMS,44.37
AIG,Financial Services,Insurance - Diversified,NYQ,43.77
CTVA,Basic Materials,Agricultural Inputs,NYQ,43.23
CPRT,Industrials,Specialty Business Services,NMS,43.22
AME,Industrials,Specialty Industrial Machinery,NYQ,43.22
OKE,Energy,Oil & Gas Midstream,NYQ,43.21
ETR,Utilities,Utilities - Regulated Electric,NYQ,43.11
CCI,Real Estate,REIT - Specialty,NYQ,42.89
TGT,Consumer Defensive,Discount Stores,NYQ,42.83
TEAM,Technology,Software - Application,NMS,42.81
FLUT,Consumer Cyclical,Gambling,NYQ,42.77
FANG,Energy,Oil & Gas E&P,NMS,42.22
A,Healthcare,Diagnostics & Research,NYQ,41.97
MSCI,Financial Services,Financial Data & Stock Exchanges,NYQ,41.95
OXY,Energy,Oil & Gas E&P,NYQ,41.91
HLN,Healthcare,Drug Manufacturers - Specialty & Generic,NYQ,41.76
BIDU,Communication Services,Internet Content & Information,NMS,41.68
CCEP,Consumer Defensive,Beverages - Non-Alcoholic,NMS,41.68
PEG,Utilities,Utilities - Regulated Electric,NYQ,41.48
CVNA,Consumer Cyclical,Auto & Truck Dealerships,NYQ,41.07
HMC,Consumer Cyclical,Auto Manufacturers,NYQ,40.9
BSBR,Financial Services,Banks - Regional,NYQ,40.57
RDDT,Communication Services,Internet Content & Information,NYQ,40.09
ROK,Industrials,Specialty Industrial Machinery,NYQ,40.08
FICO,Technology,Software - Application,NYQ,40.01
DAL,Industrials,Airlines,NYQ,39.8
YUM,Consumer Cyclical,Restaurants,NYQ,39.79
LVS,Consumer Cyclical,Resorts & Casinos,NYQ,39.54
KMB,Consumer Defensive,Household & Personal Products,NMS,39.46
VMC,Basic Materials,Building Materials,NYQ,38.68
CCL,Consumer Cyclical,Travel Services,NYQ,38.61
CAH,Healthcare,Medical Distribution,NYQ,38.46
SYM,Industrials,Specialty Industrial Machinery,NGM,38.44
CCJ,Energy,Uranium,NYQ,38.41
HEI,Industrials,Aerospace & Defense,NYQ,38.27
ALC,Healthcare,Medical Instruments & Supplies,NYQ,38
RMD,Healthcare,Medical Instruments & Supplies,NYQ,37.87
RKT,Financial Services,Mortgage Finance,NYQ,37.72
IQV,Healthcare,Diagnostics & Research,NYQ,37.49
MLM,Basic Materials,Building Materials,NYQ,37.46
WEC,Utilities,Utilities - Regulated Electric,NYQ,37.28
SYY,Consumer Defensive,Food Distribution,NYQ,37.01
KDP,Consumer Defensive,Beverages - Non-Alcoholic,NMS,36.9
EL,Consumer Defensive,Household & Personal Products,NYQ,36.81
FNV,Basic Materials,Gold,NYQ,36.64
HSY,Consumer Defensive,Confectioners,NYQ,36.36
GFI,Basic Materials,Gold,NYQ,36.26
XYL,Industrials,Specialty Industrial Machinery,NYQ,36.09
OTIS,Industrials,Specialty Industrial Machinery,NYQ,36.09
ED,Utilities,Utilities - Regulated Electric,NYQ,36.08
PCG,Utilities,Utilities - Regulated Electric,NYQ,36.05
PRU,Financial Services,Insurance - Life,NYQ,35.96
ONC,Healthcare,Biotechnology,NMS,35.75
GEHC,Healthcare,Health Information Services,NMS,35.68
TME,Communication Services,Internet Content & Information,NYQ,35.57
CRCL,Financial Services,Capital Markets,NYQ,35.57
LYV,Communication Services,Entertainment,NYQ,35.46
FIS,Technology,Information Technology Services,NYQ,35.41
PUK,Financial Services,Insurance - Life,NYQ,35.21
HIG,Financial Services,Insurance - Property & Casualty,NYQ,35.18
ABEV,Consumer Defensive,Beverages - Brewers,NYQ,34.98
HUM,Healthcare,Healthcare Plans,NYQ,34.96
CUK,Consumer Cyclical,Travel Services,NYQ,34.93
FMX,Consumer Defensive,Beverages - Brewers,NYQ,34.9
SOFI,Financial Services,Credit Services,NMS,34.74
FIX,Industrials,Engineering & Construction,NYQ,34.63
AU,Basic Materials,Gold,NYQ,34.61
SLF,Financial Services,Insurance - Diversified,NYQ,34.45
CLS,Technology,Electronic Components,NYQ,34.17
MCHP,Technology,Semiconductors,NMS,34.09
DD,Basic Materials,Specialty Chemicals,NYQ,33.92
NOK,Technology,Communication Equipment,NYQ,33.89
WAB,Industrials,Railroads,NYQ,33.79
CHT,Communication Services,Telecom Services,NYQ,33.78
INSM,Healthcare,Biotechnology,NMS,33.75
EQT,Energy,Oil & Gas E&P,NYQ,33.51
EME,Industrials,Engineering & Construction,NYQ,33.49
CHTR,Communication Services,Telecom Services,NMS,33.36
EXR,Real Estate,REIT - Industrial,NYQ,33.3
VICI,Real Estate,REIT - Diversified,NYQ,33.26
CTSH,Technology,Information Technology Services,NMS,33.14
TRGP,Energy,Oil & Gas Midstream,NYQ,33.09
CSGP,Real Estate,Real Estate Services,NMS,33
NRG,Utilities,Utilities - Independent Power Producers,NYQ,32.95
VRSK,Industrials,Consulting Services,NMS,32.82
STT,Financial Services,Asset Management,NYQ,32.77
BBDO,Financial Services,Banks - Regional,NYQ,32.63
BBD,Financial Services,Banks - Regional,NYQ,32.63
ACGL,Financial Services,Insurance - Diversified,NMS,32.53
LEN,Consumer Cyclical,Residential Construction,NYQ,32.29
RJF,Financial Services,Asset Management,NYQ,32.18
UAL,Industrials,Airlines,NMS,32.15
WTW,Financial Services,Insurance Brokers,NMS,32.03
VTR,Real Estate,REIT - Healthcare Facilities,NYQ,31.99
NUE,Basic Materials,Steel,NYQ,31.84
IR,Industrials,Specialty Industrial Machinery,NYQ,31.71
ERIC,Technology,Communication Equipment,NMS,31.7
STLA,Consumer Cyclical,Auto Manufacturers,NYQ,31.43
RKLB,Industrials,Aerospace & Defense,NCM,31.24
IRM,Real Estate,REIT - Specialty,NYQ,31.08
HPE,Technology,Communication Equipment,NYQ,31.01
PSTG,Technology,Computer Hardware,NYQ,30.82
QSR,Consumer Cyclical,Restaurants,NYQ,30.69
ADM,Consumer Defensive,Farm Products,NYQ,30.43
CVE,Energy,Oil & Gas Integrated,NYQ,30.4
WDS,Energy,Oil & Gas E&P,NYQ,30.18
KHC,Consumer Defensive,Packaged Foods,NMS,29.89
TEF,Communication Services,Telecom Services,NYQ,29.84
TSCO,Consumer Cyclical,Specialty Retail,NMS,29.83
MT,Basic Materials,Steel,NYQ,29.75
MTD,Healthcare,Diagnostics & Research,NYQ,29.55
NBIS,Communication Services,Internet Content & Information,NMS,29.45
DTE,Utilities,Utilities - Regulated Electric,NYQ,29.44
KGC,Basic Materials,Gold,NYQ,29.21
KB,Financial Services,Banks - Regional,NYQ,29.19
KEYS,Technology,Scientific & Technical Instruments,NYQ,29.12
BRO,Financial Services,Insurance Brokers,NYQ,29.03
WIT,Technology,Information Technology Services,NYQ,28.98
MTB,Financial Services,Banks - Regional,NYQ,28.95
K,Consumer Defensive,Packaged Foods,NYQ,28.87
KVUE,Consumer Defensive,Household & Personal Products,NYQ,28.79
SMCI,Technology,Computer Hardware,NMS,28.7
EFX,Industrials,Consulting Services,NYQ,28.62
ODFL,Industrials,Trucking,NMS,28.61
WRB,Financial Services,Insurance - Property & Casualty,NYQ,28.5
NTR,Basic Materials,Agricultural Inputs,NYQ,28.28
ATO,Utilities,Utilities - Regulated Gas,NYQ,28.24
ASX,Technology,Semiconductors,NYQ,28.23
AEE,Utilities,Utilities - Regulated Electric,NYQ,28.2
FITB,Financial Services,Banks - Regional,NMS,28.18
VOD,Communication Services,Telecom Services,NMS,28.1
IX,Financial Services,Financial Conglomerates,NYQ,27.74
ES,Utilities,Utilities - Regulated Electric,NYQ,27.71
AWK,Utilities,Utilities - Regulated Water,NYQ,27.62
PPL,Utilities,Utilities - Regulated Electric,NYQ,27.62
AMRZ,Basic Materials,Building Materials,NYQ,27.61
DXCM,Healthcare,Medical Devices,NMS,27.58
ROL,Consumer Cyclical,Personal Services,NYQ,27.43
ALAB,Technology,Semiconductors,NMS,27.42
PHG,Healthcare,Medical Devices,NYQ,27.41
SNDK,Technology,Computer Hardware,NMS,27.25
LPLA,Financial Services,Capital Markets,NMS,27.22
MDB,Technology,Software - Infrastructure,NGM,27.14
BR,Technology,Information Technology Services,NYQ,27.11
EXPE,Consumer Cyclical,Travel Services,NMS,27.08
AVB,Real Estate,REIT - Residential,NYQ,26.97
SYF,Financial Services,Credit Services,NYQ,26.96
FE,Utilities,Utilities - Regulated Electric,NYQ,26.93
CRDO,Technology,Semiconductors,NMS,26.91
ASTS,Technology,Communication Equipment,NMS,26.88
VIK,Consumer Cyclical,Travel Services,NYQ,26.78
NTRA,Healthcare,Diagnostics & Research,NMS,26.42
CQP,Energy,Oil & Gas Midstream,NYQ,26.33
FIG,Technology,Software - Application,NYQ,26.13
VLTO,Industrials,Pollution & Treatment Controls,NYQ,25.97
FTS,Utilities,Utilities - Regulated Electric,NYQ,25.91
FSLR,Technology,Solar,NMS,25.89
HPQ,Technology,Computer Hardware,NYQ,25.85
OWL,Financial Services,Asset Management,NYQ,25.85
CYBR,Technology,Software - Infrastructure,NMS,25.84
BE,Industrials,Electrical Equipment & Parts,NYQ,25.83
CNP,Utilities,Utilities - Regulated Electric,NYQ,25.81
IP,Consumer Cyclical,Packaging & Containers,NYQ,25.8
TTD,Communication Services,Advertising Agencies,NGM,25.43
BNTX,Healthcare,Biotechnology,NMS,25.41
CIEN,Technology,Communication Equipment,NYQ,25.31
GIS,Consumer Defensive,Packaged Foods,NYQ,25.29
ZM,Technology,Software - Application,NMS,25.22
SHG,Financial Services,Banks - Regional,NYQ,25.05
CBOE,Financial Services,Financial Data & Stock Exchanges,BTS,24.97
FOX,Communication Services,Entertainment,NMS,24.96
EQR,Real Estate,REIT - Residential,NYQ,24.96
FOXA,Communication Services,Entertainment,NMS,24.96
TDY,Technology,Scientific & Technical Instruments,NYQ,24.95
FUTU,Financial Services,Capital Markets,NGM,24.84
HUBS,Technology,Software - Application,NYQ,24.75
EXE,Energy,Oil & Gas E&P,NMS,24.71
AFRM,Technology,Software - Infrastructure,NMS,24.55
PTC,Technology,Software - Application,NMS,24.53
CINF,Financial Services,Insurance - Property & Casualty,NMS,24.5
STZ,Consumer Defensive,Beverages - Brewers,NYQ,24.44
LDOS,Technology,Information Technology Services,NYQ,24.37
DOV,Industrials,Specialty Industrial Machinery,NYQ,24.34
TW,Financial Services,Capital Markets,NMS,24.24
FLEX,Technology,Electronic Components,NMS,24.04
GRAB,Technology,Software - Application,NMS,23.85
NTRS,Financial Services,Asset Management,NMS,23.83
MKL,Financial Services,Insurance - Property & Casualty,NYQ,23.77
TPR,Consumer Cyclical,Luxury Goods,NYQ,23.75
STE,Healthcare,Medical Devices,NYQ,23.71
PHM,Consumer Cyclical,Residential Construction,NYQ,23.49
HBAN,Financial Services,Banks - Regional,NMS,23.45
PPG,Basic Materials,Specialty Chemicals,NYQ,23.36
NTAP,Technology,Software - Infrastructure,NMS,23.28
LH,Healthcare,Diagnostics & Research,NYQ,23.23
ULTA,Consumer Cyclical,Specialty Retail,NMS,23.21
PINS,Communication Services,Internet Content & Information,NYQ,23.1
HUBB,Industrials,Electrical Equipment & Parts,NYQ,23.08
VG,Energy,Oil & Gas Midstream,NYQ,23.04
WSM,Consumer Cyclical,Specialty Retail,NYQ,23.03
TU,Communication Services,Telecom Services,NYQ,22.98
TER,Technology,Semiconductor Equipment & Materials,NMS,22.95
VRSN,Technology,Software - Infrastructure,NMS,22.9
ESLT,Industrials,Aerospace & Defense,NMS,22.8
TROW,Financial Services,Asset Management,NMS,22.75
JBL,Technology,Electronic Components,NYQ,22.7
EBR,Utilities,Utilities - Renewable,NYQ,22.66
STM,Technology,Semiconductors,NYQ,22.65
PODD,Healthcare,Medical Devices,NMS,22.59
IOT,Technology,Software - Infrastructure,NYQ,22.52
CFG,Financial Services,Banks - Regional,NYQ,22.51
SW,Consumer Cyclical,Packaging & Containers,NYQ,22.49
DG,Consumer Defensive,Discount Stores,NYQ,22.45
CMS,Utilities,Utilities - Regulated Electric,NYQ,22.38
TOST,Technology,Software - Infrastructure,NYQ,22.36
HAL,Energy,Oil & Gas Equipment & Services,NYQ,22.35
STLD,Basic Materials,Steel,NMS,22.34
EIX,Utilities,Utilities - Regulated Electric,NYQ,22.25
BCE,Communication Services,Telecom Services,NYQ,22.22
LI,Consumer Cyclical,Auto Manufacturers,NMS,22.19
PBA,Energy,Oil & Gas Midstream,NYQ,22.12
TYL,Technology,Software - Application,NYQ,22.01
BIIB,Healthcare,Drug Manufacturers - General,NMS,21.98
RF,Financial Services,Banks - Regional,NYQ,21.92
TEVA,Healthcare,Drug Manufacturers - Specialty & Generic,NYQ,21.75
BEKE,Real Estate,Real Estate Services,NYQ,21.74
AER,Industrials,Rental & Leasing Services,NYQ,21.74
RPRX,Healthcare,Biotechnology,NMS,21.73
CW,Industrials,Aerospace & Defense,NYQ,21.51
DRI,Consumer Cyclical,Restaurants,NYQ,21.5
WAT,Healthcare,Diagnostics & Research,NYQ,21.4
WST,Healthcare,Medical Instruments & Supplies,NYQ,21.4
TPG,Financial Services,Asset Management,NMS,21.35
TPL,Energy,Oil & Gas E&P,NYQ,21.34
SBAC,Real Estate,REIT - Specialty,NMS,21.33
SATS,Communication Services,Telecom Services,NMS,21.33
RCI,Communication Services,Telecom Services,NYQ,21.26
GPN,Industrials,Specialty Business Services,NYQ,21.19
GWRE,Technology,Software - Application,NYQ,21.18
CG,Financial Services,Asset Management,NMS,21.15
LULU,Consumer Cyclical,Apparel Retail,NMS,21.13
IONQ,Technology,Computer Hardware,NYQ,20.95
DVN,Energy,Oil & Gas E&P,NYQ,20.93
CHD,Consumer Defensive,Household & Personal Products,NYQ,20.92
TECK,Basic Materials,Other Industrial Metals & Mining,NYQ,20.77
L,Financial Services,Insurance - Property & Casualty,NYQ,20.75
ON,Technology,Semiconductors,NMS,20.74
CDW,Technology,Information Technology Services,NMS,20.73
SSNC,Technology,Software - Application,NMS,20.67
CHKP,Technology,Software - Infrastructure,NMS,20.61
NI,Utilities,Utilities - Regulated Gas,NYQ,20.54
NVR,Consumer Cyclical,Residential Construction,NYQ,20.47
ZBH,Healthcare,Medical Devices,NYQ,20.41
XPEV,Consumer Cyclical,Auto Manufacturers,NYQ,20.39
BAP,Financial Services,Banks - Regional,NYQ,20.38
VIV,Communication Services,Telecom Services,NYQ,20.34
RL,Consumer Cyclical,Apparel Manufacturing,NYQ,20.33
COHR,Technology,Scientific & Technical Instruments,NYQ,20.3
NMR,Financial Services,Capital Markets,NYQ,20.3
DGX,Healthcare,Diagnostics & Research,NYQ,20.27
DKS,Consumer Cyclical,Specialty Retail,NYQ,20.21
DLTR,Consumer Defensive,Discount Stores,NMS,20.2
OKLO,Utilities,Utilities - Regulated Electric,NYQ,20.08
CPAY,Technology,Software - Infrastructure,NYQ,20.08
TLK,Communication Services,Telecom Services,NYQ,19.92
KEY,Financial Services,Banks - Regional,NYQ,19.83
CASY,Consumer Cyclical,Specialty Retail,NMS,19.75
GFS,Technology,Semiconductors,NMS,19.6
BG,Consumer Defensive,Farm Products,NYQ,19.57
KEP,Utilities,Utilities - Regulated Electric,NYQ,19.54
GIB,Technology,Information Technology Services,NYQ,19.48
TRMB,Technology,Scientific & Technical Instruments,NMS,19.38
BEP,Utilities,Utilities - Renewable,NYQ,19.31
J,Industrials,Engineering & Construction,NYQ,19.08
NTNX,Technology,Software - Infrastructure,NMS,18.96
IT,Technology,Information Technology Services,NYQ,18.95
TS,Energy,Oil & Gas Equipment & Services,NYQ,18.93
UTHR,Healthcare,Drug Manufacturers - Specialty & Generic,NMS,18.93
UMC,Technology,Semiconductors,NYQ,18.93
RBA,Industrials,Specialty Business Services,NYQ,18.91
AVAV,Industrials,Aerospace & Defense,NMS,18.9
AMCR,Consumer Cyclical,Packaging & Containers,NYQ,18.79
EC,Energy,Oil & Gas Integrated,NYQ,18.79
IHG,Consumer Cyclical,Lodging,NYQ,18.79
APTV,Consumer Cyclical,Auto Parts,NYQ,18.77
FTAI,Industrials,Rental & Leasing Services,NMS,18.66
TLN,Utilities,Utilities - Independent Power Producers,NMS,18.63
THC,Healthcare,Medical Care Facilities,NYQ,18.59
BWXT,Industrials,Aerospace & Defense,NYQ,18.58
ZG,Communication Services,Internet Content & Information,NMS,18.52
Z,Communication Services,Internet Content & Information,NMS,18.52
PKG,Consumer Cyclical,Packaging & Containers,NYQ,18.43
GMAB,Healthcare,Biotechnology,NMS,18.4
PSKY,Communication Services,Entertainment,NMS,18.33
TSN,Consumer Defensive,Farm Products,NYQ,18.28
ESS,Real Estate,REIT - Residential,NYQ,18.28
KOF,Consumer Defensive,Beverages - Non-Alcoholic,NYQ,18.27
GPC,Consumer Cyclical,Auto Parts,NYQ,18.21
GDDY,Technology,Software - Infrastructure,NYQ,18.13
CTRA,Energy,Oil & Gas E&P,NYQ,17.97
PNR,Industrials,Specialty Industrial Machinery,NYQ,17.96
EVRG,Utilities,Utilities - Regulated Electric,NMS,17.94
MKC,Consumer Defensive,Packaged Foods,NYQ,17.94
SNA,Industrials,Tools & Accessories,NYQ,17.89
INCY,Healthcare,Biotechnology,NMS,17.82
PFG,Financial Services,Asset Management,NMS,17.74
LNT,Utilities,Utilities - Regulated Electric,NMS,17.73
INVH,Real Estate,REIT - Residential,NYQ,17.7
DOW,Basic Materials,Chemicals,NYQ,17.63
AS,Consumer Cyclical,Leisure,NYQ,17.61
ACM,Industrials,Engineering & Construction,NYQ,17.6
BBY,Consumer Cyclical,Specialty Retail,NYQ,17.49
LII,Industrials,Building Products & Equipment,NYQ,17.4
SGI,Consumer Cyclical,"Furnishings, Fixtures & Appliances",NYQ,17.4
CRBG,Financial Services,Asset Management,NYQ,17.37
TWLO,Technology,Software - Infrastructure,NYQ,17.27
WY,Real Estate,REIT - Specialty,NYQ,17.24
FFIV,Technology,Software - Infrastructure,NMS,17.14
PKX,Basic Materials,Steel,NYQ,17.12
IREN,Financial Services,Capital Markets,NMS,17.11
WMG,Communication Services,Entertainment,NMS,17.11
MEDP,Healthcare,Diagnostics & Research,NMS,17.05
BCH,Financial Services,Banks - Regional,NYQ,17
ERIE,Financial Services,Insurance Brokers,NMS,16.98
BURL,Consumer Cyclical,Apparel Retail,NYQ,16.95
SBS,Utilities,Utilities - Regulated Water,NYQ,16.9
IFF,Basic Materials,Specialty Chemicals,NYQ,16.89
GEN,Technology,Software - Infrastructure,NMS,16.76
FTV,Technology,Scientific & Technical Instruments,NYQ,16.74
USFD,Consumer Defensive,Food Distribution,NYQ,16.73
CNC,Healthcare,Healthcare Plans,NYQ,16.73
MTZ,Industrials,Engineering & Construction,NYQ,16.72
NIO,Consumer Cyclical,Auto Manufacturers,NYQ,16.69
LUV,Industrials,Airlines,NYQ,16.65
TRU,Financial Services,Financial Data & Stock Exchanges,NYQ,16.62
GFL,Industrials,Waste Management,NYQ,16.56
HOLX,Healthcare,Medical Instruments & Supplies,NMS,16.47
LOGI,Technology,Computer Hardware,NMS,16.47
NVT,Industrials,Electrical Equipment & Parts,NYQ,16.45
DKNG,Consumer Cyclical,Gambling,NMS,16.38
CELH,Consumer Defensive,Beverages - Non-Alcoholic,NCM,16.33
YUMC,Consumer Cyclical,Restaurants,NYQ,16.22
SUI,Real Estate,REIT - Residential,NYQ,16.18
MAA,Real Estate,REIT - Residential,NYQ,16.08
ULS,Industrials,Specialty Business Services,NYQ,16.07
EXPD,Industrials,Integrated Freight & Logistics,NYQ,15.99
FMS,Healthcare,Medical Care Facilities,NYQ,15.99
FTI,Energy,Oil & Gas Equipment & Services,NYQ,15.97
WWD,Industrials,Aerospace & Defense,NMS,15.94
BIP,Utilities,Utilities - Diversified,NYQ,15.84
U,Technology,Software - Application,NYQ,15.76
RIVN,Consumer Cyclical,Auto Manufacturers,NMS,15.75
PFGC,Consumer Defensive,Food Distribution,NYQ,15.72
JBHT,Industrials,Integrated Freight & Logistics,NMS,15.72
GLXY,Financial Services,Capital Markets,NMS,15.72
BSY,Technology,Software - Application,NMS,15.71
ZBRA,Technology,Communication Equipment,NMS,15.7
OKTA,Technology,Software - Infrastructure,NMS,15.7
CRS,Industrials,Metal Fabrication,NYQ,15.65
WES,Energy,Oil & Gas Midstream,NYQ,15.64
SNN,Healthcare,Medical Devices,NYQ,15.58
FNF,Financial Services,Insurance - Specialty,NYQ,15.52
TEM,Healthcare,Health Information Services,NMS,15.5
NWS,Communication Services,Entertainment,NMS,15.47
NWSA,Communication Services,Entertainment,NMS,15.47
RGLD,Basic Materials,Gold,NMS,15.4
ILMN,Healthcare,Diagnostics & Research,NMS,15.39
KTOS,Industrials,Aerospace & Defense,NMS,15.39
TKO,Communication Services,Entertainment,NYQ,15.35
PAAS,Basic Materials,Gold,NYQ,15.35
LYB,Basic Materials,Specialty Chemicals,NYQ,15.31
OMC,Communication Services,Advertising Agencies,NYQ,15.25
ZTO,Industrials,Integrated Freight & Logistics,NYQ,15.22
RBRK,Technology,Software - Infrastructure,NYQ,15.2
DT,Technology,Software - Application,NYQ,15.17
KIM,Real Estate,REIT - Retail,NYQ,15.13
FN,Technology,Electronic Components,NYQ,15.08
JLL,Real Estate,Real Estate Services,NYQ,15.02
NXT,Technology,Solar,NMS,14.92
CHRW,Industrials,Integrated Freight & Logistics,NMS,14.89
KSPI,Technology,Software - Infrastructure,NMS,14.83
RTO,Industrials,Specialty Business Services,NYQ,14.81
XPO,Industrials,Trucking,NYQ,14.81
EMA,Utilities,Utilities - Regulated Electric,NYQ,14.8
WSO,Industrials,Industrial Distribution,NYQ,14.79
EQH,Financial Services,Asset Management,NYQ,14.64
EG,Financial Services,Insurance - Reinsurance,NYQ,14.64
WPC,Real Estate,REIT - Diversified,NYQ,14.63
COO,Healthcare,Medical Instruments & Supplies,NMS,14.61
CHWY,Consumer Cyclical,Internet Retail,NYQ,14.56
RS,Basic Materials,Steel,NYQ,14.52
KLAR,Technology,Software - Infrastructure,NYQ,14.51
CSL,Industrials,Building Products & Equipment,NYQ,14.49
APG,Industrials,Engineering & Construction,NYQ,14.46
ALLE,Industrials,Security & Protection Services,NYQ,14.39
DOCU,Technology,Software - Application,NMS,14.38
JOBY,Industrials,Airports & Air Services,NYQ,14.37
SMMT,Healthcare,Biotechnology,NGM,14.35
TXT,Industrials,Aerospace & Defense,NYQ,14.31
DUOL,Technology,Software - Application,NMS,14.3
RPM,Basic Materials,Specialty Chemicals,NYQ,14.3
NBIX,Healthcare,Drug Manufacturers - Specialty & Generic,NMS,14.28
MAS,Industrials,Building Products & Equipment,NYQ,14.27
NLY,Real Estate,REIT - Mortgage,NYQ,14.27
H,Consumer Cyclical,Lodging,NYQ,14.21
ROKU,Communication Services,Entertainment,NMS,14.19
ARCC,Financial Services,Asset Management,NMS,14.16
AVY,Consumer Cyclical,Packaging & Containers,NYQ,14.16
EWBC,Financial Services,Banks - Regional,NMS,14.13
CLX,Consumer Defensive,Household & Personal Products,NYQ,14.11
CIB,Financial Services,Banks - Regional,NYQ,14.11
BNT,Financial Services,Insurance - Diversified,NYQ,14.1
AMH,Real Estate,REIT - Residential,NYQ,14.09
BMNR,Financial Services,Capital Markets,ASE,14.09
JBS,Consumer Defensive,Packaged Foods,NYQ,14.07
RYAN,Financial Services,Insurance - Specialty,NYQ,14.05
DPZ,Consumer Cyclical,Restaurants,NMS,14.02
CF,Basic Materials,Agricultural Inputs,NYQ,14.01
HLI,Financial Services,Capital Markets,NYQ,13.99
ENTG,Technology,Semiconductor Equipment & Materials,NMS,13.86
ITT,Industrials,Specialty Industrial Machinery,NYQ,13.76
BLDR,Industrials,Building Products & Equipment,NYQ,13.71
UDR,Real Estate,REIT - Residential,NYQ,13.68
GGG,Industrials,Specialty Industrial Machinery,NYQ,13.66
YMM,Technology,Software - Application,NYQ,13.64
SN,Consumer Cyclical,"Furnishings, Fixtures & Appliances",NYQ,13.64
ONON,Consumer Cyclical,Footwear & Accessories,NYQ,13.62
ICLR,Healthcare,Diagnostics & Research,NMS,13.6
CX,Basic Materials,Building Materials,NYQ,13.58
BALL,Consumer Cyclical,Packaging & Containers,NYQ,13.56
LTM,Industrials,Airlines,NYQ,13.54
CNH,Industrials,Farm & Heavy Construction Machinery,NYQ,13.48
SNAP,Communication Services,Internet Content & Information,NYQ,13.43
UHS,Healthcare,Medical Care Facilities,NYQ,13.41
LECO,Industrials,Tools & Accessories,NMS,13.34
BSAC,Financial Services,Banks - Regional,NYQ,13.33
TOL,Consumer Cyclical,Residential Construction,NYQ,13.29
AGI,Basic Materials,Gold,NYQ,13.28
REG,Real Estate,REIT - Retail,NMS,13.27
NDSN,Industrials,Specialty Industrial Machinery,NMS,13.25
ARE,Real Estate,REIT - Office,NYQ,13.22
WF,Financial Services,Banks - Regional,NYQ,13.22
CLH,Industrials,Waste Management,NYQ,13.16
BXP,Real Estate,REIT - Office,NYQ,13.12
HRL,Consumer Defensive,Packaged Foods,NYQ,13.11
WYNN,Consumer Cyclical,Resorts & Casinos,NMS,13.06
DOC,Real Estate,REIT - Healthcare Facilities,NYQ,13.04
MGA,Consumer Cyclical,Auto Parts,NYQ,13.03
RBC,Industrials,Tools & Accessories,NYQ,13.01
UNM,Financial Services,Insurance - Life,NYQ,12.96
JHX,Basic Materials,Building Materials,NYQ,12.94
CACI,Technology,Information Technology Services,NYQ,12.93
DECK,Consumer Cyclical,Footwear & Accessories,NYQ,12.9
ALLY,Financial Services,Credit Services,NYQ,12.87
STN,Industrials,Engineering & Construction,NYQ,12.79
BLD,Industrials,Engineering & Construction,NYQ,12.72
LITE,Technology,Communication Equipment,NMS,12.71
EHC,Healthcare,Medical Care Facilities,NYQ,12.7
GLPI,Real Estate,REIT - Specialty,NMS,12.68
IEX,Industrials,Specialty Industrial Machinery,NYQ,12.64
SNX,Technology,Electronics & Computer Distribution,NYQ,12.62
RGTI,Technology,Computer Hardware,NCM,12.59
MP,Basic Materials,Other Industrial Metals & Mining,NYQ,12.54
DOCS,Healthcare,Health Information Services,NYQ,12.52
RGA,Financial Services,Insurance - Reinsurance,NYQ,12.52
EVR,Financial Services,Capital Markets,NYQ,12.51
ROIV,Healthcare,Biotechnology,NMS,12.44
SAIL,Technology,Software - Infrastructure,NMS,12.44
ALB,Basic Materials,Specialty Chemicals,NYQ,12.43
QXO,Industrials,Industrial Distribution,NYQ,12.39
SOLV,Healthcare,Medical Instruments & Supplies,NYQ,12.39
ELS,Real Estate,REIT - Residential,NYQ,12.33
ATI,Industrials,Metal Fabrication,NYQ,12.3
CNA,Financial Services,Insurance - Property & Casualty,NYQ,12.29
OHI,Real Estate,REIT - Healthcare Facilities,NYQ,12.28
EXAS,Healthcare,Diagnostics & Research,NCM,12.24
ASND,Healthcare,Biotechnology,NMS,12.23
RDY,Healthcare,Drug Manufacturers - Specialty & Generic,NYQ,12.18
SQM,Basic Materials,Specialty Chemicals,NYQ,12.18
LAMR,Real Estate,REIT - Specialty,NMS,12.17
VNOM,Energy,Oil & Gas Midstream,NMS,12.15
BILI,Communication Services,Internet Content & Information,NMS,12.11
BJ,Consumer Defensive,Discount Stores,NYQ,12.09
VTRS,Healthcare,Drug Manufacturers - Specialty & Generic,NMS,12.07
SF,Financial Services,Capital Markets,NYQ,12.05
CDE,Basic Materials,Gold,NYQ,11.99
HTHT,Consumer Cyclical,Lodging,NMS,11.94
BEN,Financial Services,Asset Management,NYQ,11.86
BAX,Healthcare,Medical Instruments & Supplies,NYQ,11.82
PAA,Energy,Oil & Gas Midstream,NMS,11.79
ERJ,Industrials,Aerospace & Defense,NYQ,11.77
HII,Industrials,Aerospace & Defense,NYQ,11.77
MANH,Technology,Software - Application,NMS,11.74
JEF,Financial Services,Capital Markets,NYQ,11.72
AEG,Financial Services,Insurance - Diversified,NYQ,11.72
TXRH,Consumer Cyclical,Restaurants,NMS,11.66
STRL,Industrials,Engineering & Construction,NMS,11.64
WTRG,Utilities,Utilities - Regulated Water,NYQ,11.56
CCK,Consumer Cyclical,Packaging & Containers,NYQ,11.5
HST,Real Estate,REIT - Hotel & Motel,NMS,11.48
RVTY,Healthcare,Diagnostics & Research,NYQ,11.48
RNR,Financial Services,Insurance - Reinsurance,NYQ,11.46
SCI,Consumer Cyclical,Personal Services,NYQ,11.45
MLI,Industrials,Metal Fabrication,NYQ,11.43
RMBS,Technology,Semiconductors,NMS,11.34
JKHY,Technology,Information Technology Services,NMS,11.32
IONS,Healthcare,Biotechnology,NMS,11.29
AYI,Industrials,Electrical Equipment & Parts,NYQ,11.29
SUZ,Basic Materials,Paper & Paper Products,NYQ,11.27
PCOR,Technology,Software - Application,NYQ,11.26
GNRC,Industrials,Specialty Industrial Machinery,NYQ,11.26
PEGA,Technology,Software - Application,NMS,11.25
HMY,Basic Materials,Gold,NYQ,11.23
CPT,Real Estate,REIT - Residential,NYQ,11.23
PAYC,Technology,Software - Application,NYQ,11.22
QBTS,Technology,Computer Hardware,NYQ,11.17
WMS,Industrials,Building Products & Equipment,NYQ,11.15
KRMN,Industrials,Aerospace & Defense,NYQ,11.13
BAH,Industrials,Consulting Services,NYQ,11.09
COKE,Consumer Defensive,Beverages - Non-Alcoholic,NMS,11.09
CR,Industrials,Specialty Industrial Machinery,NYQ,11.04
AFG,Financial Services,Insurance - Property & Casualty,NYQ,11.03
HIMS,Healthcare,Drug Manufacturers - Specialty & Generic,NYQ,11.03
PNW,Utilities,Utilities - Regulated Electric,NYQ,11
YPF,Energy,Oil & Gas Integrated,NYQ,11
SWKS,Technology,Semiconductors,NMS,10.99
WCC,Industrials,Industrial Distribution,NYQ,10.98
POOL,Industrials,Industrial Distribution,NMS,10.96
ELAN,Healthcare,Drug Manufacturers - Specialty & Generic,NYQ,10.95
MBLY,Consumer Cyclical,Auto Parts,NMS,10.94
AGNC,Real Estate,REIT - Mortgage,NMS,10.94
PAC,Industrials,Airports & Air Services,NYQ,10.91
SJM,Consumer Defensive,Packaged Foods,NYQ,10.9
TIMB,Communication Services,Telecom Services,NYQ,10.89
PAG,Consumer Cyclical,Auto & Truck Dealerships,NYQ,10.88
SWK,Industrials,Tools & Accessories,NYQ,10.87
DAY,Technology,Software - Application,NYQ,10.82
GL,Financial Services,Insurance - Life,NYQ,10.82
CNM,Industrials,Industrial Distribution,NYQ,10.79
DRS,Industrials,Aerospace & Defense,NMS,10.78
W,Consumer Cyclical,Internet Retail,NYQ,10.77
AKAM,Technology,Software - Infrastructure,NMS,10.76
HAS,Consumer Cyclical,Leisure,NMS,10.76
ENSG,Healthcare,Medical Care Facilities,NMS,10.74
DTM,Energy,Oil & Gas Midstream,NYQ,10.73
QGEN,Healthcare,Diagnostics & Research,NYQ,10.69
AIZ,Financial Services,Insurance - Property & Casualty,NYQ,10.69
FDS,Financial Services,Financial Data & Stock Exchanges,NYQ,10.69
OC,Industrials,Building Products & Equipment,NYQ,10.68
NCLH,Consumer Cyclical,Travel Services,NYQ,10.68
PR,Energy,Oil & Gas E&P,NYQ,10.51
ARMK,Industrials,Specialty Business Services,NYQ,10.51
AVTR,Healthcare,Medical Instruments & Supplies,NYQ,10.5
MTSI,Technology,Semiconductors,NMS,10.49
BMRN,Healthcare,Biotechnology,NMS,10.46
FHN,Financial Services,Banks - Regional,NYQ,10.44
GME,Consumer Cyclical,Specialty Retail,NYQ,10.44
MRNA,Healthcare,Biotechnology,NMS,10.44
EXEL,Healthcare,Biotechnology,NMS,10.42
SFM,Consumer Defensive,Grocery Stores,NMS,10.38
BBIO,Healthcare,Biotechnology,NMS,10.37
AES,Utilities,Utilities - Diversified,NYQ,10.36
CART,Consumer Cyclical,Internet Retail,NMS,10.31
TECH,Healthcare,Biotechnology,NMS,10.26
IVZ,Financial Services,Asset Management,NYQ,10.26
BZ,Communication Services,Internet Content & Information,NMS,10.25
ACI,Consumer Defensive,Grocery Stores,NYQ,10.24
NVMI,Technology,Semiconductor Equipment & Materials,NMS,10.23
AA,Basic Materials,Aluminum,NYQ,10.21
DINO,Energy,Oil & Gas Refining & Marketing,NYQ,10.2
MNDY,Technology,Software - Application,NMS,10.18
RVMD,Healthcare,Biotechnology,NMS,10.18
WLK,Basic Materials,Specialty Chemicals,NYQ,10.16
LINE,Real Estate,REIT - Industrial,NMS,10.16
AR,Energy,Oil & Gas E&P,NYQ,10.1
ORI,Financial Services,Insurance - Property & Casualty,NYQ,10.07
REXR,Real Estate,REIT - Industrial,NYQ,10.06
SEIC,Financial Services,Asset Management,NMS,10.04
OTEX,Technology,Software - Application,NMS,10.02
CMA,Financial Services,Banks - Regional,NYQ,9.98
IPG,Communication Services,Advertising Agencies,NYQ,9.91
PEN,Healthcare,Medical Devices,NYQ,9.87
AIT,Industrials,Industrial Distribution,NYQ,9.83
KNSL,Financial Services,Insurance - Property & Casualty,NYQ,9.83
ALGN,Healthcare,Medical Instruments & Supplies,NMS,9.8
RRX,Industrials,Specialty Industrial Machinery,NYQ,9.78
IDCC,Technology,Software - Application,NMS,9.77
CRL,Healthcare,Diagnostics & Research,NYQ,9.7
OVV,Energy,Oil & Gas E&P,NYQ,9.69
SARO,Industrials,Aerospace & Defense,NYQ,9.68
AOS,Industrials,Specialty Industrial Machinery,NYQ,9.65
DCI,Industrials,Specialty Industrial Machinery,NYQ,9.64
CUBE,Real Estate,REIT - Industrial,NYQ,9.64
FRHC,Financial Services,Financial Conglomerates,NCM,9.63
UHAL,Industrials,Rental & Leasing Services,NYQ,9.6
MKSI,Technology,Scientific & Technical Instruments,NMS,9.6
SPXC,Industrials,Building Products & Equipment,NYQ,9.59
EDU,Consumer Defensive,Education & Training Services,NYQ,9.58
PSO,Communication Services,Publishing,NYQ,9.56
MOS,Basic Materials,Agricultural Inputs,NYQ,9.52
QS,Consumer Cyclical,Auto Parts,NYQ,9.52
BWA,Consumer Cyclical,Auto Parts,NYQ,9.52
AUR,Technology,Information Technology Services,NMS,9.5
DDS,Consumer Cyclical,Department Stores,NYQ,9.47
LSCC,Technology,Semiconductors,NMS,9.47
UWMC,Financial Services,Mortgage Finance,NYQ,9.45
EGP,Real Estate,REIT - Industrial,NYQ,9.45
FYBR,Communication Services,Telecom Services,NMS,9.4
MDGL,Healthcare,Biotechnology,NMS,9.39
ESTC,Technology,Software - Application,NYQ,9.37
BROS,Consumer Cyclical,Restaurants,NYQ,9.36
RGEN,Healthcare,Medical Instruments & Supplies,NMS,9.36
APLD,Technology,Information Technology Services,NMS,9.35
OGE,Utilities,Utilities - Regulated Electric,NYQ,9.34
WBS,Financial Services,Banks - Regional,NYQ,9.31
WTS,Industrials,Specialty Industrial Machinery,NYQ,9.29
NYT,Communication Services,Publishing,NYQ,9.28
XP,Financial Services,Capital Markets,NMS,9.26
MORN,Financial Services,Financial Data & Stock Exchanges,NMS,9.26
LW,Consumer Defensive,Packaged Foods,NYQ,9.25
DVA,Healthcare,Medical Care Facilities,NYQ,9.24
CPB,Consumer Defensive,Packaged Foods,NMS,9.21
CAE,Industrials,Aerospace & Defense,NYQ,9.2
DOX,Technology,Software - Infrastructure,NMS,9.18
SSB,Financial Services,Banks - Regional,NYQ,9.15
TTAN,Technology,Software - Application,NMS,9.15
ASR,Industrials,Airports & Air Services,NYQ,9.13
AAL,Industrials,Airlines,NMS,9.1
VIPS,Consumer Cyclical,Internet Retail,NYQ,9.07
GIL,Consumer Cyclical,Apparel Manufacturing,NYQ,9.02
GH,Healthcare,Diagnostics & Research,NMS,9
TAP,Consumer Defensive,Beverages - Brewers,NYQ,8.99
PSN,Technology,Information Technology Services,NYQ,8.99
KT,Communication Services,Telecom Services,NYQ,8.97
GTLS,Industrials,Specialty Industrial Machinery,NYQ,8.97
RRC,Energy,Oil & Gas E&P,NYQ,8.96
MGM,Consumer Cyclical,Resorts & Casinos,NYQ,8.93
OSK,Industrials,Farm & Heavy Construction Machinery,NYQ,8.93
BIO,Healthcare,Medical Devices,NYQ,8.92
PPC,Consumer Defensive,Packaged Foods,NMS,8.9
TTEK,Industrials,Engineering & Construction,NMS,8.88
EPAM,Technology,Information Technology Services,NYQ,8.88
AWI,Industrials,Building Products & Equipment,NYQ,8.8
FRT,Real Estate,REIT - Retail,NYQ,8.79
ALV,Consumer Cyclical,Auto Parts,NYQ,8.79
RZB,,,NYQ,8.78
CAG,Consumer Defensive,Packaged Foods,NYQ,8.75
PATH,Technology,Software - Infrastructure,NYQ,8.75
WAL,Financial Services,Banks - Regional,NYQ,8.75
CAI,Healthcare,Biotechnology,NMS,8.74
APPF,Technology,Software - Application,NGM,8.7
GAP,Consumer Cyclical,Apparel Retail,NYQ,8.7
HL,Basic Materials,Other Precious Metals & Mining,NYQ,8.68
IESC,Industrials,Engineering & Construction,NGM,8.68
AAON,Industrials,Building Products & Equipment,NMS,8.66
EQX,Basic Materials,Gold,ASE,8.65
WTFC,Financial Services,Banks - Regional,NMS,8.64
UMBF,Financial Services,Banks - Regional,NMS,8.62
ADC,Real Estate,REIT - Retail,NYQ,8.62
FIVE,Consumer Cyclical,Specialty Retail,NMS,8.62
BRX,Real Estate,REIT - Retail,NYQ,8.61
NTSK,Technology,Software - Infrastructure,NMS,8.59
PRI,Financial Services,Insurance - Life,NYQ,8.56
MMYT,Consumer Cyclical,Travel Services,NMS,8.53
AM,Energy,Oil & Gas Midstream,NYQ,8.53
APA,Energy,Oil & Gas E&P,NMS,8.53
FIGR,Financial Services,Capital Markets,NMS,8.52
TSEM,Technology,Semiconductors,NMS,8.5
LAD,Consumer Cyclical,Auto & Truck Dealerships,NYQ,8.5
ATR,Healthcare,Medical Instruments & Supplies,NYQ,8.49
ICL,Basic Materials,Agricultural Inputs,NYQ,8.47
MOD,Consumer Cyclical,Auto Parts,NYQ,8.47
CIGI,Real Estate,Real Estate Services,NMS,8.46
SFD,Consumer Defensive,Packaged Foods,NMS,8.46
DY,Industrials,Engineering & Construction,NYQ,8.45
GMED,Healthcare,Medical Devices,NYQ,8.41
JAZZ,Healthcare,Biotechnology,NMS,8.4
QRVO,Technology,Semiconductors,NMS,8.4
MOH,Healthcare,Healthcare Plans,NYQ,8.39
PRMB,Consumer Defensive,Beverages - Non-Alcoholic,NYQ,8.34
LYFT,Technology,Software - Application,NMS,8.32
HQY,Healthcare,Health Information Services,NMS,8.31
LUMN,Communication Services,Telecom Services,NYQ,8.3
PLNT,Consumer Cyclical,Leisure,NYQ,8.29
DSGX,Technology,Software - Application,NMS,8.29
PCTY,Technology,Software - Application,NMS,8.28
VMI,Industrials,Conglomerates,NYQ,8.25
ONB,Financial Services,Banks - Regional,NMS,8.23
NICE,Technology,Software - Application,NMS,8.23
VNO,Real Estate,REIT - Office,NYQ,8.22
CIFR,Financial Services,Capital Markets,NMS,8.13
CGNX,Technology,Scientific & Technical Instruments,NMS,8.12
LEVI,Consumer Cyclical,Apparel Manufacturing,NYQ,8.12
AGCO,Industrials,Farm & Heavy Construction Machinery,NYQ,8.11
AMKR,Technology,Semiconductor Equipment & Materials,NMS,8.1
GTLB,Technology,Software - Infrastructure,NMS,8.09
MASI,Healthcare,Medical Devices,NMS,8.03
CFR,Financial Services,Banks - Regional,NYQ,8.03
GRFS,Healthcare,Drug Manufacturers - General,NMS,8
SRAD,Technology,Software - Application,NMS,8
SKM,Communication Services,Telecom Services,NYQ,7.97
NNN,Real Estate,REIT - Retail,NYQ,7.96
BLSH,Technology,Software - Infrastructure,NYQ,7.93
LKQ,Consumer Cyclical,Auto Parts,NMS,7.92
DBX,Technology,Software - Infrastructure,NMS,7.92
RIOT,Financial Services,Capital Markets,NCM,7.92
FLR,Industrials,Engineering & Construction,NYQ,7.91
TIGO,Communication Services,Telecom Services,NMS,7.91
SBSW,Basic Materials,Other Precious Metals & Mining,NYQ,7.88
KVYO,Technology,Software - Infrastructure,NYQ,7.88
RGC,Healthcare,Drug Manufacturers - Specialty & Generic,NCM,7.86
CFLT,Technology,Software - Infrastructure,NMS,7.86
MTCH,Communication Services,Internet Content & Information,NMS,7.85
WIX,Technology,Software - Infrastructure,NMS,7.85
ZION,Financial Services,Banks - Regional,NMS,7.84
CTRE,Real Estate,REIT - Healthcare Facilities,NYQ,7.83
STEP,Financial Services,Asset Management,NMS,7.83
FND,Consumer Cyclical,Home Improvement Retail,NYQ,7.81
PDI,Financial Services,Asset Management,NYQ,7.78
ZWS,Industrials,Pollution & Treatment Controls,NYQ,7.77
HALO,Healthcare,Biotechnology,NMS,7.74
HSIC,Healthcare,Medical Distribution,NMS,7.74
ZK,Consumer Cyclical,Auto Manufacturers,NYQ,7.73
SAIA,Industrials,Trucking,NMS,7.73
BIRK,Consumer Cyclical,Footwear & Accessories,NYQ,7.72
PRIM,Industrials,Engineering & Construction,NYQ,7.69
TAL,Consumer Defensive,Education & Training Services,NYQ,7.67
FR,Real Estate,REIT - Industrial,NYQ,7.66
LOAR,Industrials,Aerospace & Defense,NYQ,7.65
AEIS,Industrials,Electrical Equipment & Parts,NMS,7.64
COLB,Financial Services,Banks - Regional,NMS,7.64
CORT,Healthcare,Biotechnology,NCM,7.64
FSS,Industrials,Pollution & Treatment Controls,NYQ,7.62
BPOP,Financial Services,Banks - Regional,NMS,7.62
INFA,Technology,Software - Infrastructure,NYQ,7.58
INGR,Consumer Defensive,Packaged Foods,NYQ,7.58
EXP,Basic Materials,Building Materials,NYQ,7.57
LNC,Financial Services,Insurance - Life,NYQ,7.57
CVLT,Technology,Software - Application,NMS,7.55
TFII,Industrials,Trucking,NYQ,7.53
VFS,Consumer Cyclical,Auto Manufacturers,NMS,7.53
FSV,Real Estate,Real Estate Services,NMS,7.5
AHR,Real Estate,REIT - Healthcare Facilities,NYQ,7.47
MHK,Consumer Cyclical,"Furnishings, Fixtures & Appliances",NYQ,7.45
WAY,Healthcare,Health Information Services,NMS,7.44
STUB,Communication Services,Internet Content & Information,NYQ,7.4
NFG,Energy,Oil & Gas Integrated,NYQ,7.38
CAVA,Consumer Cyclical,Restaurants,NYQ,7.37
STAG,Real Estate,REIT - Industrial,NYQ,7.37
KNX,Industrials,Trucking,NYQ,7.36
LIF,Technology,Software - Application,NMS,7.36
RYTM,Healthcare,Biotechnology,NGM,7.34
SUN,Energy,Oil & Gas Refining & Marketing,NYQ,7.34
SOUN,Technology,Software - Application,NGM,7.33
MUSA,Consumer Cyclical,Specialty Retail,NYQ,7.32
ETSY,Consumer Cyclical,Internet Retail,NYQ,7.32
ACHR,Industrials,Aerospace & Defense,NYQ,7.31
SSD,Basic Materials,Lumber & Wood Production,NYQ,7.3
TTC,Industrials,Tools & Accessories,NYQ,7.3
AN,Consumer Cyclical,Auto & Truck Dealerships,NYQ,7.3
IDA,Utilities,Utilities - Regulated Electric,NYQ,7.3
BEPC,Utilities,Utilities - Renewable,NYQ,7.3
ESAB,Industrials,Metal Fabrication,NYQ,7.29
ELP,Utilities,Utilities - Regulated Electric,NYQ,7.28
IBP,Consumer Cyclical,Residential Construction,NYQ,7.28
ELPC,Utilities,Utilities - Regulated Electric,NYQ,7.28
PJT,Financial Services,Capital Markets,NYQ,7.26
UGI,Utilities,Utilities - Regulated Gas,NYQ,7.25
MARA,Financial Services,Capital Markets,NCM,7.24
WING,Consumer Cyclical,Restaurants,NMS,7.23
SIRI,Communication Services,Entertainment,NMS,7.21
EMN,Basic Materials,Specialty Chemicals,NYQ,7.2
MRUS,Healthcare,Biotechnology,NGM,7.19
ADT,Industrials,Security & Protection Services,NYQ,7.18
OLLI,Consumer Defensive,Discount Stores,NGM,7.18
RNA,Healthcare,Biotechnology,NGM,7.17
ABVX,Healthcare,Biotechnology,NGM,7.16
VIRT,Financial Services,Capital Markets,NYQ,7.14
STVN,Healthcare,Medical Instruments & Supplies,NYQ,7.13
SANM,Technology,Electronic Components,NMS,7.13
AXS,Financial Services,Insurance - Specialty,NYQ,7.12
HESM,Energy,Oil & Gas Midstream,NYQ,7.11
AL,Industrials,Rental & Leasing Services,NYQ,7.11
TX,Basic Materials,Steel,NYQ,7.1
VOYA,Financial Services,Financial Conglomerates,NYQ,7.09
CBSH,Financial Services,Banks - Regional,NMS,7.08
NEU,Basic Materials,Specialty Chemicals,NYQ,7.07
CHDN,Consumer Cyclical,Gambling,NMS,7.04
STWD,Real Estate,REIT - Mortgage,NYQ,7.02
CHYM,Technology,Software - Application,NMS,7.01
OLED,Technology,Electronic Components,NMS,6.99
VRNS,Technology,Software - Infrastructure,NMS,6.98
FLS,Industrials,Specialty Industrial Machinery,NYQ,6.98
LEU,Energy,Uranium,ASE,6.97
SITM,Technology,Semiconductors,NGM,6.97
ELF,Consumer Defensive,Household & Personal Products,NYQ,6.97
CYTK,Healthcare,Biotechnology,NMS,6.92
ALSN,Consumer Cyclical,Auto Parts,NYQ,6.92
JXN,Financial Services,Insurance - Life,NYQ,6.92
BTG,Basic Materials,Gold,ASE,6.89
G,Technology,Information Technology Services,NYQ,6.88
PFSI,Financial Services,Mortgage Finance,NYQ,6.88
PI,Technology,Semiconductors,NMS,6.86
PNFP,Financial Services,Banks - Regional,NMS,6.85
MNSO,Consumer Cyclical,Specialty Retail,NYQ,6.85
FCFS,Financial Services,Credit Services,NMS,6.84
IAG,Basic Materials,Gold,NYQ,6.83
QMMM,Communication Services,Advertising Agencies,NCM,6.83
AMG,Financial Services,Asset Management,NYQ,6.83
CADE,Financial Services,Banks - Regional,NYQ,6.8
OMF,Financial Services,Credit Services,NYQ,6.79
CMC,Basic Materials,Steel,NYQ,6.78
JBTM,Industrials,Specialty Industrial Machinery,NYQ,6.76
FOUR,Technology,Software - Infrastructure,NYQ,6.74
NUVL,Healthcare,Biotechnology,NMS,6.73
GTES,Industrials,Specialty Industrial Machinery,NYQ,6.73
BOKF,Financial Services,Banks - Regional,NMS,6.72
MIDD,Industrials,Specialty Industrial Machinery,NMS,6.72
CRUS,Technology,Semiconductors,NMS,6.7
OTF,Financial Services,Asset Management,NYQ,6.69
HRB,Consumer Cyclical,Personal Services,NYQ,6.68
LFUS,Technology,Electronic Components,NMS,6.67
EXLS,Technology,Information Technology Services,NMS,6.66
HLNE,Financial Services,Asset Management,NMS,6.66
OBDC,Financial Services,Asset Management,NYQ,6.66
LRN,Consumer Defensive,Education & Training Services,NYQ,6.64
HR,Real Estate,REIT - Healthcare Facilities,NYQ,6.64
ROAD,Industrials,Engineering & Construction,NMS,6.62
REZI,Industrials,Industrial Distribution,NYQ,6.62
UEC,Energy,Uranium,ASE,6.6
ONTO,Technology,Semiconductor Equipment & Materials,NYQ,6.6
KD,Technology,Information Technology Services,NYQ,6.59
GDS,Technology,Information Technology Services,NGM,6.58
MSA,Industrials,Security & Protection Services,NYQ,6.58
PONY,Technology,Information Technology Services,NMS,6.56
R,Industrials,Rental & Leasing Services,NYQ,6.51
KMX,Consumer Cyclical,Auto & Truck Dealerships,NYQ,6.5
CLF,Basic Materials,Steel,NYQ,6.5
FAF,Financial Services,Insurance - Specialty,NYQ,6.49
JHG,Financial Services,Asset Management,NYQ,6.49
LPX,Industrials,Building Products & Equipment,NYQ,6.46
AXSM,Healthcare,Biotechnology,NGM,6.46
DLB,Industrials,Specialty Business Services,NYQ,6.46
ORA,Utilities,Utilities - Renewable,NYQ,6.43
RDNT,Healthcare,Diagnostics & Research,NGM,6.43
SNV,Financial Services,Banks - Regional,NYQ,6.4
MKTX,Financial Services,Capital Markets,NMS,6.37
LNW,Consumer Cyclical,Gambling,NMS,6.37
VFC,Consumer Cyclical,Apparel Manufacturing,NYQ,6.37
CHE,Healthcare,Medical Care Facilities,NYQ,6.36
GGB,Basic Materials,Steel,NYQ,6.34
ESI,Basic Materials,Specialty Chemicals,NYQ,6.33
BYD,Consumer Cyclical,Resorts & Casinos,NYQ,6.32
AG,Basic Materials,Silver,NYQ,6.31
MTG,Financial Services,Insurance - Specialty,NYQ,6.31
TRNO,Real Estate,REIT - Industrial,NYQ,6.3
AXTA,Basic Materials,Specialty Chemicals,NYQ,6.29
VNT,Technology,Scientific & Technical Instruments,NYQ,6.29
CWEN,Utilities,Utilities - Renewable,NYQ,6.29
OR,Basic Materials,Gold,NYQ,6.28
HBM,Basic Materials,Copper,NYQ,6.27
CIG,Utilities,Utilities - Diversified,NYQ,6.27
GXO,Industrials,Integrated Freight & Logistics,NYQ,6.26
BVN,Basic Materials,Other Precious Metals & Mining,NYQ,6.25
THG,Financial Services,Insurance - Property & Casualty,NYQ,6.25
MIR,Industrials,Specialty Industrial Machinery,NYQ,6.21
ITRI,Technology,Scientific & Technical Instruments,NMS,6.21
CWAN,Technology,Software - Application,NYQ,6.19
EPRT,Real Estate,REIT - Retail,NYQ,6.19
ARW,Technology,Electronics & Computer Distribution,NYQ,6.18
PIPR,Financial Services,Capital Markets,NYQ,6.18
BXSL,Financial Services,Asset Management,NYQ,6.17
VLY,Financial Services,Banks - Regional,NMS,6.16
CRSP,Healthcare,Biotechnology,NGM,6.15
LOPE,Consumer Defensive,Education & Training Services,NMS,6.13
FBIN,Industrials,Building Products & Equipment,NYQ,6.1
URBN,Consumer Cyclical,Apparel Retail,NMS,6.08
TTMI,Technology,Electronic Components,NMS,6.07
RRR,Consumer Cyclical,Resorts & Casinos,NMS,6.05
ESNT,Financial Services,Insurance - Specialty,NYQ,6.05
BTSG,Healthcare,Health Information Services,NMS,6.03
SGHC,Consumer Cyclical,Gambling,NYQ,6.03
BOOT,Consumer Cyclical,Apparel Retail,NYQ,6.02
TXNM,Utilities,Utilities - Regulated Electric,NYQ,5.99
PB,Financial Services,Banks - Regional,NYQ,5.99
TFPM,Basic Materials,Other Precious Metals & Mining,NYQ,5.94
MAT,Consumer Cyclical,Leisure,NMS,5.94
CORZ,Technology,Software - Infrastructure,NMS,5.94
POST,Consumer Defensive,Packaged Foods,NYQ,5.94
CCCS,Technology,Software - Application,NMS,5.93
BRKR,Healthcare,Medical Devices,NMS,5.92
S,Technology,Software - Infrastructure,NYQ,5.92
OPEN,Real Estate,Real Estate Services,NMS,5.91
TMHC,Consumer Cyclical,Residential Construction,NYQ,5.9
SWX,Utilities,Utilities - Regulated Gas,NYQ,5.9
GLBE,Consumer Cyclical,Internet Retail,NMS,5.88
LEGN,Healthcare,Biotechnology,NMS,5.88
SMTC,Technology,Semiconductors,NMS,5.88
GGAL,Financial Services,Banks - Regional,NCM,5.85
THO,Consumer Cyclical,Recreational Vehicles,NYQ,5.83
TFX,Healthcare,Medical Instruments & Supplies,NYQ,5.83
FROG,Technology,Software - Application,NMS,5.82
IRTC,Healthcare,Medical Devices,NMS,5.8
HXL,Industrials,Aerospace & Defense,NYQ,5.79
NXST,Communication Services,Broadcasting,NMS,5.78
RITM,Real Estate,REIT - Mortgage,NYQ,5.76
GATX,Industrials,Rental & Leasing Services,NYQ,5.75
BFAM,Consumer Cyclical,Personal Services,NYQ,5.74
GSAT,Communication Services,Telecom Services,NMS,5.73
ALGM,Technology,Semiconductors,NMS,5.72
NXE,Energy,Uranium,NYQ,5.72
ESE,Technology,Scientific & Technical Instruments,NYQ,5.71
GBCI,Financial Services,Banks - Regional,NYQ,5.7
LTH,Consumer Cyclical,Leisure,NYQ,5.7
BULL,Technology,Software - Application,NCM,5.69
CACC,Financial Services,Credit Services,NMS,5.69
KBR,Industrials,Engineering & Construction,NYQ,5.68
LCID,Consumer Cyclical,Auto Manufacturers,NMS,5.68
EAT,Consumer Cyclical,Restaurants,NYQ,5.66
WH,Consumer Cyclical,Lodging,NYQ,5.65
RLI,Financial Services,Insurance - Property & Casualty,NYQ,5.63
CWST,Industrials,Waste Management,NMS,5.62
WULF,Financial Services,Capital Markets,NCM,5.62
SLM,Financial Services,Credit Services,NMS,5.61
SITE,Industrials,Industrial Distribution,NYQ,5.58
FNB,Financial Services,Banks - Regional,NYQ,5.58
BBWI,Consumer Cyclical,Specialty Retail,NYQ,5.57
BLCO,Healthcare,Medical Instruments & Supplies,NYQ,5.56
ATGE,Consumer Defensive,Education & Training Services,NYQ,5.56
CAR,Industrials,Rental & Leasing Services,NMS,5.53
MTSR,Healthcare,Biotechnology,NMS,5.53
BMI,Technology,Scientific & Technical Instruments,NYQ,5.52
ATAT,Consumer Cyclical,Lodging,NMS,5.5
MSGS,Communication Services,Entertainment,NYQ,5.49
RHP,Real Estate,REIT - Hotel & Motel,NYQ,5.49
GPI,Consumer Cyclical,Auto & Truck Dealerships,NYQ,5.49
AMTM,Industrials,Specialty Business Services,NYQ,5.49
MTN,Consumer Cyclical,Resorts & Casinos,NYQ,5.48
PCVX,Healthcare,Biotechnology,NMS,5.48
WEX,Technology,Software - Infrastructure,NYQ,5.48
DAR,Consumer Defensive,Packaged Foods,NYQ,5.47
CAMT,Technology,Semiconductor Equipment & Materials,NGM,5.45
SOBO,Energy,Oil & Gas Midstream,NYQ,5.45
CLSK,Financial Services,Capital Markets,NCM,5.44
TKR,Industrials,Tools & Accessories,NYQ,5.44
LEA,Consumer Cyclical,Auto Parts,NYQ,5.42
ACT,Financial Services,Insurance - Specialty,NMS,5.41
KRYS,Healthcare,Biotechnology,NMS,5.39
HOMB,Financial Services,Banks - Regional,NYQ,5.39
UFPI,Basic Materials,Lumber & Wood Production,NMS,5.38
ALH,Consumer Cyclical,"Furnishings, Fixtures & Appliances",NYQ,5.38
MRP,Real Estate,REIT - Residential,NYQ,5.38
ENIC,Utilities,Utilities - Regulated Electric,NYQ,5.35
CHRD,Energy,Oil & Gas E&P,NMS,5.3
EGO,Basic Materials,Gold,NYQ,5.29
TGTX,Healthcare,Biotechnology,NCM,5.29
BIPC,Utilities,Utilities - Regulated Gas,NYQ,5.29
PTCT,Healthcare,Biotechnology,NMS,5.27
TKC,Communication Services,Telecom Services,NYQ,5.27
MC,Financial Services,Capital Markets,NYQ,5.26
SR,Utilities,Utilities - Regulated Gas,NYQ,5.25
ARWR,Healthcare,Biotechnology,NMS,5.25
TREX,Industrials,Building Products & Equipment,NYQ,5.24
CRK,Energy,Oil & Gas E&P,NYQ,5.24
FRO,Energy,Oil & Gas Midstream,NYQ,5.24
WPP,Communication Services,Advertising Agencies,NYQ,5.23
SNEX,Financial Services,Capital Markets,NMS,5.22
CPA,Industrials,Airlines,NYQ,5.2
BILL,Technology,Software - Application,NYQ,5.2
ACIW,Technology,Software - Infrastructure,NMS,5.2
GNTX,Consumer Cyclical,Auto Parts,NMS,5.19
KRG,Real Estate,REIT - Retail,NYQ,5.15
WFG,Basic Materials,Lumber & Wood Production,NYQ,5.15
OZK,Financial Services,Banks - Regional,NMS,5.15
MAIN,Financial Services,Asset Management,NYQ,5.14
NOV,Energy,Oil & Gas Equipment & Services,NYQ,5.14
NGD,Basic Materials,Gold,ASE,5.14
UBSI,Financial Services,Banks - Regional,NMS,5.14
SEE,Consumer Cyclical,Packaging & Containers,NYQ,5.13
GPK,Consumer Cyclical,Packaging & Containers,NYQ,5.12
VSAT,Technology,Communication Equipment,NMS,5.12
TAC,Utilities,Utilities - Independent Power Producers,NYQ,5.12
ABTC,Financial Services,Capital Markets,NCM,5.11
INGM,Technology,Information Technology Services,NYQ,5.1
MTH,Consumer Cyclical,Residential Construction,NYQ,5.08
ABCB,Financial Services,Banks - Regional,NYQ,5.08
STNE,Technology,Software - Infrastructure,NMS,5.08
BCPC,Basic Materials,Specialty Chemicals,NMS,5.07
UPST,Financial Services,Credit Services,NMS,5.07
POR,Utilities,Utilities - Regulated Electric,NYQ,5.06
SMR,Industrials,Specialty Industrial Machinery,NYQ,5.05
WFRD,Energy,Oil & Gas Equipment & Services,NMS,5.05
ALK,Industrials,Airlines,NYQ,5.04
FLG,Financial Services,Banks - Regional,NYQ,5.03
HUT,Financial Services,Capital Markets,NMS,5.03
M,Consumer Cyclical,Department Stores,NYQ,5.03
FTDR,Consumer Cyclical,Personal Services,NMS,5.01
WK,Technology,Software - Application,NYQ,5
OSCR,Healthcare,Healthcare Plans,NYQ,4.99
BTDR,Technology,Software - Application,NCM,4.97
OGS,Utilities,Utilities - Regulated Gas,NYQ,4.97
LPL,Technology,Consumer Electronics,NYQ,4.95
MMS,Industrials,Specialty Business Services,NYQ,4.94
UUUU,Energy,Uranium,ASE,4.93
WTM,Financial Services,Insurance - Property & Casualty,NYQ,4.93
REYN,Consumer Cyclical,Packaging & Containers,NMS,4.93
DOOO,Consumer Cyclical,Recreational Vehicles,NMS,4.92
ALKS,Healthcare,Drug Manufacturers - Specialty & Generic,NMS,4.92
OMAB,Industrials,Airports & Air Services,NMS,4.92
MSM,Industrials,Industrial Distribution,NYQ,4.91
MMSI,Healthcare,Medical Instruments & Supplies,NMS,4.9
RAL,Technology,Electronic Components,NYQ,4.89
MTDR,Energy,Oil & Gas E&P,NYQ,4.89
KRC,Real Estate,REIT - Office,NYQ,4.88
FCN,Industrials,Consulting Services,NYQ,4.87
NPO,Industrials,Specialty Industrial Machinery,NYQ,4.87
AVAL,Financial Services,Banks - Regional,NYQ,4.85
KEX,Industrials,Marine Shipping,NYQ,4.85
NE,Energy,Oil & Gas Drilling,NYQ,4.85
HHH,Real Estate,Real Estate - Development,NYQ,4.85
NMRK,Real Estate,Real Estate Services,NMS,4.84
DORM,Consumer Cyclical,Auto Parts,NMS,4.83
AUB,Financial Services,Banks - Regional,NYQ,4.83
BKH,Utilities,Utilities - Regulated Gas,NYQ,4.82
BCO,Industrials,Security & Protection Services,NYQ,4.81
RUN,Technology,Solar,NMS,4.81
NNI,Financial Services,Credit Services,NYQ,4.8
BOX,Technology,Software - Infrastructure,NYQ,4.8
PECO,Real Estate,REIT - Retail,NMS,4.8
GOLF,Consumer Cyclical,Leisure,NYQ,4.79
ECG,Industrials,Engineering & Construction,NYQ,4.79
SHC,Healthcare,Diagnostics & Research,NMS,4.79
MRCY,Industrials,Aerospace & Defense,NMS,4.77
MAC,Real Estate,REIT - Retail,NYQ,4.77
SLGN,Consumer Cyclical,Packaging & Containers,NYQ,4.77
ENPH,Technology,Solar,NGM,4.74
KTB,Consumer Cyclical,Apparel Manufacturing,NYQ,4.72
HWC,Financial Services,Banks - Regional,NMS,4.72
ABG,Consumer Cyclical,Auto & Truck Dealerships,NYQ,4.71
IEP,Energy,Oil & Gas Refining & Marketing,NMS,4.7
BC,Consumer Cyclical,Recreational Vehicles,NYQ,4.7
ACLX,Healthcare,Biotechnology,NMS,4.7
BDC,Technology,Communication Equipment,NYQ,4.69
CVCO,Consumer Cyclical,Residential Construction,NMS,4.68
SIGI,Financial Services,Insurance - Property & Casualty,NMS,4.67
PTGX,Healthcare,Biotechnology,NGM,4.66
IFS,Financial Services,Banks - Regional,NYQ,4.66
ST,Technology,Scientific & Technical Instruments,NYQ,4.64
LAZ,Financial Services,Capital Markets,NYQ,4.64
SPR,Industrials,Aerospace & Defense,NYQ,4.64
SSRM,Basic Materials,Gold,NMS,4.64
NSA,Real Estate,REIT - Industrial,NYQ,4.64
RDN,Financial Services,Insurance - Specialty,NYQ,4.63
NOVT,Technology,Scientific & Technical Instruments,NMS,4.63
CZR,Consumer Cyclical,Resorts & Casinos,NMS,4.62
QLYS,Technology,Software - Infrastructure,NMS,4.62
MENS,Healthcare,Biotechnology,NGM,4.62
CNX,Energy,Oil & Gas E&P,NYQ,4.62
NJR,Utilities,Utilities - Regulated Gas,NYQ,4.62
CE,Basic Materials,Chemicals,NYQ,4.62
ACA,Industrials,Engineering & Construction,NYQ,4.6
MZTI,Consumer Defensive,Packaged Foods,NMS,4.59
GVA,Industrials,Engineering & Construction,NYQ,4.58
CLBT,Technology,Software - Infrastructure,NMS,4.56
LB,Energy,Oil & Gas Equipment & Services,NYQ,4.56
ENS,Industrials,Electrical Equipment & Parts,NYQ,4.55
AX,Financial Services,Banks - Regional,NYQ,4.55
ENLT,Utilities,Utilities - Renewable,NMS,4.54
OPCH,Healthcare,Medical Care Facilities,NMS,4.53
CROX,Consumer Cyclical,Footwear & Accessories,NMS,4.52
LSTR,Industrials,Integrated Freight & Logistics,NMS,4.51
CHH,Consumer Cyclical,Lodging,NYQ,4.5
EOSE,Industrials,Electrical Equipment & Parts,NCM,4.48
COMP,Real Estate,Real Estate Services,NYQ,4.48
ZETA,Technology,Software - Infrastructure,NYQ,4.47
AROC,Energy,Oil & Gas Equipment & Services,NYQ,4.47
TDS,Communication Services,Telecom Services,NYQ,4.47
CUZ,Real Estate,REIT - Office,NYQ,4.47
GHC,Consumer Defensive,Education & Training Services,NYQ,4.46
TMDX,Healthcare,Medical Devices,NGM,4.45
MGY,Energy,Oil & Gas E&P,NYQ,4.45
BGC,Financial Services,Capital Markets,NMS,4.45
DLO,Technology,Software - Infrastructure,NMS,4.44
DJT,Communication Services,Internet Content & Information,NGM,4.43
AQN,Utilities,Utilities - Diversified,NYQ,4.43
SLAB,Technology,Semiconductors,NMS,4.43
FFIN,Financial Services,Banks - Regional,NMS,4.42
LAUR,Consumer Defensive,Education & Training Services,NMS,4.4
POWL,Industrials,Electrical Equipment & Parts,NMS,4.4
FELE,Industrials,Specialty Industrial Machinery,NMS,4.39
MCY,Financial Services,Insurance - Property & Casualty,NYQ,4.39
RSI,Consumer Cyclical,Gambling,NYQ,4.39
HRI,Industrials,Rental & Leasing Services,NYQ,4.38
CALM,Consumer Defensive,Farm Products,NMS,4.37
OS,Technology,Software - Infrastructure,NMS,4.37
SBRA,Real Estate,REIT - Healthcare Facilities,NMS,4.34
PRAX,Healthcare,Biotechnology,NMS,4.33
SAIC,Technology,Information Technology Services,NMS,4.33
SKY,Consumer Cyclical,Residential Construction,NYQ,4.32
AKRO,Healthcare,Biotechnology,NMS,4.31
AD,Communication Services,Telecom Services,NYQ,4.31
VVV,Consumer Cyclical,Auto & Truck Dealerships,NYQ,4.29
RIG,Energy,Oil & Gas Drilling,NYQ,4.29
GKOS,Healthcare,Medical Devices,NYQ,4.28
CNR,Energy,Thermal Coal,NYQ,4.28
SIM,Basic Materials,Steel,ASE,4.27
FSK,Financial Services,Asset Management,NYQ,4.26
OSIS,Technology,Electronic Components,NMS,4.26
SPSC,Technology,Software - Application,NMS,4.25
ASB,Financial Services,Banks - Regional,NYQ,4.25
SIG,Consumer Cyclical,Luxury Goods,NYQ,4.25
VCTR,Financial Services,Asset Management,NMS,4.25
IBOC,Financial Services,Banks - Regional,NMS,4.25
GBTG,Consumer Cyclical,Travel Services,NYQ,4.24
PL,Industrials,Aerospace & Defense,NYQ,4.19
KYMR,Healthcare,Biotechnology,NGM,4.19
AVT,Technology,Electronics & Computer Distribution,NMS,4.19
TNL,Consumer Cyclical,Travel Services,NYQ,4.19
VIST,Energy,Oil & Gas E&P,NYQ,4.17
YOU,Technology,Software - Application,NYQ,4.16
BRBR,Consumer Defensive,Packaged Foods,NYQ,4.16
SSL,Basic Materials,Specialty Chemicals,NYQ,4.14
MUR,Energy,Oil & Gas E&P,NYQ,4.13
UGP,Energy,Oil & Gas Refining & Marketing,NYQ,4.13
PVH,Consumer Cyclical,Apparel Manufacturing,NYQ,4.12
CSW,Industrials,Specialty Industrial Machinery,NYQ,4.12
WHR,Consumer Cyclical,"Furnishings, Fixtures & Appliances",NYQ,4.12
PAGP,Energy,Oil & Gas Midstream,NMS,4.11
SXT,Basic Materials,Specialty Chemicals,NYQ,4.11
PHI,Communication Services,Telecom Services,NYQ,4.11
AGX,Industrials,Engineering & Construction,NYQ,4.1
EPR,Real Estate,REIT - Specialty,NYQ,4.09
WSC,Industrials,Rental & Leasing Services,NCM,4.09
MDU,Utilities,Utilities - Regulated Gas,NYQ,4.08
KBH,Consumer Cyclical,Residential Construction,NYQ,4.08
VICR,Technology,Electronic Components,NMS,4.06
SKYW,Industrials,Airlines,NMS,4.05
MWA,Industrials,Specialty Industrial Machinery,NYQ,4.05
VERX,Technology,Software - Application,NGM,4.05
VAL,Energy,Oil & Gas Equipment & Services,NYQ,4.04
VIA,Technology,Software - Application,NYQ,4.03
NAMS,Healthcare,Biotechnology,NGM,4.02
SNDR,Industrials,Trucking,NYQ,4.01
FG,Financial Services,Insurance - Life,NYQ,4
CALX,Technology,Software - Infrastructure,NYQ,4
HGV,Consumer Cyclical,Resorts & Casinos,NYQ,3.99
PII,Consumer Cyclical,Recreational Vehicles,NYQ,3.98
CRC,Energy,Oil & Gas E&P,NYQ,3.98
SON,Consumer Cyclical,Packaging & Containers,NYQ,3.98
CVI,Energy,Oil & Gas Refining & Marketing,NYQ,3.98
VEON,Communication Services,Telecom Services,NCM,3.96
INTR,Financial Services,Banks - Regional,NMS,3.96
CWK,Real Estate,Real Estate Services,NYQ,3.95
FLY,Industrials,Aerospace & Defense,NGM,3.94
SLG,Real Estate,REIT - Office,NYQ,3.94
COLD,Real Estate,REIT - Industrial,NYQ,3.92
AGO,Financial Services,Insurance - Specialty,NYQ,3.92
SHAK,Consumer Cyclical,Restaurants,NYQ,3.92
PBF,Energy,Oil & Gas Refining & Marketing,NYQ,3.91
ALE,Utilities,Utilities - Diversified,NYQ,3.91
PAY,Technology,Software - Infrastructure,NYQ,3.91
TCBI,Financial Services,Banks - Regional,NMS,3.9
IRT,Real Estate,REIT - Residential,NYQ,3.9
GLNG,Energy,Oil & Gas Midstream,NMS,3.9
QTWO,Technology,Software - Application,NYQ,3.89
HNGE,Healthcare,Health Information Services,NYQ,3.89
VKTX,Healthcare,Biotechnology,NCM,3.89
CNO,Financial Services,Insurance - Life,NYQ,3.89
PLXS,Technology,Electronic Components,NMS,3.88
CRVL,Financial Services,Insurance Brokers,NMS,3.88
SFBS,Financial Services,Banks - Regional,NYQ,3.87
CRNX,Healthcare,Biotechnology,NMS,3.86
USLM,Basic Materials,Building Materials,NMS,3.85
LMND,Financial Services,Insurance - Property & Casualty,NYQ,3.85
NWE,Utilities,Utilities - Regulated Electric,NMS,3.83
BMA,Financial Services,Banks - Regional,NYQ,3.82
TFSL,Financial Services,Banks - Regional,NMS,3.82
VRRM,Technology,Information Technology Services,NCM,3.82
DNP,Financial Services,Asset Management,NYQ,3.81
LNTH,Healthcare,Drug Manufacturers - Specialty & Generic,NGM,3.81
KC,Technology,Software - Application,NMS,3.81
LGN,Industrials,Engineering & Construction,NMS,3.8
FMC,Basic Materials,Agricultural Inputs,NYQ,3.8
CBT,Basic Materials,Specialty Chemicals,NYQ,3.8
CXT,Industrials,Specialty Industrial Machinery,NYQ,3.79
PSMT,Consumer Defensive,Discount Stores,NMS,3.79
GBDC,Financial Services,Asset Management,NMS,3.78
VSEC,Industrials,Aerospace & Defense,NMS,3.78
HGTY,Financial Services,Insurance - Property & Casualty,NYQ,3.78
ATMU,Consumer Cyclical,Auto Parts,NYQ,3.77
SKT,Real Estate,REIT - Retail,NYQ,3.77
BANF,Financial Services,Banks - Regional,NMS,3.76
QURE,Healthcare,Biotechnology,NMS,3.76
TMC,Basic Materials,Other Industrial Metals & Mining,NMS,3.76
BRC,Industrials,Security & Protection Services,NYQ,3.74
FHI,Financial Services,Asset Management,NYQ,3.73
KFY,Industrials,Staffing & Employment Services,NYQ,3.72
ACAD,Healthcare,Biotechnology,NMS,3.72
WGS,Healthcare,Diagnostics & Research,NMS,3.7
TEX,Industrials,Farm & Heavy Construction Machinery,NYQ,3.7
BNL,Real Estate,REIT - Diversified,NYQ,3.7
TENB,Technology,Software - Infrastructure,NMS,3.67
IPGP,Technology,Semiconductor Equipment & Materials,NMS,3.66
AMBA,Technology,Semiconductor Equipment & Materials,NMS,3.66
LGND,Healthcare,Biotechnology,NGM,3.65
CARG,Consumer Cyclical,Auto & Truck Dealerships,NMS,3.65
NP,Financial Services,Insurance Brokers,NYQ,3.64
UCB,Financial Services,Banks - Regional,NYQ,3.64
CNS,Financial Services,Asset Management,NYQ,3.64
RYN,Real Estate,REIT - Specialty,NYQ,3.63
TPC,Industrials,Engineering & Construction,NYQ,3.63
TBBK,Financial Services,Banks - Regional,NMS,3.63
ADMA,Healthcare,Biotechnology,NGM,3.62
COTY,Consumer Defensive,Household & Personal Products,NYQ,3.62
TLX,Healthcare,Biotechnology,NMS,3.62
APGE,Healthcare,Biotechnology,NGM,3.61
AB,Financial Services,Asset Management,NYQ,3.6
HASI,Financial Services,Asset Management,NYQ,3.6
DOCN,Technology,Software - Infrastructure,NYQ,3.59
HSAI,Consumer Cyclical,Auto Parts,NMS,3.58
PTRN,Technology,Software - Application,NMS,3.57
NHI,Real Estate,REIT - Healthcare Facilities,NYQ,3.57
QFIN,Financial Services,Credit Services,NMS,3.57
APLS,Healthcare,Biotechnology,NMS,3.56
TGS,Energy,Oil & Gas Integrated,NYQ,3.56
PAM,Utilities,Utilities - Independent Power Producers,NYQ,3.56
GFF,Industrials,Building Products & Equipment,NYQ,3.56
KNF,Basic Materials,Building Materials,NYQ,3.56
FLNC,Utilities,Utilities - Renewable,NMS,3.56
GTM,Technology,Software - Application,NMS,3.55
RELY,Technology,Software - Infrastructure,NMS,3.55
BTU,Energy,Thermal Coal,NYQ,3.53
KEN,Utilities,Utilities - Independent Power Producers,NYQ,3.53
MIRM,Healthcare,Biotechnology,NGM,3.52
ORLA,Basic Materials,Gold,ASE,3.52
GNW,Financial Services,Insurance - Life,NYQ,3.51
EBC,Financial Services,Banks - Regional,NMS,3.51
EXPO,Industrials,Engineering & Construction,NMS,3.5
COMM,Technology,Communication Equipment,NMS,3.5
MIAX,Financial Services,Capital Markets,NYQ,3.49
HWKN,Basic Materials,Specialty Chemicals,NMS,3.48
QUBT,Technology,Computer Hardware,NCM,3.48
ALHC,Healthcare,Healthcare Plans,NMS,3.47
NG,Basic Materials,Gold,ASE,3.47
INDB,Financial Services,Banks - Regional,NMS,3.45
NEA,Financial Services,Asset Management,NYQ,3.44
PLUG,Industrials,Electrical Equipment & Parts,NCM,3.44
SEI,Energy,Oil & Gas Equipment & Services,NYQ,3.44
PATK,Consumer Cyclical,"Furnishings, Fixtures & Appliances",NMS,3.44
ASAN,Technology,Software - Application,NYQ,3.44
UTG,Financial Services,Asset Management,NYQ,3.44
KAI,Industrials,Specialty Industrial Machinery,NYQ,3.43
MHO,Consumer Cyclical,Residential Construction,NYQ,3.43
NSIT,Technology,Electronics & Computer Distribution,NMS,3.43
HOG,Consumer Cyclical,Recreational Vehicles,NYQ,3.43
TEO,Communication Services,Telecom Services,NYQ,3.42
AIR,Industrials,Aerospace & Defense,NYQ,3.42
SLNO,Healthcare,Biotechnology,NCM,3.41
MYRG,Industrials,Engineering & Construction,NMS,3.41
RH,Consumer Cyclical,Specialty Retail,NYQ,3.39
HCC,Basic Materials,Coking Coal,NYQ,3.38
MLCO,Consumer Cyclical,Resorts & Casinos,NMS,3.38
AHL,Financial Services,Insurance - Property & Casualty,NYQ,3.38
NVST,Healthcare,Medical Instruments & Supplies,NYQ,3.38
HAYW,Industrials,Electrical Equipment & Parts,NYQ,3.37
SIMO,Technology,Semiconductors,NMS,3.37
DAVE,Technology,Software - Application,NGM,3.36
FIZZ,Consumer Defensive,Beverages - Non-Alcoholic,NMS,3.36
FUL,Basic Materials,Specialty Chemicals,NYQ,3.33
FORM,Technology,Semiconductor Equipment & Materials,NMS,3.33
WRD,Technology,Software - Application,NGM,3.33
CGON,Healthcare,Biotechnology,NMS,3.33
FIBK,Financial Services,Banks - Regional,NMS,3.32
FRSH,Technology,Software - Application,NMS,3.32
ANF,Consumer Cyclical,Apparel Retail,NYQ,3.32
AMRX,Healthcare,Drug Manufacturers - Specialty & Generic,NMS,3.31
RNST,Financial Services,Banks - Regional,NYQ,3.31
TBBB,Consumer Defensive,Discount Stores,NYQ,3.31
AAPG,Healthcare,Biotechnology,NGM,3.3
IMVT,Healthcare,Biotechnology,NMS,3.3
GTX,Consumer Cyclical,Auto Parts,NMS,3.3
ETOR,Financial Services,Capital Markets,NMS,3.29
OTTR,Industrials,Conglomerates,NMS,3.29
PCH,Real Estate,REIT - Specialty,NMS,3.29
GPOR,Energy,Oil & Gas E&P,NYQ,3.28
HIW,Real Estate,REIT - Office,NYQ,3.28
AAP,Consumer Cyclical,Auto Parts,NYQ,3.27
CDP,Real Estate,REIT - Office,NYQ,3.27
AGYS,Technology,Software - Application,NMS,3.27
FULT,Financial Services,Banks - Regional,NMS,3.26
INTA,Technology,Software - Application,NMS,3.26
EEFT,Technology,Software - Infrastructure,NMS,3.26
BL,Technology,Software - Application,NMS,3.25
CNTA,Healthcare,Biotechnology,NMS,3.24
BLTE,Healthcare,Biotechnology,NCM,3.24
FBP,Financial Services,Banks - Regional,NYQ,3.24
PRM,Basic Materials,Specialty Chemicals,NYQ,3.23
RARE,Healthcare,Biotechnology,NMS,3.23
GRAL,Healthcare,Diagnostics & Research,NMS,3.22
TGNA,Communication Services,Broadcasting,NYQ,3.22
CHA,Consumer Cyclical,Restaurants,NMS,3.22
CATY,Financial Services,Banks - Regional,NMS,3.21
SMG,Basic Materials,Agricultural Inputs,NYQ,3.2
SEB,Industrials,Conglomerates,ASE,3.2
HTGC,Financial Services,Asset Management,NYQ,3.2
IRON,Healthcare,Biotechnology,NGM,3.2
PRVA,Healthcare,Health Information Services,NMS,3.19
PTON,Consumer Cyclical,Leisure,NMS,3.19
AVA,Utilities,Utilities - Diversified,NYQ,3.18
ASO,Consumer Cyclical,Specialty Retail,NMS,3.18
MGEE,Utilities,Utilities - Regulated Electric,NMS,3.17
HTFL,Healthcare,Health Information Services,NMS,3.16
AVPT,Technology,Software - Infrastructure,NMS,3.16
BLKB,Technology,Software - Application,NMS,3.16
BRSL,Consumer Cyclical,Gambling,NYQ,3.15
BXMT,Real Estate,REIT - Mortgage,NYQ,3.15
INDV,Healthcare,Drug Manufacturers - Specialty & Generic,NMS,3.14
MANU,Communication Services,Entertainment,NYQ,3.14
XENE,Healthcare,Biotechnology,NGM,3.14
BBU,Industrials,Conglomerates,NYQ,3.13
BRZE,Technology,Software - Application,NMS,3.12
ATHM,Communication Services,Internet Content & Information,NYQ,3.12
HAFN,Industrials,Marine Shipping,NYQ,3.11
KGS,Energy,Oil & Gas Equipment & Services,NYQ,3.1
ENVA,Financial Services,Credit Services,NYQ,3.1
IPAR,Consumer Defensive,Household & Personal Products,NMS,3.1
CPK,Utilities,Utilities - Regulated Gas,NYQ,3.1
MLYS,Healthcare,Biotechnology,NMS,3.1
ZLAB,Healthcare,Biotechnology,NGM,3.09
TNET,Industrials,Staffing & Employment Services,NYQ,3.08
MPW,Real Estate,REIT - Healthcare Facilities,NYQ,3.08
STNG,Energy,Oil & Gas Midstream,NYQ,3.08
KYIV,Communication Services,Telecom Services,NMS,3.08
BBAI,Technology,Information Technology Services,NYQ,3.08
SBCF,Financial Services,Banks - Regional,NMS,3.07
FHB,Financial Services,Banks - Regional,NMS,3.07
APAM,Financial Services,Asset Management,NYQ,3.07
JOYY,Communication Services,Internet Content & Information,NMS,3.07
VIAV,Technology,Communication Equipment,NMS,3.07
PBH,Healthcare,Drug Manufacturers - Specialty & Generic,NYQ,3.06
CSQ,Financial Services,Asset Management,NGM,3.06
ICUI,Healthcare,Medical Instruments & Supplies,NMS,3.05
CNK,Communication Services,Entertainment,NYQ,3.04
PLMR,Financial Services,Insurance - Property & Casualty,NMS,3.03
NCNO,Technology,Software - Application,NMS,3.02
CBU,Financial Services,Banks - Regional,NYQ,3.02
MCHB,Financial Services,Banks - Regional,NMS,3.02
CAAP,Industrials,Airports & Air Services,NYQ,3.01
CELC,Healthcare,Biotechnology,NCM,3.01
WSBC,Financial Services,Banks - Regional,NMS,3.01
EE,Energy,Oil & Gas Midstream,NYQ,3.01
OUT,Real Estate,REIT - Specialty,NYQ,3.01
KMPR,Financial Services,Insurance - Property & Casualty,NYQ,3
LIVN,Healthcare,Medical Devices,NMS,3
NVTS,Technology,Semiconductors,NGM,3
UNF,Industrials,Specialty Business Services,NYQ,2.99
AVNT,Basic Materials,Specialty Chemicals,NYQ,2.99
BFH,Financial Services,Credit Services,NYQ,2.99
FBK,Financial Services,Banks - Regional,NYQ,2.98
AZZ,Industrials,Specialty Business Services,NYQ,2.97
REVG,Industrials,Farm & Heavy Construction Machinery,NYQ,2.97
GRBK,Consumer Cyclical,Residential Construction,NYQ,2.96
RLX,Consumer Defensive,Tobacco,NYQ,2.96
MATX,Industrials,Marine Shipping,NYQ,2.96
SUPN,Healthcare,Drug Manufacturers - Specialty & Generic,NGM,2.96
ARLP,Energy,Thermal Coal,NMS,2.96
RHI,Industrials,Staffing & Employment Services,NYQ,2.96
SXI,Industrials,Specialty Industrial Machinery,NYQ,2.96
JOE,Real Estate,Real Estate - Diversified,NYQ,2.96
PRGO,Healthcare,Drug Manufacturers - Specialty & Generic,NYQ,2.95
CWT,Utilities,Utilities - Regulated Water,NYQ,2.95
VC,Consumer Cyclical,Auto Parts,NMS,2.94
WSFS,Financial Services,Banks - Regional,NMS,2.94
COLM,Consumer Cyclical,Apparel Manufacturing,NMS,2.94
AWR,Utilities,Utilities - Regulated Water,NYQ,2.93
CNXC,Technology,Information Technology Services,NMS,2.92
WD,Financial Services,Mortgage Finance,NYQ,2.92
SGRY,Healthcare,Medical Care Facilities,NMS,2.92
WOR,Industrials,Metal Fabrication,NYQ,2.91
GRND,Technology,Software - Application,NYQ,2.89
YETI,Consumer Cyclical,Leisure,NYQ,2.89
VCYT,Healthcare,Diagnostics & Research,NGM,2.89
GEF,Consumer Cyclical,Packaging & Containers,NYQ,2.89
KNSA,Healthcare,Drug Manufacturers - Specialty & Generic,NMS,2.89
JPC,Financial Services,Asset Management,NYQ,2.88
CBZ,Industrials,Specialty Business Services,NYQ,2.88
CENX,Basic Materials,Aluminum,NMS,2.87
GENI,Communication Services,Internet Content & Information,NYQ,2.87
RXO,Industrials,Trucking,NYQ,2.87
LU,Financial Services,Credit Services,NYQ,2.86
NMIH,Financial Services,Insurance - Specialty,NGM,2.86
WU,Financial Services,Credit Services,NYQ,2.86
KAR,Consumer Cyclical,Auto & Truck Dealerships,NYQ,2.85
BKU,Financial Services,Banks - Regional,NYQ,2.85
TPH,Consumer Cyclical,Residential Construction,NYQ,2.85
BKE,Consumer Cyclical,Apparel Retail,NYQ,2.85
SRRK,Healthcare,Biotechnology,NMS,2.85
DGNX,Industrials,Consulting Services,NCM,2.84
MGNI,Communication Services,Advertising Agencies,NMS,2.84
USAC,Energy,Oil & Gas Equipment & Services,NYQ,2.83
LXP,Real Estate,REIT - Industrial,NYQ,2.83
BEAM,Healthcare,Biotechnology,NMS,2.83
WB,Communication Services,Internet Content & Information,NMS,2.82
MGRC,Industrials,Rental & Leasing Services,NMS,2.82
TGLS,Basic Materials,Building Materials,NYQ,2.82
BB,Technology,Software - Infrastructure,NYQ,2.82
EXG,Financial Services,Asset Management,NYQ,2.81
NATL,Technology,Software - Application,NYQ,2.81
AEO,Consumer Cyclical,Apparel Retail,NYQ,2.81
AKR,Real Estate,REIT - Retail,NYQ,2.81
ABM,Industrials,Specialty Business Services,NYQ,2.8
PAGS,Technology,Software - Infrastructure,NYQ,2.8
CAKE,Consumer Cyclical,Restaurants,NMS,2.8
EXTR,Technology,Communication Equipment,NMS,2.79
AUGO,Basic Materials,Gold,NMS,2.79
TTAM,Basic Materials,Building Materials,NYQ,2.79
TARS,Healthcare,Biotechnology,NMS,2.79
MTRN,Basic Materials,Other Industrial Metals & Mining,NYQ,2.79
PLBL,Consumer Cyclical,Department Stores,NGM,2.79
CMBT,Energy,Oil & Gas Midstream,NYQ,2.79
SYNA,Technology,Semiconductors,NMS,2.78
MEOH,Basic Materials,Chemicals,NMS,2.77
UE,Real Estate,REIT - Retail,NYQ,2.77
APLE,Real Estate,REIT - Hotel & Motel,NYQ,2.77
NAD,Financial Services,Asset Management,NYQ,2.77
OLN,Basic Materials,Chemicals,NYQ,2.76
ADX,Financial Services,Asset Management,NYQ,2.76
RNW,Utilities,Utilities - Renewable,NMS,2.75
NTLA,Healthcare,Biotechnology,NGM,2.75
ARX,Financial Services,Insurance Brokers,NYQ,2.74
TIC,Industrials,Specialty Business Services,NYQ,2.74
WDFC,Basic Materials,Specialty Chemicals,NMS,2.74
SBET,Consumer Cyclical,Gambling,NCM,2.74
BSM,Energy,Oil & Gas E&P,NYQ,2.74
BCC,Basic Materials,Lumber & Wood Production,NYQ,2.73
PRKS,Consumer Cyclical,Leisure,NYQ,2.73
GSHD,Financial Services,Insurance Brokers,NMS,2.72
IAC,Communication Services,Internet Content & Information,NMS,2.72
DEI,Real Estate,REIT - Office,NYQ,2.71
RNG,Technology,Software - Application,NYQ,2.71
AMSC,Industrials,Specialty Industrial Machinery,NMS,2.69
ACMR,Technology,Semiconductor Equipment & Materials,NGM,2.68
ENVX,Industrials,Electrical Equipment & Parts,NMS,2.68
CON,Healthcare,Medical Care Facilities,NYQ,2.68
USAR,Basic Materials,Other Industrial Metals & Mining,NGM,2.68
BHF,Financial Services,Insurance - Life,NMS,2.67
WHD,Energy,Oil & Gas Equipment & Services,NYQ,2.67
HCI,Financial Services,Insurance - Property & Casualty,NYQ,2.67
FOLD,Healthcare,Biotechnology,NGM,2.67
LBRT,Energy,Oil & Gas Equipment & Services,NYQ,2.66
TOWN,Financial Services,Banks - Regional,NMS,2.66
NVG,Financial Services,Asset Management,NYQ,2.66
VSCO,Consumer Cyclical,Apparel Retail,NYQ,2.66
ZGN,Consumer Cyclical,Apparel Manufacturing,NYQ,2.65
FLO,Consumer Defensive,Packaged Foods,NYQ,2.65
CPRI,Consumer Cyclical,Luxury Goods,NYQ,2.65
PTY,Financial Services,Asset Management,NYQ,2.65
DIOD,Technology,Semiconductors,NMS,2.65
HURN,Industrials,Consulting Services,NMS,2.65
FRPT,Consumer Defensive,Packaged Foods,NGM,2.64
BANC,Financial Services,Banks - Regional,NYQ,2.64
RXRX,Healthcare,Biotechnology,NMS,2.64
CIVI,Energy,Oil & Gas E&P,NYQ,2.64
HCM,Healthcare,Drug Manufacturers - Specialty & Generic,NMS,2.63
GLOB,Technology,Information Technology Services,NYQ,2.63
ODD,Technology,Software - Infrastructure,NGM,2.63
ADPT,Healthcare,Biotechnology,NMS,2.62
ACLS,Technology,Semiconductor Equipment & Materials,NMS,2.62
CVBF,Financial Services,Banks - Regional,NMS,2.62
SEZL,Financial Services,Credit Services,NCM,2.62
ALVO,Healthcare,Drug Manufacturers - Specialty & Generic,NGM,2.62
XRAY,Healthcare,Medical Instruments & Supplies,NMS,2.62
ATS,Industrials,Specialty Industrial Machinery,NYQ,2.62
DAN,Consumer Cyclical,Auto Parts,NYQ,2.61
FUN,Consumer Cyclical,Leisure,NYQ,2.6
ONDS,Technology,Communication Equipment,NCM,2.6
SHOO,Consumer Cyclical,Footwear & Accessories,NMS,2.59
PENN,Consumer Cyclical,Resorts & Casinos,NMS,2.59
VNET,Technology,Information Technology Services,NMS,2.59
WRBY,Healthcare,Medical Instruments & Supplies,NYQ,2.59
SFNC,Financial Services,Banks - Regional,NMS,2.59
ALRM,Technology,Software - Application,NMS,2.58
CURB,Real Estate,REIT - Retail,NYQ,2.58
BBUC,Financial Services,Asset Management,NYQ,2.57
CPRX,Healthcare,Biotechnology,NCM,2.57
IDYA,Healthcare,Biotechnology,NMS,2.56
PRK,Financial Services,Banks - Regional,ASE,2.56
FCPT,Real Estate,REIT - Retail,NYQ,2.56
HP,Energy,Oil & Gas Drilling,NYQ,2.55
PTEN,Energy,Oil & Gas Drilling,NMS,2.55
BITF,Financial Services,Capital Markets,NGM,2.55
ITGR,Healthcare,Medical Devices,NYQ,2.55
BOH,Financial Services,Banks - Regional,NYQ,2.54
XMTR,Industrials,Industrial Distribution,NMS,2.53
DNN,Energy,Uranium,ASE,2.53
AGIO,Healthcare,Biotechnology,NMS,2.52
PPTA,Basic Materials,Other Precious Metals & Mining,NCM,2.51
FSM,Basic Materials,Gold,NYQ,2.51
DRVN,Consumer Cyclical,Auto & Truck Dealerships,NMS,2.51
FA,Industrials,Specialty Business Services,NMS,2.5
TVTX,Healthcare,Biotechnology,NGM,2.5
PFS,Financial Services,Banks - Regional,NYQ,2.48
KNTK,Energy,Oil & Gas Midstream,NYQ,2.48
ALKT,Technology,Software - Application,NMS,2.48
ETY,Financial Services,Asset Management,NYQ,2.47
SAM,Consumer Defensive,Beverages - Brewers,NYQ,2.47
HAE,Healthcare,Medical Devices,NYQ,2.47
HG,Financial Services,Insurance - Reinsurance,NYQ,2.46
ABR,Real Estate,REIT - Mortgage,NYQ,2.46
AI,Technology,Software - Infrastructure,NYQ,2.46
CLVT,Technology,Information Technology Services,NYQ,2.45
GEO,Industrials,Security & Protection Services,NYQ,2.44
INOD,Technology,Information Technology Services,NGM,2.44
VAC,Consumer Cyclical,Resorts & Casinos,NYQ,2.44
TDW,Energy,Oil & Gas Equipment & Services,NYQ,2.44
DYN,Healthcare,Biotechnology,NMS,2.44
IBRX,Healthcare,Biotechnology,NMS,2.43
HBI,Consumer Cyclical,Apparel Manufacturing,NYQ,2.43
VTMX,Real Estate,Real Estate - Development,NYQ,2.43
MH,Consumer Defensive,Education & Training Services,NYQ,2.43
OCUL,Healthcare,Biotechnology,NGM,2.43
GOF,Financial Services,Asset Management,NYQ,2.43
NZF,Financial Services,Asset Management,NYQ,2.42
SPHR,Communication Services,Entertainment,NYQ,2.42
DBRG,Financial Services,Asset Management,NYQ,2.42
RUM,Communication Services,Internet Content & Information,NGM,2.42
DXC,Technology,Information Technology Services,NYQ,2.42
DKL,Energy,Oil & Gas Refining & Marketing,NYQ,2.42
ARQT,Healthcare,Biotechnology,NMS,2.41
GDV,Financial Services,Asset Management,NYQ,2.41
POWI,Technology,Semiconductors,NMS,2.41
SPNS,Technology,Software - Application,NMS,2.41
PRDO,Consumer Defensive,Education & Training Services,NMS,2.4
CUBI,Financial Services,Banks - Regional,NYQ,2.4
SA,Basic Materials,Gold,NYQ,2.4
SRPT,Healthcare,Biotechnology,NMS,2.39
SM,Energy,Oil & Gas E&P,NYQ,2.39
CHEF,Consumer Defensive,Food Distribution,NMS,2.39
WBTN,Communication Services,Internet Content & Information,NMS,2.38
INSW,Energy,Oil & Gas Midstream,NYQ,2.38
OGN,Healthcare,Drug Manufacturers - General,NYQ,2.38
ATEC,Healthcare,Medical Devices,NMS,2.38
ESRT,Real Estate,REIT - Diversified,NYQ,2.37
CSTM,Basic Materials,Aluminum,NYQ,2.36
CDTX,Healthcare,Biotechnology,NCM,2.36
PCT,Industrials,Pollution & Treatment Controls,NCM,2.36
SEDG,Technology,Solar,NMS,2.36
EXK,Basic Materials,Silver,NYQ,2.35
PAX,Financial Services,Asset Management,NMS,2.35
OII,Energy,Oil & Gas Equipment & Services,NYQ,2.35
UTF,Financial Services,Asset Management,NYQ,2.35
BUR,Financial Services,Asset Management,NYQ,2.34
APPN,Technology,Software - Infrastructure,NGM,2.34
TRMK,Financial Services,Banks - Regional,NMS,2.34
WAFD,Financial Services,Banks - Regional,NMS,2.33
CLM,Financial Services,Asset Management,NYQ,2.33
KWR,Basic Materials,Specialty Chemicals,NYQ,2.33
DNLI,Healthcare,Biotechnology,NMS,2.33
PINC,Healthcare,Health Information Services,NMS,2.33
GEMI,Financial Services,Capital Markets,NMS,2.32
ASH,Basic Materials,Specialty Chemicals,NYQ,2.31
FFBC,Financial Services,Banks - Regional,NMS,2.31
BHC,Healthcare,Drug Manufacturers - Specialty & Generic,NYQ,2.3
ATKR,Industrials,Electrical Equipment & Parts,NYQ,2.3
UNFI,Consumer Defensive,Food Distribution,NYQ,2.3
INSP,Healthcare,Medical Devices,NYQ,2.29
TRN,Industrials,Railroads,NYQ,2.29
CCU,Consumer Defensive,Beverages - Brewers,NYQ,2.29
VSH,Technology,Semiconductors,NYQ,2.28
ALG,Industrials,Farm & Heavy Construction Machinery,NYQ,2.28
AMBP,Consumer Cyclical,Packaging & Containers,NYQ,2.27
IE,Basic Materials,Copper,ASE,2.27
IHS,Real Estate,Real Estate Services,NYQ,2.27
CGAU,Basic Materials,Gold,NYQ,2.27
DK,Energy,Oil & Gas Refining & Marketing,NYQ,2.25
COCO,Consumer Defensive,Beverages - Non-Alcoholic,NMS,2.25
EPAC,Industrials,Specialty Industrial Machinery,NYQ,2.25
AMRC,Industrials,Engineering & Construction,NYQ,2.24
ADUS,Healthcare,Medical Care Facilities,NMS,2.24
IVT,Real Estate,REIT - Retail,NYQ,2.24
NNE,Industrials,Specialty Industrial Machinery,NCM,2.23
MRX,Financial Services,Capital Markets,NMS,2.23
LCII,Consumer Cyclical,Recreational Vehicles,NYQ,2.23
SID,Basic Materials,Steel,NYQ,2.22
PGY,Technology,Software - Infrastructure,NCM,2.22
DRD,Basic Materials,Gold,NYQ,2.21
PK,Real Estate,REIT - Hotel & Motel,NYQ,2.21
HI,Industrials,Specialty Industrial Machinery,NYQ,2.21
ETNB,Healthcare,Biotechnology,NGM,2.2
SAH,Consumer Cyclical,Auto & Truck Dealerships,NYQ,2.2
PAYO,Technology,Software - Infrastructure,NGM,2.19
GCMG,Financial Services,Asset Management,NGM,2.19
OGCP,Real Estate,REIT - Office,PCX,2.19
ESBA,Real Estate,REIT - Office,PCX,2.19
FISK,Real Estate,REIT - Office,PCX,2.19
ARDT,Healthcare,Medical Care Facilities,NYQ,2.18
OSW,Consumer Cyclical,Leisure,NCM,2.18
HUBG,Industrials,Integrated Freight & Logistics,NMS,2.18
BANR,Financial Services,Banks - Regional,NMS,2.17
MSGE,Consumer Cyclical,Leisure,NYQ,2.17
ACHC,Healthcare,Medical Care Facilities,NMS,2.16
MESO,Healthcare,Biotechnology,NMS,2.16
ERO,Basic Materials,Copper,NYQ,2.16
BBAR,Financial Services,Banks - Regional,NYQ,2.16
DFH,Consumer Cyclical,Residential Construction,NYQ,2.16
DBD,Technology,Software - Application,NYQ,2.15
EVCM,Technology,Software - Infrastructure,NMS,2.14
AMR,Basic Materials,Coking Coal,NYQ,2.14
SPNT,Financial Services,Insurance - Reinsurance,NYQ,2.14
NBTB,Financial Services,Banks - Regional,NMS,2.14
LC,Financial Services,Banks - Regional,NYQ,2.13
KLIC,Technology,Semiconductor Equipment & Materials,NMS,2.13
FRME,Financial Services,Banks - Regional,NMS,2.13
PHIN,Consumer Cyclical,Auto Parts,NYQ,2.13
CRGY,Energy,Oil & Gas E&P,NYQ,2.13
SII,Financial Services,Asset Management,NYQ,2.12
AAOI,Technology,Communication Equipment,NGM,2.12
UPWK,Communication Services,Internet Content & Information,NMS,2.12
GLPG,Healthcare,Biotechnology,NMS,2.12
TSLX,Financial Services,Asset Management,NYQ,2.12
CSAN,Energy,Oil & Gas Refining & Marketing,NYQ,2.12
MQ,Technology,Software - Infrastructure,NMS,2.12
WWW,Consumer Cyclical,Footwear & Accessories,NYQ,2.12
COGT,Healthcare,Biotechnology,NMS,2.11
CCOI,Communication Services,Telecom Services,NMS,2.11
CMPO,Industrials,Metal Fabrication,NYQ,2.11
SVV,Consumer Cyclical,Specialty Retail,NYQ,2.1
CC,Basic Materials,Specialty Chemicals,NYQ,2.1
BKD,Healthcare,Medical Care Facilities,NYQ,2.1
ANIP,Healthcare,Drug Manufacturers - Specialty & Generic,NGM,2.1
SONO,Technology,Consumer Electronics,NMS,2.1
TRMD,Energy,Oil & Gas Midstream,NMS,2.1
SMA,Real Estate,REIT - Industrial,NYQ,2.1
IQ,Communication Services,Entertainment,NMS,2.1
NOG,Energy,Oil & Gas E&P,NYQ,2.1
NWL,Consumer Defensive,Household & Personal Products,NMS,2.09
AAUC,Basic Materials,Gold,NYQ,2.09
BUSE,Financial Services,Banks - Regional,NMS,2.09
STC,Financial Services,Insurance - Property & Casualty,NYQ,2.09
YELP,Communication Services,Internet Content & Information,NYQ,2.08
METC,Basic Materials,Coking Coal,NMS,2.08
HTH,Financial Services,Financial Conglomerates,NYQ,2.08
NGVT,Basic Materials,Specialty Chemicals,NYQ,2.08
OUST,Technology,Electronic Components,NMS,2.07
QDEL,Healthcare,Medical Devices,NMS,2.07
BBT,Financial Services,Banks - Regional,NYQ,2.07
HNI,Consumer Cyclical,"Furnishings, Fixtures & Appliances",NYQ,2.07
GT,Consumer Cyclical,Auto Parts,NMS,2.07
VRDN,Healthcare,Biotechnology,NCM,2.06
TWST,Healthcare,Diagnostics & Research,NMS,2.06
HE,Utilities,Utilities - Regulated Electric,NYQ,2.05
MNR,Energy,Oil & Gas E&P,NYQ,2.05
AORT,Healthcare,Medical Devices,NYQ,2.05
EFSC,Financial Services,Banks - Regional,NMS,2.05
ASGN,Technology,Information Technology Services,NYQ,2.04
KN,Technology,Electronic Components,NYQ,2.04
UAA,Consumer Cyclical,Apparel Manufacturing,NYQ,2.03
PBI,Industrials,Integrated Freight & Logistics,NYQ,2.03
ARLO,Industrials,Building Products & Equipment,NYQ,2.03
TNK,Energy,Oil & Gas Midstream,NYQ,2.03
FBNC,Financial Services,Banks - Regional,NMS,2.03
PARR,Energy,Oil & Gas Refining & Marketing,NYQ,2.03
CERT,Healthcare,Health Information Services,NMS,2.03
UA,Consumer Cyclical,Apparel Manufacturing,NYQ,2.03
LFST,Healthcare,Medical Care Facilities,NMS,2.02
LMAT,Healthcare,Medical Instruments & Supplies,NGM,2.02
EYE,Consumer Cyclical,Specialty Retail,NMS,2.02
ARMN,Basic Materials,Gold,ASE,2.02
TDC,Technology,Software - Infrastructure,NYQ,2.02
SMPL,Consumer Defensive,Packaged Foods,NCM,2.02
STRA,Consumer Defensive,Education & Training Services,NMS,2.01
ROCK,Industrials,Building Products & Equipment,NMS,2.01
SKE,Basic Materials,Other Industrial Metals & Mining,NYQ,2.01
DHT,Energy,Oil & Gas Midstream,NYQ,2.01
CXW,Industrials,Security & Protection Services,NYQ,2.01
SYBT,Financial Services,Banks - Regional,NMS,2
SBLK,Industrials,Marine Shipping,NMS,2
EVTC,Technology,Software - Infrastructure,NYQ,1.99
SDRL,Energy,Oil & Gas Drilling,NYQ,1.98
WLYB,Communication Services,Publishing,NYQ,1.98
PLUS,Technology,Software - Application,NMS,1.98
DV,Technology,Software - Application,NYQ,1.98
WLY,Communication Services,Publishing,NYQ,1.98
PRGS,Technology,Software - Infrastructure,NMS,1.97
VOYG,Industrials,Aerospace & Defense,NYQ,1.97
SLDE,Financial Services,Insurance - Property & Casualty,NMS,1.97
AVAH,Healthcare,Medical Care Facilities,NMS,1.97
KYN,Financial Services,Asset Management,NYQ,1.96
CLOV,Healthcare,Healthcare Plans,NMS,1.96
NWN,Utilities,Utilities - Regulated Gas,NYQ,1.96
PACS,Healthcare,Medical Care Facilities,NYQ,1.96
ADNT,Consumer Cyclical,Auto Parts,NYQ,1.96
DX,Real Estate,REIT - Mortgage,NYQ,1.95
RVT,Financial Services,Asset Management,NYQ,1.95
PRCT,Healthcare,Medical Devices,NGM,1.95
HPP,Real Estate,REIT - Office,NYQ,1.94
CSGS,Technology,Software - Infrastructure,NMS,1.94
OI,Consumer Cyclical,Packaging & Containers,NYQ,1.94
HLMN,Industrials,Tools & Accessories,NGM,1.93
TRIP,Consumer Cyclical,Travel Services,NMS,1.93
GEL,Energy,Oil & Gas Midstream,NYQ,1.93
VVX,Industrials,Aerospace & Defense,NYQ,1.93
SCS,Consumer Cyclical,"Furnishings, Fixtures & Appliances",NYQ,1.93
LQDA,Healthcare,Biotechnology,NCM,1.93
NTCT,Technology,Software - Infrastructure,NMS,1.93
FIHL,Financial Services,Insurance - Diversified,NYQ,1.92
BWLP,Industrials,Marine Shipping,NYQ,1.92
PSIX,Industrials,Specialty Industrial Machinery,NCM,1.92
DXPE,Industrials,Industrial Distribution,NMS,1.92
IRDM,Communication Services,Telecom Services,NMS,1.9
CXM,Technology,Software - Application,NYQ,1.9
NHC,Healthcare,Medical Care Facilities,ASE,1.9
IOSP,Basic Materials,Specialty Chemicals,NMS,1.9
USA,Financial Services,Asset Management,NYQ,1.89
EVT,Financial Services,Asset Management,NYQ,1.88
UTI,Consumer Defensive,Education & Training Services,NYQ,1.88
TRUP,Financial Services,Insurance - Property & Casualty,NGM,1.88
ENOV,Healthcare,Medical Devices,NYQ,1.88
SKWD,Financial Services,Insurance - Property & Casualty,NMS,1.88
GAB,Financial Services,Asset Management,NYQ,1.88
CTRI,Utilities,Utilities - Regulated Gas,NYQ,1.88
RAMP,Technology,Software - Infrastructure,NYQ,1.87
ATRC,Healthcare,Medical Instruments & Supplies,NGM,1.87
MTX,Basic Materials,Specialty Chemicals,NYQ,1.87
ADEA,Technology,Software - Application,NMS,1.87
LZ,Industrials,Specialty Business Services,NMS,1.87
BGM,Healthcare,Drug Manufacturers - Specialty & Generic,NCM,1.87
NUV,Financial Services,Asset Management,NYQ,1.87
CCS,Real Estate,Real Estate - Development,NYQ,1.86
VERA,Healthcare,Biotechnology,NGM,1.86
HLIO,Industrials,Specialty Industrial Machinery,NYQ,1.86
CENT,Consumer Defensive,Packaged Foods,NMS,1.86
MVST,Consumer Cyclical,Auto Parts,NCM,1.85
MODG,Consumer Cyclical,Leisure,NYQ,1.85
NTST,Real Estate,REIT - Retail,NYQ,1.85
PSNY,Consumer Cyclical,Auto Manufacturers,NGM,1.85
NWBI,Financial Services,Banks - Regional,NMS,1.84
BKV,Energy,Oil & Gas E&P,NYQ,1.84
ARR,Real Estate,REIT - Mortgage,NYQ,1.84
RCUS,Healthcare,Biotechnology,NYQ,1.84
CECO,Industrials,Pollution & Treatment Controls,NMS,1.84
KSS,Consumer Cyclical,Department Stores,NYQ,1.84
BTE,Energy,Oil & Gas E&P,NYQ,1.84
NIC,Financial Services,Banks - Regional,NYQ,1.84
PDO,Financial Services,Asset Management,NYQ,1.83
HMN,Financial Services,Insurance - Property & Casualty,NYQ,1.83
TIGR,Financial Services,Capital Markets,NMS,1.83
VCEL,Healthcare,Biotechnology,NGM,1.83
FIVN,Technology,Software - Infrastructure,NGM,1.82
PZZA,Consumer Cyclical,Restaurants,NMS,1.81
SYRE,Healthcare,Biotechnology,NMS,1.81
AVDL,Healthcare,Drug Manufacturers - Specialty & Generic,NGM,1.81
GRDN,Healthcare,Medical Care Facilities,NYQ,1.81
PIII,Healthcare,Medical Care Facilities,NCM,1.8
SHLS,Technology,Solar,NGM,1.8
TY,Financial Services,Asset Management,NYQ,1.79
WT,Financial Services,Asset Management,NYQ,1.79
NN,Technology,Software - Infrastructure,NCM,1.79
HTO,Utilities,Utilities - Regulated Water,NMS,1.79
BLBD,Industrials,Farm & Heavy Construction Machinery,NGM,1.79
ATRO,Industrials,Aerospace & Defense,NMS,1.78
AIN,Consumer Cyclical,Textile Manufacturing,NYQ,1.78
NOMD,Consumer Defensive,Packaged Foods,NYQ,1.78
EXPI,Real Estate,Real Estate Services,NGM,1.78
CLDX,Healthcare,Biotechnology,NCM,1.77
CDRE,Industrials,Aerospace & Defense,NYQ,1.77
CRML,Basic Materials,Other Industrial Metals & Mining,NGM,1.77
STOK,Healthcare,Biotechnology,NMS,1.77
CHCO,Financial Services,Banks - Regional,NMS,1.77
JJSF,Consumer Defensive,Packaged Foods,NMS,1.77
NTB,Financial Services,Banks - Diversified,NYQ,1.77
SEM,Healthcare,Medical Care Facilities,NYQ,1.77
BHVN,Healthcare,Biotechnology,NYQ,1.76
VECO,Technology,Semiconductor Equipment & Materials,NMS,1.76
FINV,Financial Services,Credit Services,NYQ,1.76
OFG,Financial Services,Banks - Regional,NYQ,1.75
PWP,Financial Services,Capital Markets,NMS,1.75
DQ,Technology,Semiconductor Equipment & Materials,NYQ,1.75
HRMY,Healthcare,Biotechnology,NGM,1.74
LILA,Communication Services,Telecom Services,NMS,1.74
CLMT,Basic Materials,Specialty Chemicals,NMS,1.74
AESI,Energy,Oil & Gas Equipment & Services,NYQ,1.74
SSII,Healthcare,Medical Devices,NCM,1.74
AAMI,Financial Services,Asset Management,NYQ,1.73
ACVA,Consumer Cyclical,Auto & Truck Dealerships,NYQ,1.73
SLVM,Basic Materials,Paper & Paper Products,NYQ,1.73
KMT,Industrials,Tools & Accessories,NYQ,1.73
NSP,Industrials,Staffing & Employment Services,NYQ,1.73
SION,Healthcare,Biotechnology,NGM,1.73
SHCO,Consumer Cyclical,Lodging,NYQ,1.73
AGM,Financial Services,Credit Services,NYQ,1.72
PAHC,Healthcare,Drug Manufacturers - Specialty & Generic,NGM,1.72
FCF,Financial Services,Banks - Regional,NYQ,1.72
ALIT,Technology,Software - Application,NYQ,1.72
SHO,Real Estate,REIT - Hotel & Motel,NYQ,1.72
VITL,Consumer Defensive,Farm Products,NGM,1.72
IMAX,Communication Services,Entertainment,NYQ,1.71
STEW,Financial Services,Asset Management,NYQ,1.71
TXG,Healthcare,Health Information Services,NMS,1.71
PRCH,Technology,Software - Application,NCM,1.71
WEN,Consumer Cyclical,Restaurants,NMS,1.71
NAC,Financial Services,Asset Management,NYQ,1.71
CDLR,Industrials,Engineering & Construction,NYQ,1.7
TALO,Energy,Oil & Gas E&P,NYQ,1.7
GNL,Real Estate,REIT - Diversified,NYQ,1.7
IAS,Communication Services,Advertising Agencies,NMS,1.7
ARCB,Industrials,Trucking,NMS,1.69
ABCL,Healthcare,Biotechnology,NMS,1.69
BLX,Financial Services,Banks - Regional,NYQ,1.68
PGNY,Healthcare,Healthcare Plans,NMS,1.68
FLYW,Technology,Software - Infrastructure,NMS,1.68
ETV,Financial Services,Asset Management,NYQ,1.67
RQI,Financial Services,Asset Management,NYQ,1.67
VRE,Real Estate,REIT - Residential,NYQ,1.67
UAMY,Basic Materials,Other Industrial Metals & Mining,ASE,1.67
IMCR,Healthcare,Biotechnology,NMS,1.67
TDOC,Healthcare,Health Information Services,NYQ,1.67
TLRY,Healthcare,Drug Manufacturers - Specialty & Generic,NMS,1.67
MCRI,Consumer Cyclical,Resorts & Casinos,NMS,1.67
BWIN,Financial Services,Insurance Brokers,NMS,1.67
IPX,Basic Materials,Other Industrial Metals & Mining,NCM,1.67
ENR,Industrials,Electrical Equipment & Parts,NYQ,1.66
SDGR,Healthcare,Health Information Services,NMS,1.66
WERN,Industrials,Trucking,NMS,1.66
LAC,Basic Materials,Other Industrial Metals & Mining,NYQ,1.66
NUVB,Healthcare,Biotechnology,NYQ,1.66
ICFI,Industrials,Consulting Services,NMS,1.66
WMK,Consumer Defensive,Grocery Stores,NYQ,1.66
ETG,Financial Services,Asset Management,NYQ,1.66
JBLU,Industrials,Airlines,NMS,1.66
MCW,Consumer Cyclical,Auto & Truck Dealerships,NMS,1.65
FDP,Consumer Defensive,Farm Products,NYQ,1.65
CMPR,Industrials,Specialty Business Services,NMS,1.65
ZIM,Industrials,Marine Shipping,NYQ,1.65
SUPX,Technology,Software - Infrastructure,NCM,1.65
CCB,Financial Services,Banks - Regional,NMS,1.64
TPB,Consumer Defensive,Tobacco,NYQ,1.64
LSPD,Technology,Software - Application,NYQ,1.64
TILE,Consumer Cyclical,"Furnishings, Fixtures & Appliances",NMS,1.64
CASH,Financial Services,Banks - Regional,NMS,1.63
LTC,Real Estate,REIT - Healthcare Facilities,NYQ,1.63
LASR,Technology,Semiconductors,NMS,1.63
NYAX,Technology,Software - Infrastructure,NMS,1.63
ECAT,Financial Services,Asset Management,NYQ,1.63
MNKD,Healthcare,Biotechnology,NGM,1.63
VYX,Technology,Information Technology Services,NYQ,1.63
NXRT,Real Estate,REIT - Residential,NYQ,1.62
TRS,Consumer Cyclical,Packaging & Containers,NMS,1.62
HIMX,Technology,Semiconductors,NMS,1.62
CLBK,Financial Services,Banks - Regional,NMS,1.62
MBC,Consumer Cyclical,"Furnishings, Fixtures & Appliances",NYQ,1.62
ANDE,Consumer Defensive,Food Distribution,NMS,1.62
DRH,Real Estate,REIT - Hotel & Motel,NYQ,1.61
TSAT,Technology,Communication Equipment,NMS,1.61
HTZ,Industrials,Rental & Leasing Services,NMS,1.61
AMPX,Industrials,Electrical Equipment & Parts,NYQ,1.61
RVLV,Consumer Cyclical,Internet Retail,NYQ,1.61
ALM,Basic Materials,Other Industrial Metals & Mining,NCM,1.61
GTY,Real Estate,REIT - Retail,NYQ,1.61
BDJ,Financial Services,Asset Management,NYQ,1.61
EWTX,Healthcare,Biotechnology,NMS,1.6
DNOW,Industrials,Industrial Distribution,NYQ,1.6
WS,Basic Materials,Steel,NYQ,1.6
DAC,Industrials,Marine Shipping,NYQ,1.6
CNXN,Technology,Electronics & Computer Distribution,NMS,1.59
LKFN,Financial Services,Banks - Regional,NMS,1.58
HUN,Basic Materials,Chemicals,NYQ,1.57
NSSC,Industrials,Security & Protection Services,NMS,1.57
LOB,Financial Services,Banks - Regional,NYQ,1.57
AUPH,Healthcare,Biotechnology,NGM,1.57
ROG,Technology,Electronic Components,NYQ,1.56
TR,Consumer Defensive,Confectioners,NYQ,1.56
PGRE,Real Estate,REIT - Office,NYQ,1.56
XPRO,Energy,Oil & Gas Equipment & Services,NYQ,1.56
ZD,Communication Services,Advertising Agencies,NMS,1.55
UFPT,Healthcare,Medical Devices,NCM,1.55
KALU,Basic Materials,Aluminum,NMS,1.55
GLP,Energy,Oil & Gas Midstream,NYQ,1.55
ASTH,Healthcare,Medical Care Facilities,NCM,1.54
NVCR,Healthcare,Medical Devices,NMS,1.54
ATAI,Healthcare,Biotechnology,NGM,1.54
AAT,Real Estate,REIT - Diversified,NYQ,1.54
STEL,Financial Services,Banks - Regional,NYQ,1.53
MAN,Industrials,Staffing & Employment Services,NYQ,1.53
MD,Healthcare,Medical Care Facilities,NYQ,1.53
NEXT,Energy,Oil & Gas Equipment & Services,NCM,1.53
PGEN,Healthcare,Biotechnology,NMS,1.53
ARCO,Consumer Cyclical,Restaurants,NYQ,1.52
NABL,Technology,Information Technology Services,NYQ,1.52
RZLV,Technology,Software - Infrastructure,NGM,1.52
GPCR,Healthcare,Biotechnology,NGM,1.52
BHE,Technology,Electronic Components,NYQ,1.52
EFXT,Energy,Oil & Gas Equipment & Services,NYQ,1.52
BCRX,Healthcare,Drug Manufacturers - Specialty & Generic,NMS,1.52
KDK,Industrials,Farm & Heavy Construction Machinery,NGM,1.52
HYT,Financial Services,Asset Management,NYQ,1.52
BCAT,Financial Services,Asset Management,NYQ,1.52
MBIN,Financial Services,Banks - Regional,NCM,1.51
PD,Technology,Software - Application,NYQ,1.51
TNC,Industrials,Specialty Industrial Machinery,NYQ,1.51
LUNR,Industrials,Aerospace & Defense,NGM,1.51
AMLX,Healthcare,Biotechnology,NMS,1.51
BXMX,Financial Services,Asset Management,NYQ,1.51
COUR,Consumer Defensive,Education & Training Services,NYQ,1.51
DCO,Industrials,Aerospace & Defense,NYQ,1.5
SBH,Consumer Cyclical,Specialty Retail,NYQ,1.5
CTOS,Industrials,Rental & Leasing Services,NYQ,1.5
WLDN,Industrials,Engineering & Construction,NGM,1.5
JANX,Healthcare,Biotechnology,NGM,1.5
SRCE,Financial Services,Banks - Regional,NMS,1.49
GO,Consumer Defensive,Grocery Stores,NMS,1.49
OMDA,Healthcare,Health Information Services,NMS,1.49
MSDL,Financial Services,Asset Management,NYQ,1.49
XERS,Healthcare,Biotechnology,NMS,1.49
OXLC,Financial Services,Asset Management,NGM,1.49
IIPR,Real Estate,REIT - Industrial,NYQ,1.48
PHVS,Healthcare,Biotechnology,NMS,1.48
UNIT,Real Estate,REIT - Specialty,NMS,1.48
WKC,Energy,Oil & Gas Refining & Marketing,NYQ,1.48
CNMD,Healthcare,Medical Devices,NYQ,1.48
CET,Financial Services,Asset Management,NYQ,1.48
BSTZ,Financial Services,Asset Management,NYQ,1.48
AZTA,Healthcare,Medical Instruments & Supplies,NMS,1.48
PAR,Technology,Software - Application,NYQ,1.47
GAM,Financial Services,Asset Management,NYQ,1.47
GABC,Financial Services,Banks - Regional,NMS,1.47
ARHS,Consumer Cyclical,Specialty Retail,NMS,1.47
ELME,Real Estate,REIT - Residential,NYQ,1.47
WINA,Consumer Cyclical,Specialty Retail,NGM,1.47
DFIN,Technology,Software - Application,NYQ,1.47
MAZE,Healthcare,Biotechnology,NGM,1.46
EVO,Healthcare,Drug Manufacturers - Specialty & Generic,NMS,1.46
TGB,Basic Materials,Copper,ASE,1.46
BST,Financial Services,Asset Management,NYQ,1.46
BTT,Financial Services,Asset Management,NYQ,1.45
SANA,Healthcare,Biotechnology,NMS,1.44
KRP,Energy,Oil & Gas E&P,NYQ,1.44
DGII,Technology,Communication Equipment,NMS,1.44
FORD,Consumer Cyclical,Footwear & Accessories,NCM,1.44
FLOC,Energy,Oil & Gas Equipment & Services,NYQ,1.43
WTTR,Energy,Oil & Gas Equipment & Services,NYQ,1.43
HROW,Healthcare,Drug Manufacturers - Specialty & Generic,NGM,1.43
ARI,Real Estate,REIT - Mortgage,NYQ,1.43
KARO,Technology,Software - Application,NCM,1.43
OMCL,Healthcare,Health Information Services,NMS,1.43
USPH,Healthcare,Medical Care Facilities,NYQ,1.42
GBX,Industrials,Railroads,NYQ,1.42
NBHC,Financial Services,Banks - Regional,NYQ,1.42
ESTA,Healthcare,Medical Devices,NCM,1.42
TFIN,Financial Services,Banks - Regional,NYQ,1.42
CEPU,Utilities,Utilities - Regulated Electric,NYQ,1.42
VZLA,Basic Materials,Other Industrial Metals & Mining,ASE,1.42
PHR,Healthcare,Health Information Services,NYQ,1.41
INVX,Energy,Oil & Gas Equipment & Services,NYQ,1.41
PLAB,Technology,Semiconductor Equipment & Materials,NMS,1.41
TCBK,Financial Services,Banks - Regional,NMS,1.41
TUYA,Technology,Software - Infrastructure,NYQ,1.41
JBI,Industrials,Building Products & Equipment,NYQ,1.41
JAMF,Technology,Software - Application,NMS,1.41
EVLV,Industrials,Security & Protection Services,NCM,1.41
OPRA,Communication Services,Internet Content & Information,NMS,1.4
STBA,Financial Services,Banks - Regional,NMS,1.4
SVM,Basic Materials,Silver,ASE,1.4
DSGR,Industrials,Industrial Distribution,NMS,1.4
LADR,Real Estate,REIT - Mortgage,NYQ,1.4
NEGG,Consumer Cyclical,Internet Retail,NCM,1.4
CYD,Consumer Cyclical,Auto Manufacturers,NYQ,1.39
REAL,Consumer Cyclical,Luxury Goods,NMS,1.39
HIVE,Financial Services,Capital Markets,NCM,1.39
NVAX,Healthcare,Biotechnology,NMS,1.38
HOPE,Financial Services,Banks - Regional,NMS,1.38
NEO,Healthcare,Diagnostics & Research,NCM,1.38
BLFS,Healthcare,Medical Instruments & Supplies,NCM,1.38
AMC,Communication Services,Entertainment,NYQ,1.38
JBGS,Real Estate,REIT - Office,NYQ,1.38
PLTK,Communication Services,Electronic Gaming & Multimedia,NMS,1.38
CMRE,Industrials,Marine Shipping,NYQ,1.37
QQQX,Financial Services,Asset Management,NGM,1.37
GDRX,Healthcare,Health Information Services,NMS,1.37
IMNM,Healthcare,Biotechnology,NCM,1.37
ARRY,Technology,Solar,NGM,1.37
MXL,Technology,Semiconductors,NMS,1.36
FLNG,Energy,Oil & Gas Midstream,NYQ,1.36
UCTT,Technology,Semiconductor Equipment & Materials,NMS,1.36
NRP,Energy,Thermal Coal,NYQ,1.36
DSL,Financial Services,Asset Management,NYQ,1.35
NEOG,Healthcare,Diagnostics & Research,NMS,1.35
SPB,Consumer Defensive,Household & Personal Products,NYQ,1.35
LZB,Consumer Cyclical,"Furnishings, Fixtures & Appliances",NYQ,1.35
AMPL,Technology,Software - Application,NCM,1.34
FIGS,Consumer Cyclical,Apparel Manufacturing,NYQ,1.34
MNTN,Technology,Software - Application,NYQ,1.34
KMTS,Healthcare,Medical Instruments & Supplies,NMS,1.34
GIC,Industrials,Industrial Distribution,NYQ,1.34
HCSG,Healthcare,Medical Care Facilities,NMS,1.34
AFYA,Consumer Defensive,Education & Training Services,NMS,1.34
ZYME,Healthcare,Biotechnology,NMS,1.34
EVEX,Industrials,Aerospace & Defense,NYQ,1.33
NMM,Industrials,Marine Shipping,NYQ,1.33
UVV,Consumer Defensive,Tobacco,NYQ,1.33
JMIA,Consumer Cyclical,Internet Retail,NYQ,1.33
FOR,Real Estate,Real Estate - Development,NYQ,1.33
SOC,Energy,Oil & Gas Drilling,NYQ,1.33
EFC,Real Estate,REIT - Mortgage,NYQ,1.33
UPBD,Technology,Software - Application,NMS,1.32
XHR,Real Estate,REIT - Hotel & Motel,NYQ,1.32
ORKA,Healthcare,Biotechnology,NGM,1.32
RDW,Industrials,Aerospace & Defense,NYQ,1.32
RCAT,Industrials,Aerospace & Defense,NCM,1.32
STGW,Communication Services,Advertising Agencies,NMS,1.32
GOGO,Communication Services,Telecom Services,NMS,1.31
SILA,Real Estate,REIT - Healthcare Facilities,NYQ,1.31
DNTH,Healthcare,Biotechnology,NCM,1.31
DAO,Consumer Defensive,Education & Training Services,NYQ,1.31
GOOS,Consumer Cyclical,Apparel Manufacturing,NYQ,1.31
FSCO,Financial Services,Asset Management,NYQ,1.31
TSHA,Healthcare,Biotechnology,NMS,1.3
VMEO,Technology,Software - Application,NMS,1.3
ATEN,Technology,Software - Infrastructure,NYQ,1.3
PEB,Real Estate,REIT - Hotel & Motel,NYQ,1.3
STAA,Healthcare,Medical Instruments & Supplies,NGM,1.3
PRLB,Industrials,Metal Fabrication,NYQ,1.3
QCRH,Financial Services,Banks - Regional,NGM,1.3
CCEC,Industrials,Marine Shipping,NMS,1.3
WYFI,Technology,Software - Application,NCM,1.29
LOT,Consumer Cyclical,Auto Manufacturers,NMS,1.29
BY,Financial Services,Banks - Regional,NYQ,1.29
TV,Communication Services,Telecom Services,NYQ,1.29
BFC,Financial Services,Banks - Regional,NCM,1.29
PSEC,Financial Services,Asset Management,NMS,1.28
IDT,Communication Services,Telecom Services,NYQ,1.28
TRVI,Healthcare,Biotechnology,NGM,1.28
ORIC,Healthcare,Biotechnology,NMS,1.27
NAVI,Financial Services,Credit Services,NMS,1.27
JFR,Financial Services,Asset Management,NYQ,1.27
TASK,Technology,Information Technology Services,NMS,1.27
AHCO,Healthcare,Medical Devices,NCM,1.27
LNN,Industrials,Farm & Heavy Construction Machinery,NYQ,1.26
BTQ,Technology,Software - Infrastructure,NGM,1.26
BV,Industrials,Specialty Business Services,NYQ,1.26
EVGO,Consumer Cyclical,Specialty Retail,NMS,1.26
IART,Healthcare,Medical Devices,NMS,1.26
BTBT,Financial Services,Capital Markets,NCM,1.26
EH,Industrials,Aerospace & Defense,NGM,1.26
LAES,Technology,Semiconductors,NCM,1.25
UMH,Real Estate,REIT - Residential,NYQ,1.25
MRVI,Healthcare,Biotechnology,NMS,1.25
LUXE,Consumer Cyclical,Luxury Goods,NYQ,1.25
FUBO,Communication Services,Broadcasting,NYQ,1.24
RPD,Technology,Software - Infrastructure,NGM,1.24
CRAI,Industrials,Consulting Services,NMS,1.24
CTS,Technology,Electronic Components,NYQ,1.24
GHLD,Financial Services,Mortgage Finance,NYQ,1.24
IMTX,Healthcare,Biotechnology,NCM,1.24
CNOB,Financial Services,Banks - Regional,NMS,1.24
ALEX,Real Estate,REIT - Retail,NYQ,1.24
PRA,Financial Services,Insurance - Property & Casualty,NYQ,1.24
OCSL,Financial Services,Asset Management,NMS,1.24
SPH,Utilities,Utilities - Regulated Gas,NYQ,1.24
NESR,Energy,Oil & Gas Equipment & Services,NCM,1.24
EOS,Financial Services,Asset Management,NYQ,1.24
TRML,Healthcare,Biotechnology,NMS,1.23
FSLY,Technology,Software - Application,NYQ,1.23
PRG,Industrials,Rental & Leasing Services,NYQ,1.23
MRC,Energy,Oil & Gas Equipment & Services,NYQ,1.23
LEG,Consumer Cyclical,"Furnishings, Fixtures & Appliances",NYQ,1.23
GRC,Industrials,Specialty Industrial Machinery,NYQ,1.23
VRNT,Technology,Software - Infrastructure,NMS,1.23
DOLE,Consumer Defensive,Farm Products,NYQ,1.23
ALGT,Industrials,Airlines,NMS,1.22
PLSE,Healthcare,Medical Instruments & Supplies,NCM,1.22
MMI,Real Estate,Real Estate Services,NYQ,1.22
CRF,Financial Services,Asset Management,ASE,1.22
DVAX,Healthcare,Drug Manufacturers - Specialty & Generic,NMS,1.22
BETR,Financial Services,Mortgage Finance,NGM,1.22
ELVN,Healthcare,Biotechnology,NMS,1.22
TIXT,Technology,Software - Infrastructure,NYQ,1.22
DCOM,Financial Services,Banks - Regional,NMS,1.22
HSII,Industrials,Staffing & Employment Services,NMS,1.21
ARDX,Healthcare,Biotechnology,NGM,1.21
NMZ,Financial Services,Asset Management,NYQ,1.21
NFJ,Financial Services,Asset Management,NYQ,1.21
ORBS,Consumer Cyclical,Packaging & Containers,NCM,1.21
RR,Industrials,Specialty Industrial Machinery,NCM,1.21
CVAC,Healthcare,Biotechnology,NGM,1.21
YDES,Healthcare,Biotechnology,NGM,1.21
WABC,Financial Services,Banks - Regional,NMS,1.21
DMLP,Energy,Oil & Gas E&P,NMS,1.2
ALX,Real Estate,REIT - Retail,NYQ,1.2
MLKN,Consumer Cyclical,"Furnishings, Fixtures & Appliances",NMS,1.2
RAPP,Healthcare,Biotechnology,NGM,1.2
HOUS,Real Estate,Real Estate Services,NYQ,1.2
OPK,Healthcare,Diagnostics & Research,NMS,1.19
LVWR,Consumer Cyclical,Auto Manufacturers,NYQ,1.19
GIII,Consumer Cyclical,Apparel Manufacturing,NMS,1.19
HLIT,Technology,Communication Equipment,NMS,1.19
RLAY,Healthcare,Biotechnology,NGM,1.18
UPB,Healthcare,Biotechnology,NMS,1.18
PENG,Technology,Information Technology Services,NMS,1.18
CRI,Consumer Cyclical,Apparel Retail,NYQ,1.18
LPG,Energy,Oil & Gas Midstream,NYQ,1.18
NBXG,Financial Services,Asset Management,NYQ,1.18
LDI,Financial Services,Mortgage Finance,NYQ,1.18
ROOT,Financial Services,Insurance - Property & Casualty,NMS,1.18
LMB,Industrials,Building Products & Equipment,NCM,1.17
LUCK,Consumer Cyclical,Leisure,NYQ,1.17
EVV,Financial Services,Asset Management,NYQ,1.17
VET,Energy,Oil & Gas E&P,NYQ,1.17
SNDX,Healthcare,Biotechnology,NMS,1.17
PLPC,Industrials,Electrical Equipment & Parts,NMS,1.17
ORC,Real Estate,REIT - Mortgage,NYQ,1.16
UP,Industrials,Airports & Air Services,NYQ,1.16
PX,Financial Services,Asset Management,NYQ,1.16
BH,Consumer Cyclical,Restaurants,NYQ,1.15
CSWC,Financial Services,Asset Management,NMS,1.15
FPF,Financial Services,Asset Management,NYQ,1.15
PFBC,Financial Services,Banks - Regional,NMS,1.15
CTEV,Healthcare,Health Information Services,NYQ,1.15
VTOL,Energy,Oil & Gas Equipment & Services,NYQ,1.14
WVE,Healthcare,Biotechnology,NGM,1.14
YALA,Technology,Software - Application,NYQ,1.14
AMPH,Healthcare,Drug Manufacturers - Specialty & Generic,NMS,1.14
SEMR,Technology,Software - Application,NYQ,1.14
DEA,Real Estate,REIT - Office,NYQ,1.14
THRM,Consumer Cyclical,Auto Parts,NMS,1.14
MFIC,Financial Services,Asset Management,NMS,1.14
NKTR,Healthcare,Biotechnology,NCM,1.14
NAK,Basic Materials,Other Industrial Metals & Mining,ASE,1.13
ZBIO,Healthcare,Biotechnology,NMS,1.13
BRBI,Financial Services,Capital Markets,NCM,1.13
FSUN,Financial Services,Banks - Regional,NMS,1.13
RDWR,Technology,Software - Infrastructure,NMS,1.13
WGO,Consumer Cyclical,Recreational Vehicles,NYQ,1.13
SAFE,Real Estate,REIT - Diversified,NYQ,1.13
GSBD,Financial Services,Asset Management,NYQ,1.12
KW,Real Estate,Real Estate Services,NYQ,1.12
INVA,Healthcare,Biotechnology,NMS,1.12
NRIX,Healthcare,Biotechnology,NGM,1.12
VRTS,Financial Services,Asset Management,NYQ,1.12
FWRG,Consumer Cyclical,Restaurants,NMS,1.12
OWLS,Technology,Software - Infrastructure,NGM,1.11
INDI,Technology,Semiconductor Equipment & Materials,NCM,1.11
PDFS,Technology,Software - Application,NMS,1.11
OCS,Healthcare,Biotechnology,NGM,1.11
EZPW,Financial Services,Credit Services,NMS,1.11
COLL,Healthcare,Drug Manufacturers - Specialty & Generic,NMS,1.11
ASTE,Industrials,Farm & Heavy Construction Machinery,NMS,1.11
JKS,Technology,Solar,NYQ,1.11
CRCT,Technology,Computer Hardware,NMS,1.11
PRO,Technology,Software - Application,NYQ,1.11
SLDP,Consumer Cyclical,Auto Parts,NMS,1.11
USAS,Basic Materials,Other Industrial Metals & Mining,ASE,1.1
TDUP,Consumer Cyclical,Internet Retail,NMS,1.1
MOMO,Communication Services,Internet Content & Information,NMS,1.1
ANGX,Communication Services,Entertainment,NYQ,1.1
PTA,Financial Services,Asset Management,NYQ,1.1
PMT,Real Estate,REIT - Mortgage,NYQ,1.1
JCAP,Financial Services,Credit Services,NMS,1.1
ASPI,Basic Materials,Chemicals,NCM,1.09
CIM,Real Estate,REIT - Mortgage,NYQ,1.09
CNL,Basic Materials,Gold,ASE,1.09
CNNE,Consumer Cyclical,Restaurants,NYQ,1.09
NPKI,Energy,Oil & Gas Equipment & Services,NYQ,1.09
MSEX,Utilities,Utilities - Regulated Water,NMS,1.09
YB,Technology,Software - Application,NGM,1.08
PEBO,Financial Services,Banks - Regional,NMS,1.08
NVRI,Industrials,Waste Management,NYQ,1.08
BBSI,Industrials,Staffing & Employment Services,NMS,1.08
GCT,Technology,Software - Infrastructure,NGM,1.07
TBLA,Communication Services,Internet Content & Information,NMS,1.07
MUX,Basic Materials,Other Precious Metals & Mining,NYQ,1.07
UTZ,Consumer Defensive,Packaged Foods,NYQ,1.07
HBNB,Real Estate,Real Estate Services,NCM,1.07
OCFC,Financial Services,Banks - Regional,NMS,1.07
COHU,Technology,Semiconductor Equipment & Materials,NMS,1.07
BFS,Real Estate,REIT - Retail,NYQ,1.07
IIIV,Technology,Software - Infrastructure,NMS,1.07
CRTO,Communication Services,Advertising Agencies,NMS,1.07
CCCX,Financial Services,Shell Companies,NGM,1.07
WBI,Energy,Oil & Gas Equipment & Services,NYQ,1.06
LGIH,Consumer Cyclical,Residential Construction,NMS,1.06
CSR,Real Estate,REIT - Residential,NYQ,1.06
ECO,Industrials,Marine Shipping,NYQ,1.06
BAK,Basic Materials,Chemicals,NYQ,1.06
REX,Basic Materials,Chemicals,NYQ,1.06
RES,Energy,Oil & Gas Equipment & Services,NYQ,1.05
RLJ,Real Estate,REIT - Hotel & Motel,NYQ,1.05
CWH,Consumer Cyclical,Auto & Truck Dealerships,NYQ,1.05
NVGS,Energy,Oil & Gas Midstream,NYQ,1.05
PRSU,Consumer Cyclical,Travel Services,NYQ,1.05
PDM,Real Estate,REIT - Office,NYQ,1.05
HDL,Consumer Cyclical,Restaurants,NGM,1.05
YEXT,Technology,Software - Infrastructure,NYQ,1.05
TRIN,Financial Services,Asset Management,NMS,1.05
TTI,Industrials,Conglomerates,NYQ,1.04
BLDP,Industrials,Electrical Equipment & Parts,NGM,1.04
BTZ,Financial Services,Asset Management,NYQ,1.04
SAFT,Financial Services,Insurance - Property & Casualty,NMS,1.04
FOXF,Consumer Cyclical,Auto Parts,NMS,1.04
DHC,Real Estate,REIT - Healthcare Facilities,NMS,1.04
SCL,Basic Materials,Specialty Chemicals,NYQ,1.04
RNP,Financial Services,Asset Management,NYQ,1.04
HLX,Energy,Oil & Gas Equipment & Services,NYQ,1.03
ECPG,Financial Services,Credit Services,NMS,1.03
MEG,Industrials,Waste Management,NYQ,1.03
BBN,Financial Services,Asset Management,NYQ,1.03
WOOF,Consumer Cyclical,Specialty Retail,NMS,1.03
SLSR,Basic Materials,Other Precious Metals & Mining,ASE,1.03
FTRE,Healthcare,Biotechnology,NMS,1.03
OBK,Financial Services,Banks - Regional,NYQ,1.03
NMFC,Financial Services,Asset Management,NMS,1.02
SLI,Basic Materials,Other Industrial Metals & Mining,ASE,1.02
MUC,Financial Services,Asset Management,NYQ,1.02
AOD,Financial Services,Asset Management,NYQ,1.02
UDMY,Consumer Defensive,Education & Training Services,NMS,1.02
HQH,Financial Services,Asset Management,NYQ,1.02
SSYS,Technology,Computer Hardware,NMS,1.02
ATUS,Communication Services,Telecom Services,NYQ,1.02
TWO,Real Estate,REIT - Mortgage,NYQ,1.02
GSL,Industrials,Marine Shipping,NYQ,1.02
SBR,Energy,Oil & Gas Midstream,NYQ,1.02
TNDM,Healthcare,Medical Devices,NGM,1.01
WLFC,Industrials,Rental & Leasing Services,NGM,1.01
NNNN,Healthcare,Medical Instruments & Supplies,NGM,1.01
DEC,Energy,Oil & Gas Integrated,NYQ,1
CSIQ,Technology,Solar,NMS,1
TNGX,Healthcare,Biotechnology,NGM,1
IRMD,Healthcare,Medical Devices,NGM,1
MDXG,Healthcare,Biotechnology,NCM,1
KBDC,Financial Services,Asset Management,NYQ,1
PLYM,Real Estate,REIT - Industrial,NYQ,0.99
PDX,Financial Services,Asset Management,NYQ,0.99
KOD,Healthcare,Biotechnology,NGM,0.99
NBTX,Healthcare,Biotechnology,NMS,0.99
UAN,Basic Materials,Agricultural Inputs,NYQ,0.99
XPEL,Consumer Cyclical,Auto Parts,NCM,0.99
MGIC,Technology,Information Technology Services,NMS,0.99
DAKT,Technology,Electronic Components,NMS,0.99
CCO,Communication Services,Advertising Agencies,NYQ,0.99
TMQ,Basic Materials,Other Industrial Metals & Mining,ASE,0.98
THS,Consumer Defensive,Packaged Foods,NYQ,0.98
ETW,Financial Services,Asset Management,NYQ,0.98
PCRX,Healthcare,Drug Manufacturers - Specialty & Generic,NMS,0.98
EIG,Financial Services,Insurance - Specialty,NYQ,0.98
ANAB,Healthcare,Biotechnology,NMS,0.98
OSBC,Financial Services,Banks - Regional,NMS,0.98
CRON,Healthcare,Drug Manufacturers - Specialty & Generic,NGM,0.97
ECVT,Basic Materials,Specialty Chemicals,NYQ,0.97
LENZ,Healthcare,Biotechnology,NMS,0.97
EYPT,Healthcare,Biotechnology,NGM,0.97
NMAX,Communication Services,Broadcasting,NYQ,0.97
INMD,Healthcare,Medical Devices,NMS,0.97
IRS,Real Estate,Real Estate Services,NYQ,0.97
SEPN,Healthcare,Biotechnology,NGM,0.97
DVLT,Technology,Software - Infrastructure,NCM,0.97
AEVA,Technology,Software - Infrastructure,NMS,0.97
LOMA,Basic Materials,Building Materials,NYQ,0.97
NTGR,Technology,Communication Equipment,NMS,0.96
CTBI,Financial Services,Banks - Regional,NMS,0.96
ERII,Industrials,Pollution & Treatment Controls,NMS,0.96
IGIC,Financial Services,Insurance - Diversified,NCM,0.96
GILT,Technology,Communication Equipment,NMS,0.96
CII,Financial Services,Asset Management,NYQ,0.96
LX,Financial Services,Credit Services,NMS,0.96
XIFR,Utilities,Utilities - Renewable,NYQ,0.96
PHAT,Healthcare,Biotechnology,NMS,0.96
TMP,Financial Services,Banks - Regional,ASE,0.95
BMEZ,Financial Services,Asset Management,NYQ,0.95
SCSC,Technology,Electronics & Computer Distribution,NMS,0.95
AWF,Financial Services,Asset Management,NYQ,0.95
GSM,Basic Materials,Other Industrial Metals & Mining,NCM,0.95
PRME,Healthcare,Biotechnology,NGM,0.95
ULCC,Industrials,Airlines,NMS,0.95
BALY,Consumer Cyclical,Resorts & Casinos,NYQ,0.94
STRD,Technology,Software - Application,NMS,0.94
PROK,Healthcare,Biotechnology,NCM,0.94
XNCR,Healthcare,Biotechnology,NGM,0.94
SBGI,Communication Services,Broadcasting,NMS,0.94
MFA,Real Estate,REIT - Mortgage,NYQ,0.94
AMWD,Consumer Cyclical,"Furnishings, Fixtures & Appliances",NMS,0.94
MNMD,Healthcare,Biotechnology,NMS,0.94
BBDC,Financial Services,Asset Management,NYQ,0.94
BCAX,Healthcare,Biotechnology,NGM,0.94
THR,Industrials,Specialty Industrial Machinery,NYQ,0.93
NGVC,Consumer Defensive,Grocery Stores,NYQ,0.93
PHAR,Healthcare,Biotechnology,NGM,0.93
ALNT,Technology,Electronic Components,NGM,0.93
SWIM,Industrials,Building Products & Equipment,NMS,0.93
EEX,Communication Services,Advertising Agencies,NYQ,0.93
SFL,Industrials,Marine Shipping,NYQ,0.93
BHRB,Financial Services,Banks - Regional,NCM,0.93
NB,Basic Materials,Other Industrial Metals & Mining,NGM,0.93
AHG,Healthcare,Medical Distribution,NCM,0.93
ATLC,Financial Services,Credit Services,NMS,0.93
HIPO,Financial Services,Insurance - Property & Casualty,NYQ,0.92
BLND,Technology,Software - Application,NYQ,0.92
SES,Consumer Cyclical,Auto Parts,NYQ,0.92
CGBD,Financial Services,Asset Management,NMS,0.92
CBL,Real Estate,REIT - Retail,NYQ,0.92
CRSR,Technology,Computer Hardware,NMS,0.91
SDHC,Real Estate,Real Estate - Development,NYQ,0.91
CABO,Communication Services,Telecom Services,NYQ,0.91
EPC,Consumer Defensive,Household & Personal Products,NYQ,0.91
SMP,Consumer Cyclical,Auto Parts,NYQ,0.91
AOSL,Technology,Semiconductors,NMS,0.91
RERE,Consumer Cyclical,Internet Retail,NYQ,0.91
BCSF,Financial Services,Asset Management,NYQ,0.91
CHY,Financial Services,Asset Management,NGM,0.91
BBNX,Healthcare,Medical Devices,NGM,0.91
ASIC,Financial Services,Insurance - Property & Casualty,NYQ,0.91
EVH,Healthcare,Health Information Services,NYQ,0.91
SPRY,Healthcare,Biotechnology,NGM,0.9
FPH,Real Estate,Real Estate - Development,NYQ,0.9
IVA,Healthcare,Biotechnology,NGM,0.9
PFLT,Financial Services,Asset Management,NYQ,0.9
UVE,Financial Services,Insurance - Property & Casualty,NYQ,0.9
UTL,Utilities,Utilities - Diversified,NYQ,0.9
FMBH,Financial Services,Banks - Regional,NGM,0.9
NRDS,Communication Services,Internet Content & Information,NGM,0.9
FBRT,Real Estate,REIT - Mortgage,NYQ,0.89
HNRG,Energy,Thermal Coal,NCM,0.89
OPFI,Financial Services,Credit Services,NYQ,0.89
NRK,Financial Services,Asset Management,NYQ,0.89
HTD,Financial Services,Asset Management,NYQ,0.89
CAN,Technology,Computer Hardware,NGM,0.89
SIFY,Communication Services,Telecom Services,NCM,0.89
ESQ,Financial Services,Banks - Regional,NCM,0.88
AEBI,Industrials,Farm & Heavy Construction Machinery,NMS,0.88
HPK,Energy,Oil & Gas E&P,NGM,0.88
ACEL,Consumer Cyclical,Gambling,NYQ,0.88
SSTK,Communication Services,Internet Content & Information,NYQ,0.88
GES,Consumer Cyclical,Apparel Retail,NYQ,0.88
ODC,Basic Materials,Specialty Chemicals,NYQ,0.88
URGN,Healthcare,Biotechnology,NGM,0.88
GMRE,Real Estate,REIT - Healthcare Facilities,NYQ,0.88
BMBL,Communication Services,Internet Content & Information,NMS,0.88
UVSP,Financial Services,Banks - Regional,NMS,0.88
BYND,Consumer Defensive,Packaged Foods,NMS,0.87
PCN,Financial Services,Asset Management,NYQ,0.87
BOW,Financial Services,Insurance - Property & Casualty,NYQ,0.87
PNTG,Healthcare,Medical Care Facilities,NMS,0.87
CHI,Financial Services,Asset Management,NGM,0.87
BBOT,Healthcare,Biotechnology,NGM,0.87
GETY,Communication Services,Internet Content & Information,NYQ,0.87
GHRS,Healthcare,Biotechnology,NGM,0.87
SG,Consumer Cyclical,Restaurants,NYQ,0.87
DLX,Industrials,Conglomerates,NYQ,0.87
CRMD,Healthcare,Biotechnology,NGM,0.87
IBTA,Technology,Software - Application,NYQ,0.87
PSNL,Healthcare,Diagnostics & Research,NGM,0.86
ASA,Financial Services,Asset Management,NYQ,0.86
BORR,Energy,Oil & Gas Drilling,NYQ,0.86
POET,Technology,Semiconductors,NCM,0.86
EDN,Utilities,Utilities - Regulated Electric,NYQ,0.86
TREE,Financial Services,Financial Conglomerates,NMS,0.86
HLF,Consumer Defensive,Packaged Foods,NYQ,0.86
QNST,Communication Services,Advertising Agencies,NMS,0.86
FVRR,Communication Services,Internet Content & Information,NYQ,0.85
HBNC,Financial Services,Banks - Regional,NMS,0.85
AMAL,Financial Services,Banks - Regional,NGM,0.85
GRPN,Communication Services,Internet Content & Information,NMS,0.85
VTS,Energy,Oil & Gas E&P,NYQ,0.85
SERV,Industrials,Specialty Industrial Machinery,NCM,0.85
ODP,Consumer Cyclical,Specialty Retail,NMS,0.84
AXGN,Healthcare,Medical Devices,NCM,0.84
KURA,Healthcare,Biotechnology,NMS,0.84
HEPS,Consumer Cyclical,Internet Retail,NMS,0.84
SABR,Technology,Software - Infrastructure,NMS,0.84
PBT,Energy,Oil & Gas Midstream,NYQ,0.84
EMBC,Healthcare,Medical Instruments & Supplies,NMS,0.84
EOI,Financial Services,Asset Management,NYQ,0.84
CFFN,Financial Services,Banks - Regional,NMS,0.84
MQY,Financial Services,Asset Management,NYQ,0.84
PHK,Financial Services,Asset Management,NYQ,0.84
BKSY,Industrials,Specialty Business Services,NYQ,0.84
ABUS,Healthcare,Biotechnology,NMS,0.84
APOG,Industrials,Building Products & Equipment,NMS,0.84
AQST,Healthcare,Drug Manufacturers - Specialty & Generic,NGM,0.83
VIR,Healthcare,Biotechnology,NMS,0.83
RZLT,Healthcare,Biotechnology,NCM,0.83
NBN,Financial Services,Banks - Regional,NGM,0.83
SBSI,Financial Services,Banks - Regional,NYQ,0.83
INBX,Healthcare,Biotechnology,NMS,0.83
SKYT,Technology,Semiconductors,NCM,0.83
VALN,Healthcare,Biotechnology,NMS,0.82
SLRC,Financial Services,Asset Management,NMS,0.82
AIO,Financial Services,Asset Management,NYQ,0.82
AIV,Real Estate,REIT - Residential,NYQ,0.82
AVO,Consumer Defensive,Food Distribution,NMS,0.82
NPK,Industrials,Aerospace & Defense,NYQ,0.82
MOFG,Financial Services,Banks - Regional,NMS,0.82
VTEX,Technology,Software - Application,NYQ,0.82
VLRS,Industrials,Airlines,NYQ,0.82
REAX,Real Estate,Real Estate Services,NCM,0.82
CBRL,Consumer Cyclical,Restaurants,NMS,0.81
ADTN,Technology,Communication Equipment,NMS,0.81
NGL,Energy,Oil & Gas Midstream,NYQ,0.81
HAFC,Financial Services,Banks - Regional,NMS,0.81
AMN,Healthcare,Medical Care Facilities,NYQ,0.81
IOVA,Healthcare,Biotechnology,NGM,0.81
DCBO,Technology,Software - Application,NMS,0.81
RSKD,Technology,Software - Application,NYQ,0.81
PVLA,Healthcare,Biotechnology,NCM,0.81
AKBA,Healthcare,Drug Manufacturers - Specialty & Generic,NCM,0.8
KOS,Energy,Oil & Gas E&P,NYQ,0.8
CDNA,Healthcare,Diagnostics & Research,NGM,0.8
ECX,Consumer Cyclical,Auto Parts,NGM,0.8
FFC,Financial Services,Asset Management,NYQ,0.8
CAPL,Energy,Oil & Gas Refining & Marketing,NYQ,0.8
MSC,Consumer Cyclical,Resorts & Casinos,NYQ,0.8
DNA,Healthcare,Biotechnology,NYQ,0.8
EQBK,Financial Services,Banks - Regional,NYQ,0.8
UFCS,Financial Services,Insurance - Property & Casualty,NMS,0.8
IAUX,Basic Materials,Gold,ASE,0.8
CPF,Financial Services,Banks - Regional,NYQ,0.79
HBT,Financial Services,Banks - Regional,NMS,0.79
HFWA,Financial Services,Banks - Regional,NMS,0.79
GERN,Healthcare,Biotechnology,NMS,0.79
AMSF,Financial Services,Insurance - Specialty,NMS,0.79
SKYH,Real Estate,Real Estate - Development,NYQ,0.79
MRTN,Industrials,Trucking,NMS,0.79
MFH,Technology,Information Technology Services,NGM,0.79
EMO,Financial Services,Asset Management,NYQ,0.79
CLB,Energy,Oil & Gas Equipment & Services,NYQ,0.79
ECC,Financial Services,Asset Management,NYQ,0.79
HSTM,Healthcare,Health Information Services,NMS,0.78
ODV,Basic Materials,Gold,NYQ,0.78
ACDC,Energy,Oil & Gas Equipment & Services,NMS,0.78
PDS,Energy,Oil & Gas Drilling,NYQ,0.78
KRUS,Consumer Cyclical,Restaurants,NGM,0.78
CTLP,Technology,Software - Infrastructure,NMS,0.78
DEFT,Financial Services,Capital Markets,NCM,0.78
MAAS,Financial Services,Asset Management,NGM,0.78
LQDT,Consumer Cyclical,Internet Retail,NMS,0.78
BTX,Financial Services,Asset Management,NYQ,0.78
NXDR,Communication Services,Internet Content & Information,NYQ,0.78
TK,Energy,Oil & Gas Midstream,NYQ,0.78
AGRO,Consumer Defensive,Farm Products,NYQ,0.78
NOAH,Financial Services,Asset Management,NYQ,0.77
DAWN,Healthcare,Biotechnology,NMS,0.77
ICHR,Technology,Semiconductor Equipment & Materials,NMS,0.77
MEGI,Financial Services,Asset Management,NYQ,0.77
CMP,Basic Materials,Other Industrial Metals & Mining,NYQ,0.77
AXL,Consumer Cyclical,Auto Parts,NYQ,0.77
WOLF,Technology,Semiconductors,NYQ,0.76
BCX,Financial Services,Asset Management,NYQ,0.76
HRTG,Financial Services,Insurance - Property & Casualty,NYQ,0.76
TYRA,Healthcare,Biotechnology,NMS,0.76
MBX,Healthcare,Biotechnology,NMS,0.76
GLDD,Industrials,Engineering & Construction,NMS,0.76
IGR,Financial Services,Asset Management,NYQ,0.76
ITRN,Technology,Scientific & Technical Instruments,NMS,0.76
ASST,Financial Services,Asset Management,NGM,0.76
GGN,Financial Services,Asset Management,ASE,0.76
MYGN,Healthcare,Diagnostics & Research,NMS,0.76
BWMN,Industrials,Engineering & Construction,NGM,0.76
LTBR,Industrials,Electrical Equipment & Parts,NCM,0.76
FSBC,Financial Services,Banks - Regional,NMS,0.76
NAT,Energy,Oil & Gas Midstream,NYQ,0.76
GOTU,Consumer Defensive,Education & Training Services,NYQ,0.76
RDVT,Technology,Software - Application,NCM,0.76
RGR,Industrials,Aerospace & Defense,NYQ,0.76
MAX,Communication Services,Internet Content & Information,NYQ,0.76
THQ,Financial Services,Asset Management,NYQ,0.75
CANG,Financial Services,Capital Markets,NYQ,0.75
WDI,Financial Services,Asset Management,NYQ,0.75
PSFE,Technology,Software - Infrastructure,NYQ,0.75
RYI,Industrials,Metal Fabrication,NYQ,0.75
JQC,Financial Services,Asset Management,NYQ,0.75
SVRA,Healthcare,Biotechnology,NMS,0.75
NEXA,Basic Materials,Other Industrial Metals & Mining,NYQ,0.75
AVBP,Healthcare,Biotechnology,NGM,0.75
MTUS,Basic Materials,Steel,NYQ,0.75
TH,Industrials,Specialty Business Services,NCM,0.75
AEHR,Technology,Semiconductor Equipment & Materials,NCM,0.75
SMWB,Technology,Software - Application,NYQ,0.75
NXP,Financial Services,Asset Management,NYQ,0.74
APPS,Technology,Software - Application,NCM,0.74
EVER,Communication Services,Internet Content & Information,NGM,0.74
SCHL,Communication Services,Publishing,NMS,0.74
MBWM,Financial Services,Banks - Regional,NMS,0.74
PLOW,Consumer Cyclical,Auto Parts,NYQ,0.74
MCB,Financial Services,Banks - Regional,NYQ,0.74
EXOD,Technology,Software - Infrastructure,ASE,0.74
TRNS,Industrials,Specialty Business Services,NGM,0.74
GYRE,Healthcare,Biotechnology,NCM,0.74
AVXL,Healthcare,Biotechnology,NMS,0.74
AMTB,Financial Services,Banks - Regional,NYQ,0.74
BFST,Financial Services,Banks - Regional,NMS,0.74
BJRI,Consumer Cyclical,Restaurants,NMS,0.73
MYI,Financial Services,Asset Management,NYQ,0.73
TXO,Energy,Oil & Gas E&P,NYQ,0.73
TYG,Financial Services,Asset Management,NYQ,0.73
LINC,Consumer Defensive,Education & Training Services,NMS,0.73
OPY,Financial Services,Capital Markets,NYQ,0.73
MATW,Industrials,Conglomerates,NMS,0.73
RA,Financial Services,Asset Management,NYQ,0.73
QD,Financial Services,Credit Services,NYQ,0.73
OLPX,Consumer Cyclical,Specialty Retail,NMS,0.73
CCNE,Financial Services,Banks - Regional,NMS,0.73
FDUS,Financial Services,Asset Management,NMS,0.73
FLGT,Healthcare,Diagnostics & Research,NGM,0.73
LAR,Basic Materials,Other Industrial Metals & Mining,NYQ,0.73
GPRE,Basic Materials,Chemicals,NMS,0.73
BBW,Consumer Cyclical,Specialty Retail,NYQ,0.73
RAPT,Healthcare,Biotechnology,NGM,0.73
RWT,Real Estate,REIT - Mortgage,NYQ,0.73
KE,Industrials,Electrical Equipment & Parts,NMS,0.72
IMOS,Technology,Semiconductors,NMS,0.72
LYTS,Technology,Electronic Components,NMS,0.72
GDOT,Financial Services,Credit Services,NYQ,0.72
SHEN,Communication Services,Telecom Services,NMS,0.72
KLC,Consumer Defensive,Education & Training Services,NYQ,0.72
VEL,Financial Services,Mortgage Finance,NYQ,0.72
INNV,Healthcare,Medical Care Facilities,NMS,0.72
PAXS,Financial Services,Asset Management,NYQ,0.72
ASM,Basic Materials,Other Precious Metals & Mining,ASE,0.72
BZH,Consumer Cyclical,Residential Construction,NYQ,0.72
AIOT,Technology,Software - Infrastructure,NGM,0.72
TBPH,Healthcare,Biotechnology,NGM,0.72
BHK,Financial Services,Asset Management,NYQ,0.72
DLY,Financial Services,Asset Management,NYQ,0.72
JBSS,Consumer Defensive,Packaged Foods,NMS,0.71
CSV,Consumer Cyclical,Personal Services,NYQ,0.71
NX,Industrials,Building Products & Equipment,NYQ,0.71
AIRS,Healthcare,Medical Care Facilities,NGM,0.71
NBBK,Financial Services,Banks - Regional,NCM,0.71
CCBG,Financial Services,Banks - Regional,NMS,0.71
HTB,Financial Services,Banks - Regional,NYQ,0.71
VINP,Financial Services,Asset Management,NMS,0.71
ACP,Financial Services,Asset Management,NYQ,0.71
ABAT,Industrials,Waste Management,NCM,0.71
AXG,Financial Services,Capital Markets,NCM,0.71
YSG,Consumer Defensive,Household & Personal Products,NYQ,0.71
NCDL,Financial Services,Asset Management,NYQ,0.71
CSTL,Healthcare,Diagnostics & Research,NGM,0.71
CLPT,Healthcare,Medical Devices,NCM,0.7
TEN,Energy,Oil & Gas Midstream,NYQ,0.7
AHH,Real Estate,REIT - Diversified,NYQ,0.7
GAU,Basic Materials,Gold,ASE,0.7
WLKP,Basic Materials,Chemicals,NYQ,0.7
PFN,Financial Services,Asset Management,NYQ,0.7
NIE,Financial Services,Asset Management,NYQ,0.7
NUTX,Healthcare,Medical Care Facilities,NCM,0.7
ETD,Consumer Cyclical,"Furnishings, Fixtures & Appliances",NYQ,0.7
TRTX,Real Estate,REIT - Mortgage,NYQ,0.7
TRON,Consumer Cyclical,Leisure,NCM,0.7
ATXS,Healthcare,Biotechnology,NGM,0.7
ASPN,Industrials,Building Products & Equipment,NYQ,0.7
TRST,Financial Services,Banks - Regional,NMS,0.7
MGTX,Healthcare,Biotechnology,NMS,0.7
REPL,Healthcare,Biotechnology,NMS,0.69
BTO,Financial Services,Asset Management,NYQ,0.69
BRSP,Real Estate,REIT - Mortgage,NYQ,0.69
VSTS,Industrials,Rental & Leasing Services,NYQ,0.69
AMRK,Financial Services,Capital Markets,NMS,0.69
GNK,Industrials,Marine Shipping,NYQ,0.69
LXU,Basic Materials,Chemicals,NYQ,0.69
GRNT,Energy,Oil & Gas E&P,NYQ,0.69
NBR,Energy,Oil & Gas Drilling,NYQ,0.69
GLUE,Healthcare,Biotechnology,NMS,0.69
CARS,Communication Services,Internet Content & Information,NYQ,0.69
KOPN,Technology,Electronic Components,NCM,0.69
HOV,Consumer Cyclical,Residential Construction,NYQ,0.68
RHLD,Industrials,Specialty Business Services,NYQ,0.68
WRLD,Financial Services,Credit Services,NMS,0.68
CMPX,Healthcare,Biotechnology,NCM,0.68
CPS,Consumer Cyclical,Auto Parts,NYQ,0.68
HUYA,Communication Services,Entertainment,NYQ,0.68
STKL,Consumer Defensive,Beverages - Non-Alcoholic,NMS,0.68
ARVN,Healthcare,Biotechnology,NMS,0.68
ERAS,Healthcare,Biotechnology,NMS,0.68
DNUT,Consumer Defensive,Grocery Stores,NMS,0.68
TERN,Healthcare,Biotechnology,NMS,0.68
GHM,Industrials,Specialty Industrial Machinery,NYQ,0.68
BLMN,Consumer Cyclical,Restaurants,NMS,0.68
LIND,Consumer Cyclical,Travel Services,NCM,0.68
MPB,Financial Services,Banks - Regional,NGM,0.68
MCBS,Financial Services,Banks - Regional,NMS,0.68
GDYN,Technology,Information Technology Services,NCM,0.68
HIFS,Financial Services,Banks - Regional,NGM,0.68
TIPT,Financial Services,Insurance - Specialty,NCM,0.67
CINT,Technology,Software - Infrastructure,NYQ,0.67
ORRF,Financial Services,Banks - Regional,NCM,0.67
CEVA,Technology,Semiconductors,NMS,0.67
SGML,Basic Materials,Other Industrial Metals & Mining,NCM,0.67
IBCP,Financial Services,Banks - Regional,NMS,0.67
SIBN,Healthcare,Medical Devices,NGM,0.67
SXC,Basic Materials,Coking Coal,NYQ,0.67
HY,Industrials,Farm & Heavy Construction Machinery,NYQ,0.67
CLNE,Energy,Oil & Gas Refining & Marketing,NMS,0.67
THFF,Financial Services,Banks - Regional,NMS,0.66
PUMP,Energy,Oil & Gas Equipment & Services,NYQ,0.66
MBUU,Consumer Cyclical,Recreational Vehicles,NGM,0.66
VMO,Financial Services,Asset Management,NYQ,0.66
LXEO,Healthcare,Biotechnology,NGM,0.66
SPT,Technology,Software - Application,NCM,0.66
RGNX,Healthcare,Biotechnology,NMS,0.66
GSBC,Financial Services,Banks - Regional,NMS,0.66
STK,Financial Services,Asset Management,NYQ,0.65
MYE,Consumer Cyclical,Packaging & Containers,NYQ,0.65
STRW,Real Estate,REIT - Healthcare Facilities,ASE,0.65
KRNT,Industrials,Specialty Industrial Machinery,NMS,0.65
HTBK,Financial Services,Banks - Regional,NMS,0.65
FIP,Industrials,Conglomerates,NMS,0.65
APEI,Consumer Defensive,Education & Training Services,NMS,0.65
ARQQ,Technology,Software - Infrastructure,NCM,0.65
ABSI,Healthcare,Biotechnology,NMS,0.64
BDN,Real Estate,REIT - Office,NYQ,0.64
MSIF,Financial Services,Asset Management,NYQ,0.64
TBLD,Financial Services,Asset Management,NGM,0.64
MTA,Basic Materials,Other Precious Metals & Mining,ASE,0.64
PDT,Financial Services,Asset Management,NYQ,0.64
WDH,Financial Services,Insurance - Diversified,NYQ,0.64
BOE,Financial Services,Asset Management,NYQ,0.64
CAC,Financial Services,Banks - Regional,NMS,0.64
FAX,Financial Services,Asset Management,NYQ,0.64
MATV,Basic Materials,Specialty Chemicals,NYQ,0.63
WSR,Real Estate,REIT - Retail,NYQ,0.63
AHT,Real Estate,REIT - Hotel & Motel,NYQ,0.63
CPAC,Basic Materials,Building Materials,NYQ,0.63
GROY,Basic Materials,Gold,ASE,0.63
ESPR,Healthcare,Drug Manufacturers - Specialty & Generic,NGM,0.63
SUPV,Financial Services,Banks - Regional,NYQ,0.63
NDMO,Financial Services,Asset Management,NYQ,0.63
SPFI,Financial Services,Banks - Regional,NMS,0.63
OFIX,Healthcare,Medical Devices,NMS,0.63
ANGI,Communication Services,Internet Content & Information,NMS,0.63
ADAM,Real Estate,REIT - Mortgage,NMS,0.63
RBBN,Technology,Software - Application,NMS,0.63
FCBC,Financial Services,Banks - Regional,NMS,0.62
LDP,Financial Services,Asset Management,NYQ,0.62
MUJ,Financial Services,Asset Management,NYQ,0.62
LWLG,Basic Materials,Specialty Chemicals,NCM,0.62
HTLD,Industrials,Trucking,NMS,0.62
MHD,Financial Services,Asset Management,NYQ,0.62
IFN,Financial Services,Asset Management,NYQ,0.62
PRTH,Technology,Software - Infrastructure,NCM,0.62
OSPN,Technology,Software - Infrastructure,NCM,0.61
SMBK,Financial Services,Banks - Regional,NYQ,0.61
TROX,Basic Materials,Chemicals,NYQ,0.61
VTLE,Energy,Oil & Gas E&P,NYQ,0.61
SNCY,Industrials,Airlines,NMS,0.61
NKX,Financial Services,Asset Management,NYQ,0.61
FWRD,Industrials,Integrated Freight & Logistics,NMS,0.61
CLMB,Technology,Electronics & Computer Distribution,NGM,0.61
URG,Energy,Uranium,ASE,0.61
EMD,Financial Services,Asset Management,NYQ,0.61
AIP,Technology,Semiconductors,NGM,0.61
CMCL,Basic Materials,Gold,ASE,0.61
PACB,Healthcare,Medical Devices,NMS,0.61
SFIX,Consumer Cyclical,Apparel Retail,NMS,0.61
PLAY,Communication Services,Entertainment,NMS,0.61
CGNT,Technology,Software - Infrastructure,NMS,0.61
OXM,Consumer Cyclical,Apparel Manufacturing,NYQ,0.6
ZVRA,Healthcare,Biotechnology,NMS,0.6
MLTX,Healthcare,Biotechnology,NCM,0.6
SMBC,Financial Services,Banks - Regional,NGM,0.6
ETJ,Financial Services,Asset Management,NYQ,0.6
CMPS,Healthcare,Medical Care Facilities,NMS,0.6
IIIN,Industrials,Metal Fabrication,NYQ,0.6
CODI,Industrials,Conglomerates,NYQ,0.6
UXIN,Consumer Cyclical,Auto & Truck Dealerships,NMS,0.6
NAGE,Healthcare,Biotechnology,NCM,0.6
ASGI,Financial Services,Asset Management,NYQ,0.6
BUI,Financial Services,Asset Management,NYQ,0.6
GEVO,Basic Materials,Specialty Chemicals,NCM,0.6
SIGA,Healthcare,Drug Manufacturers - Specialty & Generic,NGM,0.6
BLZE,Technology,Software - Infrastructure,NGM,0.59
CEPF,Financial Services,Shell Companies,NGM,0.59
IIM,Financial Services,Asset Management,NYQ,0.59
VENU,Consumer Cyclical,Restaurants,ASE,0.59
REPX,Energy,Oil & Gas E&P,ASE,0.59
EVAC,Financial Services,Shell Companies,NYQ,0.59
ZEPP,Technology,Consumer Electronics,NYQ,0.59
INN,Real Estate,REIT - Hotel & Motel,NYQ,0.59
NMCO,Financial Services,Asset Management,NYQ,0.59
ACIC,Financial Services,Insurance - Property & Casualty,NCM,0.58
FUFU,Financial Services,Capital Markets,NCM,0.58
DSP,Technology,Software - Application,NMS,0.58
GDEN,Consumer Cyclical,Resorts & Casinos,NGM,0.58
BIT,Financial Services,Asset Management,NYQ,0.58
HOND,Financial Services,Shell Companies,NGM,0.58
NPB,Financial Services,Banks - Regional,NYQ,0.58
CCD,Financial Services,Asset Management,NGM,0.58
ADSE,Industrials,Electrical Equipment & Parts,NCM,0.58
XNET,Technology,Software - Infrastructure,NMS,0.58
SNDL,Consumer Defensive,Beverages - Wineries & Distilleries,NCM,0.58
TE,Industrials,Electrical Equipment & Parts,NYQ,0.58
FISI,Financial Services,Banks - Regional,NMS,0.58
PRAA,Financial Services,Credit Services,NMS,0.58
PEO,Financial Services,Asset Management,NYQ,0.58
OPT,Healthcare,Biotechnology,NMS,0.58
DJCO,Technology,Software - Application,NCM,0.57
HONE,Financial Services,Banks - Regional,NMS,0.57
KOP,Basic Materials,Specialty Chemicals,NYQ,0.57
KREF,Real Estate,REIT - Mortgage,NYQ,0.57
MMU,Financial Services,Asset Management,NYQ,0.57
AMBQ,Technology,Semiconductors,NYQ,0.57
BXC,Industrials,Industrial Distribution,NYQ,0.57
LEGH,Consumer Cyclical,Residential Construction,NMS,0.57
CYH,Healthcare,Medical Care Facilities,NYQ,0.57
KRO,Basic Materials,Specialty Chemicals,NYQ,0.57
HZO,Consumer Cyclical,Specialty Retail,NYQ,0.57
DSU,Financial Services,Asset Management,NYQ,0.57
GOSS,Healthcare,Biotechnology,NMS,0.57
ABL,Financial Services,Insurance - Life,NCM,0.56
RMT,Financial Services,Asset Management,NYQ,0.56
ALTI,Financial Services,Asset Management,NCM,0.56
DOMO,Technology,Software - Application,NGM,0.56
NRGV,Utilities,Utilities - Renewable,NYQ,0.56
CWCO,Utilities,Utilities - Regulated Water,NMS,0.56
BCAL,Financial Services,Banks - Regional,NCM,0.56
EU,Energy,Uranium,NCM,0.56
BFLY,Healthcare,Medical Devices,NYQ,0.56
KALV,Healthcare,Biotechnology,NGM,0.56
HYMC,Basic Materials,Gold,NCM,0.56
GBFH,Financial Services,Banks - Regional,NCM,0.56
AVK,Financial Services,Asset Management,NYQ,0.56
POM,Healthcare,Pharmaceutical Retailers,NGM,0.55
GCI,Communication Services,Publishing,NYQ,0.55
THRY,Communication Services,Internet Content & Information,NCM,0.55
AVNS,Healthcare,Medical Devices,NYQ,0.55
VGM,Financial Services,Asset Management,NYQ,0.55
NUS,Consumer Defensive,Household & Personal Products,NYQ,0.55
CNCK,Financial Services,Capital Markets,NGM,0.55
ALRS,Financial Services,Banks - Regional,NCM,0.55
HKD,Technology,Software - Application,NYQ,0.55
BCYC,Healthcare,Biotechnology,NMS,0.55
OLMA,Healthcare,Biotechnology,NMS,0.55
CRVS,Healthcare,Biotechnology,NGM,0.55
JFIN,Communication Services,Internet Content & Information,NGM,0.54
MNRO,Consumer Cyclical,Auto Parts,NMS,0.54
RIGL,Healthcare,Biotechnology,NMS,0.54
ASIX,Basic Materials,Chemicals,NYQ,0.54
CTKB,Healthcare,Medical Devices,NMS,0.54
NEXN,Communication Services,Advertising Agencies,NGM,0.54
CYRX,Industrials,Integrated Freight & Logistics,NCM,0.54
GUT,Financial Services,Asset Management,NYQ,0.54
GTN,Communication Services,Broadcasting,NYQ,0.54
BLW,Financial Services,Asset Management,NYQ,0.54
CTMX,Healthcare,Biotechnology,NMS,0.54
TATT,Industrials,Aerospace & Defense,NGM,0.54
VKQ,Financial Services,Asset Management,NYQ,0.54
GOOD,Real Estate,REIT - Diversified,NMS,0.54
NKLR,Utilities,Utilities - Regulated Electric,NGM,0.54
KODK,Industrials,Specialty Business Services,NYQ,0.54
UROY,Energy,Uranium,NCM,0.54
DIAX,Financial Services,Asset Management,NYQ,0.54
LAB,Healthcare,Medical Devices,NMS,0.54
ORGO,Healthcare,Drug Manufacturers - Specialty & Generic,NCM,0.54
WIW,Financial Services,Asset Management,NYQ,0.54
TLS,Technology,Software - Infrastructure,NGM,0.54
CTO,Real Estate,REIT - Diversified,NYQ,0.54
BGIN,Technology,Computer Hardware,NGM,0.53
IQI,Financial Services,Asset Management,NYQ,0.53
CCSI,Technology,Software - Infrastructure,NMS,0.53
CCAP,Financial Services,Asset Management,NGM,0.53
XYF,Financial Services,Credit Services,NYQ,0.53
TSSI,Technology,Information Technology Services,NCM,0.53
BGB,Financial Services,Asset Management,NYQ,0.53
PKST,Real Estate,REIT - Office,NYQ,0.53
SHBI,Financial Services,Banks - Regional,NMS,0.53
EGBN,Financial Services,Banks - Regional,NCM,0.53
WEAV,Healthcare,Health Information Services,NYQ,0.53
PRTA,Healthcare,Biotechnology,NMS,0.53
TCBX,Financial Services,Banks - Regional,NYQ,0.53
WASH,Financial Services,Banks - Regional,NMS,0.53
PML,Financial Services,Asset Management,NYQ,0.53
FTHY,Financial Services,Asset Management,NYQ,0.53
SCVL,Consumer Cyclical,Apparel Retail,NMS,0.53
GAIN,Financial Services,Asset Management,NMS,0.53
NWPX,Basic Materials,Steel,NMS,0.53
FDMT,Healthcare,Biotechnology,NMS,0.53
EBS,Healthcare,Drug Manufacturers - Specialty & Generic,NYQ,0.52
HCKT,Technology,Information Technology Services,NMS,0.52
BHB,Financial Services,Banks - Regional,ASE,0.52
BGY,Financial Services,Asset Management,NYQ,0.52
IDR,Basic Materials,Gold,ASE,0.52
MGPI,Consumer Defensive,Beverages - Wineries & Distilleries,NMS,0.52
VCV,Financial Services,Asset Management,NYQ,0.52
GUG,Financial Services,Asset Management,NYQ,0.52
NXJ,Financial Services,Asset Management,NYQ,0.52
LXRX,Healthcare,Biotechnology,NCM,0.52
KFRC,Industrials,Staffing & Employment Services,NYQ,0.52
GHY,Financial Services,Asset Management,NYQ,0.52
YRD,Financial Services,Credit Services,NYQ,0.51
THW,Financial Services,Asset Management,NYQ,0.51
OMER,Healthcare,Biotechnology,NGM,0.51
UHT,Real Estate,REIT - Healthcare Facilities,NYQ,0.51
BZAI,Technology,Software - Application,NGM,0.51
CLCO,Energy,Oil & Gas Midstream,NYQ,0.51
RC,Real Estate,REIT - Mortgage,NYQ,0.51
BACQ,Financial Services,Shell Companies,NGM,0.51
ARKO,Consumer Cyclical,Specialty Retail,NCM,0.51
EIM,Financial Services,Asset Management,ASE,0.51
VVR,Financial Services,Asset Management,NYQ,0.51
TWI,Industrials,Farm & Heavy Construction Machinery,NYQ,0.51
DAVA,Technology,Software - Infrastructure,NYQ,0.51
IBEX,Technology,Information Technology Services,NGM,0.51
FMNB,Financial Services,Banks - Regional,NCM,0.51
ANGO,Healthcare,Medical Instruments & Supplies,NMS,0.51
CASS,Industrials,Specialty Business Services,NMS,0.51
CVLG,Industrials,Trucking,NYQ,0.5
NRIM,Financial Services,Banks - Regional,NMS,0.5
CLFD,Technology,Communication Equipment,NGM,0.5
FULC,Healthcare,Biotechnology,NGM,0.5
HPS,Financial Services,Asset Management,NYQ,0.5
BAND,Technology,Software - Infrastructure,NMS,0.5
CRNC,Technology,Software - Application,NMS,0.5
BLE,Financial Services,Asset Management,NYQ,0.5
SNDA,Healthcare,Medical Care Facilities,NYQ,0.5
KRT,Consumer Cyclical,Packaging & Containers,NMS,0.5
CMTG,Real Estate,REIT - Mortgage,NYQ,0.5
ITIC,Financial Services,Insurance - Specialty,NMS,0.5
LZMH,Technology,Information Technology Services,NCM,0.5
OCGN,Healthcare,Biotechnology,NCM,0.5
VERI,Technology,Software - Infrastructure,NGM,0.5
VREX,Healthcare,Medical Devices,NMS,0.5
ETON,Healthcare,Drug Manufacturers - Specialty & Generic,NGM,0.5
BWMX,Consumer Cyclical,Specialty Retail,NYQ,0.5
ASC,Industrials,Marine Shipping,NYQ,0.5
ISOU,Energy,Uranium,ASE,0.5
FTK,Energy,Oil & Gas Equipment & Services,NYQ,0.5
MNPR,Healthcare,Biotechnology,NCM,0.5
RYAM,Basic Materials,Chemicals,NYQ,0.49
ADV,Communication Services,Advertising Agencies,NMS,0.49
VSTM,Healthcare,Biotechnology,NCM,0.49
IMAB,Healthcare,Biotechnology,NGM,0.49
TCPC,Financial Services,Asset Management,NMS,0.49
ITRG,Basic Materials,Other Precious Metals & Mining,ASE,0.49
IVR,Real Estate,REIT - Mortgage,NYQ,0.49
RSVR,Communication Services,Entertainment,NGM,0.49
NFE,Energy,Oil & Gas Midstream,NMS,0.49
NBB,Financial Services,Asset Management,NYQ,0.49
BME,Financial Services,Asset Management,NYQ,0.49
DPG,Financial Services,Asset Management,NYQ,0.49
HQL,Financial Services,Asset Management,NYQ,0.49
ZKH,Consumer Cyclical,Internet Retail,NYQ,0.49
WEST,Consumer Defensive,Packaged Foods,NGM,0.49
CBNK,Financial Services,Banks - Regional,NMS,0.49
CION,Financial Services,Asset Management,NYQ,0.49
LE,Consumer Cyclical,Apparel Retail,NCM,0.49
ISD,Financial Services,Asset Management,NYQ,0.48
EMX,Basic Materials,Other Industrial Metals & Mining,ASE,0.48
BYRN,Industrials,Aerospace & Defense,NCM,0.48
VPG,Technology,Scientific & Technical Instruments,NYQ,0.48
CHW,Financial Services,Asset Management,NGM,0.48
BWB,Financial Services,Banks - Regional,NCM,0.48
AIRO,Industrials,Aerospace & Defense,NGM,0.48
PFIS,Financial Services,Banks - Regional,NMS,0.48
UNTY,Financial Services,Banks - Regional,NGM,0.48
PGC,Financial Services,Banks - Regional,NMS,0.48
FRPH,Real Estate,Real Estate Services,NMS,0.48
ANSC,Financial Services,Shell Companies,NGM,0.48
NPFD,Financial Services,Asset Management,NYQ,0.48
KIO,Financial Services,Asset Management,NYQ,0.48
NFGC,Basic Materials,Gold,ASE,0.48
PSTL,Real Estate,REIT - Office,NYQ,0.48
IVVD,Healthcare,Biotechnology,NGM,0.48
MYD,Financial Services,Asset Management,NYQ,0.48
HELE,Consumer Defensive,Household & Personal Products,NMS,0.47
ULH,Industrials,Trucking,NMS,0.47
OTLY,Consumer Defensive,Packaged Foods,NMS,0.47
CBLL,Healthcare,Medical Devices,NMS,0.47
SITC,Real Estate,REIT - Retail,NYQ,0.47
EVTL,Industrials,Aerospace & Defense,NYQ,0.47
ASTL,Basic Materials,Steel,NGM,0.47
OPAL,Utilities,Utilities - Regulated Gas,NCM,0.47
DC,Basic Materials,Gold,ASE,0.47
AII,Financial Services,Insurance - Property & Casualty,NYQ,0.47
TBN,Energy,Oil & Gas E&P,NYQ,0.47
ALLT,Technology,Software - Infrastructure,NMS,0.47
IGD,Financial Services,Asset Management,NYQ,0.47
EQV,Financial Services,Shell Companies,NYQ,0.47
ACNB,Financial Services,Banks - Regional,NCM,0.47
MLR,Consumer Cyclical,Auto Parts,NYQ,0.47
ALMS,Healthcare,Biotechnology,NMS,0.47
BKKT,Technology,Software - Infrastructure,NYQ,0.46
QSI,Healthcare,Medical Devices,NGM,0.46
AUNA,Healthcare,Medical Care Facilities,NYQ,0.46
BVS,Healthcare,Medical Devices,NMS,0.46
RMAX,Real Estate,Real Estate Services,NYQ,0.46
MSB,Basic Materials,Steel,NYQ,0.46
CGEM,Healthcare,Biotechnology,NMS,0.46
FPI,Real Estate,REIT - Specialty,NYQ,0.46
KROS,Healthcare,Biotechnology,NGM,0.46
JBIO,Healthcare,Biotechnology,NCM,0.46
RPAY,Technology,Software - Infrastructure,NCM,0.46
IHRT,Communication Services,Broadcasting,NMS,0.46
PACK,Consumer Cyclical,Packaging & Containers,NYQ,0.46
NML,Financial Services,Asset Management,ASE,0.46
FFWM,Financial Services,Banks - Regional,NYQ,0.46
CGC,Healthcare,Drug Manufacturers - Specialty & Generic,NMS,0.46
AAM,Financial Services,Shell Companies,NYQ,0.46
ADUR,Industrials,Pollution & Treatment Controls,NCM,0.46
ADCT,Healthcare,Biotechnology,NYQ,0.46
YORW,Utilities,Utilities - Regulated Water,NMS,0.46
HPI,Financial Services,Asset Management,NYQ,0.46
TALK,Healthcare,Health Information Services,NCM,0.46
COFS,Financial Services,Banks - Regional,NCM,0.46
SB,Industrials,Marine Shipping,NYQ,0.46
JOUT,Consumer Cyclical,Leisure,NMS,0.46
ETO,Financial Services,Asset Management,NYQ,0.46
NQP,Financial Services,Asset Management,NYQ,0.45
AROW,Financial Services,Banks - Regional,NMS,0.45
CMCO,Industrials,Farm & Heavy Construction Machinery,NMS,0.45
BRCB,Consumer Cyclical,Restaurants,NGM,0.45
ASMB,Healthcare,Biotechnology,NMS,0.45
NFBK,Financial Services,Banks - Regional,NMS,0.45
OLP,Real Estate,REIT - Diversified,NYQ,0.45
ELVR,Basic Materials,Other Industrial Metals & Mining,NCM,0.45
NMG,Basic Materials,Other Industrial Metals & Mining,NYQ,0.45
XRX,Technology,Information Technology Services,NMS,0.45
FFIC,Financial Services,Banks - Regional,NMS,0.45
SWBI,Industrials,Aerospace & Defense,NMS,0.45
RRBI,Financial Services,Banks - Regional,NMS,0.45
SOHU,Communication Services,Electronic Gaming & Multimedia,NMS,0.45
NLOP,Real Estate,REIT - Office,NYQ,0.44
NOA,Energy,Oil & Gas Equipment & Services,NYQ,0.44
DFP,Financial Services,Asset Management,NYQ,0.44
SLDB,Healthcare,Biotechnology,NMS,0.44
DRUG,Healthcare,Biotechnology,NCM,0.44
DDI,Communication Services,Electronic Gaming & Multimedia,NMS,0.44
MAMA,Consumer Defensive,Packaged Foods,NCM,0.44
EVN,Financial Services,Asset Management,NYQ,0.44
WOW,Communication Services,Telecom Services,NYQ,0.44
MLAB,Technology,Scientific & Technical Instruments,NMS,0.44
GDEV,Communication Services,Electronic Gaming & Multimedia,NGM,0.44
HBCP,Financial Services,Banks - Regional,NMS,0.44
LAW,Technology,Software - Application,NYQ,0.44
NATH,Consumer Cyclical,Restaurants,NMS,0.44
BOC,Industrials,Conglomerates,NYQ,0.44
BFK,Financial Services,Asset Management,NYQ,0.44
IMXI,Technology,Software - Infrastructure,NCM,0.44
TOI,Healthcare,Medical Care Facilities,NCM,0.44
MITK,Technology,Software - Application,NCM,0.44
FRA,Financial Services,Asset Management,NYQ,0.44
PERI,Communication Services,Internet Content & Information,NMS,0.44
EOLS,Healthcare,Drug Manufacturers - Specialty & Generic,NGM,0.44
FINS,Financial Services,Asset Management,NYQ,0.44
EAF,Industrials,Electrical Equipment & Parts,NYQ,0.44
GLAD,Financial Services,Asset Management,NMS,0.44
ETB,Financial Services,Asset Management,NYQ,0.44
WRN,Basic Materials,Other Industrial Metals & Mining,ASE,0.43
TTGT,Technology,Information Technology Services,NMS,0.43
CDZI,Utilities,Utilities - Regulated Water,NGM,0.43
FFA,Financial Services,Asset Management,NYQ,0.43
CAL,Consumer Cyclical,Apparel Retail,NYQ,0.43
NMRA,Healthcare,Biotechnology,NMS,0.43
LZM,Basic Materials,Other Industrial Metals & Mining,NYQ,0.43
EHAB,Healthcare,Medical Care Facilities,NYQ,0.43
UMAC,Technology,Computer Hardware,ASE,0.43
NGNE,Healthcare,Biotechnology,NGM,0.43
CIVB,Financial Services,Banks - Regional,NCM,0.43
TMCI,Healthcare,Medical Devices,NMS,0.43
SRTA,Industrials,Airports & Air Services,NCM,0.43
NMAI,Financial Services,Asset Management,NYQ,0.43
DIN,Consumer Cyclical,Restaurants,NYQ,0.43
KRNY,Financial Services,Banks - Regional,NMS,0.43
KIDS,Healthcare,Medical Devices,NGM,0.43
PRTC,Healthcare,Biotechnology,NGM,0.43
SD,Energy,Oil & Gas E&P,NYQ,0.43
OMI,Healthcare,Medical Distribution,NYQ,0.43
XOMA,Healthcare,Biotechnology,NGM,0.43
EBF,Industrials,Business Equipment & Supplies,NYQ,0.43
BNTC,Healthcare,Biotechnology,NCM,0.43
TRC,Industrials,Conglomerates,NYQ,0.43
FBIZ,Financial Services,Banks - Regional,NMS,0.42
MUA,Financial Services,Asset Management,NYQ,0.42
BCAR,Financial Services,Shell Companies,NGM,0.42
RCKT,Healthcare,Biotechnology,NGM,0.42
ENGN,Healthcare,Biotechnology,NCM,0.42
MOV,Consumer Cyclical,Luxury Goods,NYQ,0.42
DBVT,Healthcare,Biotechnology,NCM,0.42
CCRN,Healthcare,Medical Care Facilities,NMS,0.42
GBAB,Financial Services,Asset Management,NYQ,0.42
KFS,Consumer Cyclical,Auto & Truck Dealerships,NYQ,0.42
RMNI,Technology,Software - Application,NGM,0.42
MCS,Communication Services,Entertainment,NYQ,0.42
VHI,Basic Materials,Chemicals,NYQ,0.42
PNNT,Financial Services,Asset Management,NYQ,0.42
HDSN,Basic Materials,Specialty Chemicals,NCM,0.42
GLRE,Financial Services,Insurance - Reinsurance,NMS,0.42
RXT,Technology,Software - Infrastructure,NMS,0.42
CVGW,Consumer Defensive,Food Distribution,NMS,0.42
MCI,Financial Services,Asset Management,NYQ,0.42
DDL,Consumer Defensive,Grocery Stores,NYQ,0.41
SDHY,Financial Services,Asset Management,NYQ,0.41
AUTL,Healthcare,Biotechnology,NMS,0.41
NEWP,Basic Materials,Other Precious Metals & Mining,ASE,0.41
GBLI,Financial Services,Insurance - Property & Casualty,NYQ,0.41
BSVN,Financial Services,Banks - Regional,NMS,0.41
INVZ,Consumer Cyclical,Auto Parts,NCM,0.41
CHCT,Real Estate,REIT - Healthcare Facilities,NYQ,0.41
OBE,Energy,Oil & Gas E&P,ASE,0.41
CARE,Financial Services,Banks - Regional,NMS,0.41
CNDT,Technology,Information Technology Services,NMS,0.41
PTLO,Consumer Cyclical,Restaurants,NMS,0.41
VTYX,Healthcare,Biotechnology,NMS,0.41
GNE,Utilities,Utilities - Regulated Electric,NYQ,0.41
EAD,Financial Services,Asset Management,ASE,0.41
GRVY,Communication Services,Electronic Gaming & Multimedia,NGM,0.41
EGY,Energy,Oil & Gas E&P,NYQ,0.41
JELD,Industrials,Building Products & Equipment,NYQ,0.41
USBC,Technology,Scientific & Technical Instruments,ASE,0.41
CWBC,Financial Services,Banks - Regional,NCM,0.41
AMRN,Healthcare,Drug Manufacturers - General,NCM,0.41
MTW,Industrials,Farm & Heavy Construction Machinery,NYQ,0.41
SGU,Energy,Oil & Gas Refining & Marketing,NYQ,0.41
AACI,Financial Services,Shell Companies,NGM,0.41
TACO,Financial Services,Shell Companies,NGM,0.4
MVF,Financial Services,Asset Management,NYQ,0.4
AGL,Healthcare,Medical Care Facilities,NYQ,0.4
ILPT,Real Estate,REIT - Industrial,NMS,0.4
SVC,Real Estate,REIT - Hotel & Motel,NMS,0.4
NVX,Industrials,Electrical Equipment & Parts,NGM,0.4
BRBS,Financial Services,Banks - Regional,ASE,0.4
KFII,Financial Services,Shell Companies,NGM,0.4
LWAY,Consumer Defensive,Packaged Foods,NGM,0.4
OIS,Energy,Oil & Gas Equipment & Services,NYQ,0.4
OPRX,Healthcare,Health Information Services,NCM,0.4
THH,Industrials,Specialty Business Services,NCM,0.4
DDD,Technology,Computer Hardware,NYQ,0.4
HNST,Consumer Defensive,Household & Personal Products,NMS,0.4
MTRX,Industrials,Engineering & Construction,NMS,0.4
LEO,Financial Services,Asset Management,NYQ,0.4
RM,Financial Services,Credit Services,NYQ,0.4
PSBD,Financial Services,Asset Management,NYQ,0.4
PUBM,Technology,Software - Application,NGM,0.4
KMDA,Healthcare,Drug Manufacturers - Specialty & Generic,NMS,0.4
DFDV,Technology,Software - Infrastructure,NCM,0.4
VSTA,Consumer Defensive,Education & Training Services,NMS,0.4
CMRC,Technology,Software - Application,NGM,0.4
ZIP,Communication Services,Internet Content & Information,NYQ,0.4
NCMI,Communication Services,Advertising Agencies,NMS,0.4
HYLN,Consumer Cyclical,Auto Parts,ASE,0.4
FRBA,Financial Services,Banks - Regional,NGM,0.39
LCTX,Healthcare,Biotechnology,ASE,0.39
QSG,Consumer Defensive,Education & Training Services,NGM,0.39
PKE,Industrials,Aerospace & Defense,NYQ,0.39
ZUMZ,Consumer Cyclical,Apparel Retail,NMS,0.39
MYN,Financial Services,Asset Management,NYQ,0.39
PCAP,Financial Services,Shell Companies,NGM,0.39
RDAG,Financial Services,Shell Companies,NGM,0.39
ZH,Communication Services,Internet Content & Information,NYQ,0.39
ESEA,Industrials,Marine Shipping,NCM,0.39
EGAN,Technology,Software - Application,NCM,0.39
JRI,Financial Services,Asset Management,NYQ,0.39
TCI,Real Estate,Real Estate Services,NYQ,0.39
PMI,Healthcare,Medical Devices,ASE,0.39
AMBC,Financial Services,Insurance - Specialty,NYQ,0.39
CCIX,Financial Services,Shell Companies,NGM,0.39
GCBC,Financial Services,Banks - Regional,NCM,0.39
VKI,Financial Services,Asset Management,NYQ,0.39
DVS,Basic Materials,Silver,ASE,0.39
FBYD,Industrials,Conglomerates,NGM,0.39
BMRC,Financial Services,Banks - Regional,NCM,0.39
TWFG,Financial Services,Insurance Brokers,NMS,0.39
SRDX,Healthcare,Medical Devices,NMS,0.39
SOR,Financial Services,Asset Management,NYQ,0.38
IMRX,Healthcare,Biotechnology,NGM,0.38
THM,Basic Materials,Gold,ASE,0.38
GPAT,Financial Services,Shell Companies,NGM,0.38
IPI,Basic Materials,Agricultural Inputs,NYQ,0.38
GRRR,Technology,Software - Infrastructure,NCM,0.38
PHOE,Industrials,Engineering & Construction,NCM,0.38
PFL,Financial Services,Asset Management,NYQ,0.38
XFLT,Financial Services,Asset Management,NYQ,0.38
HIX,Financial Services,Asset Management,NYQ,0.38
HSHP,Industrials,Marine Shipping,NYQ,0.38
ALF,Financial Services,Shell Companies,NGM,0.38
MBAV,Financial Services,Shell Companies,NGM,0.38
LPTH,Technology,Electronic Components,NCM,0.38
USNA,Consumer Defensive,Packaged Foods,NYQ,0.38
ASLE,Industrials,Airports & Air Services,NCM,0.38
VBNK,Financial Services,Banks - Regional,NMS,0.38
VFF,Consumer Defensive,Farm Products,NCM,0.37
FET,Energy,Oil & Gas Equipment & Services,NYQ,0.37
ATEX,Communication Services,Telecom Services,NCM,0.37
MCFT,Consumer Cyclical,Recreational Vehicles,NGM,0.37
MSBI,Financial Services,Banks - Regional,NMS,0.37
ACCO,Industrials,Business Equipment & Supplies,NYQ,0.37
FEIM,Technology,Communication Equipment,NGM,0.37
LND,Consumer Defensive,Farm Products,NYQ,0.37
NNDM,Technology,Computer Hardware,NCM,0.37
VALU,Financial Services,Financial Data & Stock Exchanges,NCM,0.37
DHIL,Financial Services,Asset Management,NMS,0.37
CEPT,Financial Services,Shell Companies,NGM,0.37
TITN,Industrials,Industrial Distribution,NMS,0.37
WNC,Industrials,Farm & Heavy Construction Machinery,NYQ,0.37
HIO,Financial Services,Asset Management,NYQ,0.37
SBC,Industrials,Consulting Services,NGM,0.37
CAEP,Financial Services,Shell Companies,NGM,0.37
BSRR,Financial Services,Banks - Regional,NMS,0.37
HLLY,Consumer Cyclical,Auto Parts,NYQ,0.36
DCTH,Healthcare,Medical Devices,NCM,0.36
SAR,Financial Services,Asset Management,NYQ,0.36
CCII,Financial Services,Shell Companies,NGM,0.36
CARL,Healthcare,Health Information Services,NMS,0.36
SPIR,Industrials,Specialty Business Services,NYQ,0.36
HPF,Financial Services,Asset Management,NYQ,0.36
MVIS,Technology,Scientific & Technical Instruments,NGM,0.36
WTBA,Financial Services,Banks - Regional,NMS,0.36
SLP,Healthcare,Health Information Services,NMS,0.36
SMLR,Healthcare,Medical Devices,NCM,0.36
DMAC,Healthcare,Biotechnology,NCM,0.36
TWN,Financial Services,Asset Management,NYQ,0.36
GIG,Financial Services,Shell Companies,NGM,0.36
SLQT,Financial Services,Insurance Brokers,NYQ,0.36
BGS,Consumer Defensive,Packaged Foods,NYQ,0.36
BKT,Financial Services,Asset Management,NYQ,0.36
DRTS,Healthcare,Biotechnology,NCM,0.36
KRRO,Healthcare,Biotechnology,NCM,0.36
LBRX,Healthcare,Biotechnology,NGM,0.36
MTLS,Technology,Software - Application,NMS,0.36
KTF,Financial Services,Asset Management,NYQ,0.36
AURA,Healthcare,Biotechnology,NGM,0.36
DXYZ,Financial Services,Asset Management,NYQ,0.36
NAN,Financial Services,Asset Management,NYQ,0.36
REKR,Technology,Software - Infrastructure,NCM,0.36
FOF,Financial Services,Asset Management,NYQ,0.36
LXFR,Industrials,Specialty Industrial Machinery,NYQ,0.36
AREC,Basic Materials,Coking Coal,NCM,0.36
LSAK,Technology,Software - Infrastructure,NMS,0.36
LRMR,Healthcare,Biotechnology,NGM,0.36
SDHI,Financial Services,Shell Companies,NGM,0.36
RWAY,Financial Services,Asset Management,NMS,0.36
RXST,Healthcare,Medical Devices,NGM,0.35
BRR,Financial Services,Shell Companies,NGM,0.35
GFR,Energy,Oil & Gas E&P,NYQ,0.35
BWFG,Financial Services,Banks - Regional,NGM,0.35
NVEC,Technology,Semiconductors,NCM,0.35
BW,Industrials,Specialty Industrial Machinery,NYQ,0.35
NPCE,Healthcare,Medical Devices,NGM,0.35
ORN,Industrials,Engineering & Construction,NYQ,0.35
ATGL,Technology,Software - Infrastructure,NCM,0.35
ANNX,Healthcare,Biotechnology,NMS,0.35
CLLS,Healthcare,Biotechnology,NGM,0.35
HCMA,Financial Services,Shell Companies,NGM,0.35
IPCX,Financial Services,Shell Companies,NGM,0.35
PPT,Financial Services,Asset Management,NYQ,0.35
IONR,Basic Materials,Other Industrial Metals & Mining,NCM,0.35
BDCI,Financial Services,Shell Companies,NGM,0.35
GPRK,Energy,Oil & Gas E&P,NYQ,0.35
ALT,Healthcare,Biotechnology,NGM,0.35
ASG,Financial Services,Asset Management,NYQ,0.35
NUAI,Technology,Software - Infrastructure,NGM,0.35
TACH,Financial Services,Shell Companies,NGM,0.35
PDYN,Technology,Software - Infrastructure,NGM,0.35
HFRO,Financial Services,Asset Management,NYQ,0.35
DMAA,Financial Services,Shell Companies,NGM,0.35
CZNC,Financial Services,Banks - Regional,NCM,0.35
NCV,Financial Services,Asset Management,NYQ,0.35
SFST,Financial Services,Banks - Regional,NGM,0.35
CBK,Financial Services,Banks - Regional,NCM,0.35
EDD,Financial Services,Asset Management,NYQ,0.35
NGS,Energy,Oil & Gas Equipment & Services,NYQ,0.35
MBI,Financial Services,Insurance - Specialty,NYQ,0.35
NAKA,Healthcare,Medical Care Facilities,NGM,0.35
ANRO,Healthcare,Biotechnology,NYQ,0.34
NIU,Consumer Cyclical,Auto Manufacturers,NGM,0.34
MEC,Industrials,Metal Fabrication,NYQ,0.34
BBCP,Industrials,Engineering & Construction,NCM,0.34
SPMC,,,NYQ,0.34
EVI,Industrials,Industrial Distribution,ASE,0.34
MVBF,Financial Services,Banks - Regional,NCM,0.34
VCIC,Financial Services,Shell Companies,NGM,0.34
ACTG,Industrials,Business Equipment & Supplies,NMS,0.34
TBCH,Technology,Consumer Electronics,NGM,0.34
XPOF,Consumer Cyclical,Leisure,NYQ,0.34
MAGN,Basic Materials,Paper & Paper Products,NYQ,0.34
AIIO,Consumer Cyclical,Auto Manufacturers,NCM,0.34
WTI,Energy,Oil & Gas E&P,NYQ,0.34
TCMD,Healthcare,Medical Devices,NGM,0.34
PBFS,Financial Services,Banks - Regional,NCM,0.34
EIC,Financial Services,Asset Management,NYQ,0.34
AXIN,Financial Services,Shell Companies,NGM,0.34
AMCX,Communication Services,Entertainment,NMS,0.34
FMAO,Financial Services,Banks - Regional,NCM,0.34
AWP,Financial Services,Asset Management,NYQ,0.34
BEAG,Financial Services,Shell Companies,NGM,0.34
SLN,Healthcare,Biotechnology,NGM,0.34
BGR,Financial Services,Asset Management,NYQ,0.34
SOUL,Financial Services,Shell Companies,NYQ,0.34
GPRO,Technology,Consumer Electronics,NMS,0.34
SCM,Financial Services,Asset Management,NYQ,0.34
CLDT,Real Estate,REIT - Hotel & Motel,NYQ,0.34
OYSE,Financial Services,Shell Companies,NGM,0.34
EM,Consumer Cyclical,Personal Services,NCM,0.34
LYEL,Healthcare,Biotechnology,NMS,0.34
GALT,Healthcare,Biotechnology,NCM,0.34
TLNC,Financial Services,Shell Companies,NGM,0.34
ZEUS,Basic Materials,Steel,NMS,0.33
MNTK,Basic Materials,Specialty Chemicals,NCM,0.33
ACIU,Healthcare,Biotechnology,NGM,0.33
WW,Consumer Cyclical,Personal Services,NGM,0.33
MIY,Financial Services,Asset Management,NYQ,0.33
GCO,Consumer Cyclical,Apparel Retail,NYQ,0.33
EFR,Financial Services,Asset Management,NYQ,0.33
HYAC,Financial Services,Shell Companies,NYQ,0.33
LAND,Real Estate,REIT - Specialty,NGM,0.33
VACH,Financial Services,Shell Companies,NGM,0.33
RCS,Financial Services,Asset Management,NYQ,0.33
EDIT,Healthcare,Biotechnology,NMS,0.33
DSGN,Healthcare,Biotechnology,NMS,0.33
PDLB,Financial Services,Banks - Regional,NGM,0.33
FERA,Financial Services,Shell Companies,NGM,0.33
HVT,Consumer Cyclical,Home Improvement Retail,NYQ,0.33
RBB,Financial Services,Banks - Regional,NMS,0.33
CHAC,Financial Services,Shell Companies,NGM,0.33
OBT,Financial Services,Banks - Regional,NCM,0.33
BFZ,Financial Services,Asset Management,NYQ,0.33
TVA,Financial Services,Shell Companies,NGM,0.33
BNC,Industrials,Farm & Heavy Construction Machinery,NCM,0.33
API,Technology,Software - Application,NMS,0.33
FLYX,Industrials,Airlines,ASE,0.33
NC,Energy,Thermal Coal,NYQ,0.33
CTGO,Basic Materials,Gold,ASE,0.33
BGT,Financial Services,Asset Management,NYQ,0.33
JACK,Consumer Cyclical,Restaurants,NMS,0.33
MPAA,Consumer Cyclical,Auto Parts,NMS,0.33
GEOS,Energy,Oil & Gas Equipment & Services,NMS,0.33
SPOK,Healthcare,Health Information Services,NMS,0.33
KOYN,Financial Services,Shell Companies,NGM,0.32
RFI,Financial Services,Asset Management,NYQ,0.32
RIV,Financial Services,Asset Management,NYQ,0.32
NPAC,Financial Services,Shell Companies,NGM,0.32
NEWT,Financial Services,Banks - Regional,NGM,0.32
OEC,Basic Materials,Specialty Chemicals,NYQ,0.32
AVNW,Technology,Communication Equipment,NMS,0.32
ARDC,Financial Services,Asset Management,NYQ,0.32
MHN,Financial Services,Asset Management,NYQ,0.32
BWAY,Healthcare,Medical Devices,NGM,0.32
BNED,Consumer Cyclical,Specialty Retail,NYQ,0.32
KYTX,Healthcare,Biotechnology,NMS,0.32
OBA,Financial Services,Shell Companies,NGM,0.32
TECX,Healthcare,Biotechnology,NGM,0.32
VNDA,Healthcare,Biotechnology,NGM,0.32
CUB,Financial Services,Shell Companies,NGM,0.32
PACH,Financial Services,Shell Companies,NGM,0.32
SZZL,Financial Services,Shell Companies,NGM,0.32
MLP,Real Estate,Real Estate Services,NYQ,0.32
SPXX,Financial Services,Asset Management,NYQ,0.32
SIMA,Financial Services,Shell Companies,NGM,0.32
AIRJ,Industrials,Building Products & Equipment,NCM,0.32
CLW,Basic Materials,Paper & Paper Products,NYQ,0.32
HUMA,Healthcare,Biotechnology,NMS,0.32
PANL,Industrials,Marine Shipping,NCM,0.32
PAYS,Technology,Software - Infrastructure,NCM,0.32
KNOP,Energy,Oil & Gas Midstream,NYQ,0.32
BLUW,Financial Services,Shell Companies,NGM,0.32
MPX,Consumer Cyclical,Recreational Vehicles,NYQ,0.32
CMDB,Industrials,Marine Shipping,NYQ,0.32
MREO,Healthcare,Biotechnology,NCM,0.32
AFB,Financial Services,Asset Management,NYQ,0.32
MG,Industrials,Security & Protection Services,NYQ,0.32
XPER,Technology,Software - Application,NYQ,0.31
PEPG,Healthcare,Biotechnology,NMS,0.31
CPZ,Financial Services,Asset Management,NGM,0.31
AGD,Financial Services,Asset Management,NYQ,0.31
MASS,Healthcare,Medical Devices,NGM,0.31
JACS,Financial Services,Shell Companies,NYQ,0.31
ZTR,,,NYQ,0.31
DH,Healthcare,Health Information Services,NMS,0.31
PCB,Financial Services,Banks - Regional,NMS,0.31
GRAF,Financial Services,Shell Companies,ASE,0.31
ZOOZ,Consumer Cyclical,Specialty Retail,NCM,0.31
EFT,Financial Services,Asset Management,NYQ,0.31
FLWS,Consumer Cyclical,Specialty Retail,NMS,0.31
NREF,Real Estate,REIT - Mortgage,NYQ,0.31
SEG,Real Estate,Real Estate Services,NYQ,0.31
CTNM,Healthcare,Biotechnology,NMS,0.31
RNGR,Energy,Oil & Gas Equipment & Services,NYQ,0.31
RFMZ,Financial Services,Asset Management,NYQ,0.31
ALDF,Financial Services,Shell Companies,NGM,0.31
ALDX,Healthcare,Biotechnology,NCM,0.31
AVTX,Healthcare,Biotechnology,NCM,0.31
AZ,Technology,Software - Application,NCM,0.31
ATII,Financial Services,Shell Companies,NGM,0.31
AENT,Communication Services,Entertainment,NCM,0.31
BRW,Financial Services,Asset Management,NYQ,0.31
USCB,Financial Services,Banks - Regional,NGM,0.31
PRQR,Healthcare,Biotechnology,NCM,0.31
NPCT,Financial Services,Asset Management,NYQ,0.31
OOMA,Technology,Software - Application,NYQ,0.31
ONIT,Financial Services,Mortgage Finance,NYQ,0.31
NBH,Financial Services,Asset Management,NYQ,0.31
POLE,Financial Services,Shell Companies,NGM,0.31
AVBC,Financial Services,Banks - Regional,NYQ,0.3
ACB,Healthcare,Drug Manufacturers - Specialty & Generic,NCM,0.3
SGMT,Healthcare,Biotechnology,NGM,0.3
DSM,Financial Services,Asset Management,NYQ,0.3
LOKV,Financial Services,Shell Companies,NGM,0.3
TKNO,Healthcare,Drug Manufacturers - Specialty & Generic,NGM,0.3
OCFT,Technology,Software - Application,NYQ,0.3
CADL,Healthcare,Biotechnology,NGM,0.3
QUAD,Industrials,Specialty Business Services,NYQ,0.3
LPAA,Financial Services,Shell Companies,NGM,0.3
LPBB,Financial Services,Shell Companies,NGM,0.3
IMMP,Healthcare,Biotechnology,NGM,0.3
JOF,Financial Services,Asset Management,NYQ,0.3
BGH,Financial Services,Asset Management,NYQ,0.3
ETHZ,Healthcare,Biotechnology,NCM,0.3
GNLX,Healthcare,Biotechnology,NCM,0.3
ANPA,Industrials,Specialty Business Services,NCM,0.3
TEI,Financial Services,Asset Management,NYQ,0.3
JGH,Financial Services,Asset Management,NYQ,0.3
NCA,Financial Services,Asset Management,NYQ,0.3
SY,Healthcare,Health Information Services,NCM,0.3
FSBW,Financial Services,Banks - Regional,NCM,0.3
LFMD,Healthcare,Health Information Services,NGM,0.3
BCML,Financial Services,Banks - Regional,NMS,0.3
ARCT,Healthcare,Biotechnology,NGM,0.3
CTRN,Consumer Cyclical,Apparel Retail,NMS,0.3
CDRO,Consumer Cyclical,Gambling,NCM,0.3
ENTA,Healthcare,Biotechnology,NMS,0.3
MKLY,Financial Services,Shell Companies,NGM,0.3
MIN,Financial Services,Asset Management,NYQ,0.3
NL,Industrials,Security & Protection Services,NYQ,0.3
GSRF,Financial Services,Shell Companies,NGM,0.3
ARQ,Industrials,Pollution & Treatment Controls,NGM,0.3
TBRG,Healthcare,Health Information Services,NMS,0.3
PKOH,Industrials,Specialty Industrial Machinery,NMS,0.3
TTSH,Consumer Cyclical,Home Improvement Retail,NCM,0.29
CERS,Healthcare,Medical Devices,NGM,0.29
UPXI,Communication Services,Internet Content & Information,NCM,0.29
DBL,Financial Services,Asset Management,NYQ,0.29
SOPH,Healthcare,Health Information Services,NMS,0.29
TDF,Financial Services,Asset Management,NYQ,0.29
PLBC,Financial Services,Banks - Regional,NCM,0.29
GLDG,Basic Materials,Gold,ASE,0.29
GWRS,Utilities,Utilities - Regulated Water,NGM,0.29
BYM,Financial Services,Asset Management,NYQ,0.29
NPWR,Industrials,Specialty Industrial Machinery,NYQ,0.29
AVBH,Financial Services,Banks - Regional,NMS,0.29
FVR,Real Estate,REIT - Diversified,NYQ,0.29
TRAK,Technology,Software - Application,NYQ,0.29
OFLX,Industrials,Specialty Industrial Machinery,NGM,0.29
MMD,Financial Services,Asset Management,NYQ,0.29
HITI,Healthcare,Pharmaceutical Retailers,NCM,0.29
SATL,Industrials,Aerospace & Defense,NCM,0.29
CVEO,Consumer Cyclical,Lodging,NYQ,0.29
CBAN,Financial Services,Banks - Regional,NYQ,0.29
PMO,Financial Services,Asset Management,NYQ,0.29
STRT,Consumer Cyclical,Auto Parts,NGM,0.29
HTLM,Consumer Cyclical,Specialty Retail,NCM,0.29
FSTR,Industrials,Railroads,NMS,0.29
SENS,Healthcare,Medical Devices,ASE,0.29
VUZI,Technology,Consumer Electronics,NCM,0.29
FNLC,Financial Services,Banks - Regional,NMS,0.29
EPSM,Consumer Defensive,Beverages - Wineries & Distilleries,NCM,0.29
WEYS,Consumer Cyclical,Footwear & Accessories,NMS,0.29
RLGT,Industrials,Integrated Freight & Logistics,ASE,0.29
YDDL,Industrials,Waste Management,NCM,0.28
COE,Consumer Defensive,Education & Training Services,ASE,0.28
WILC,Consumer Defensive,Food Distribution,NCM,0.28
GSIT,Technology,Semiconductors,NMS,0.28
CHOW,Technology,Software - Infrastructure,ASE,0.28
LOCO,Consumer Cyclical,Restaurants,NMS,0.28
CIA,Financial Services,Insurance - Life,NYQ,0.28
MBCN,Financial Services,Banks - Regional,NCM,0.28
APAD,Financial Services,Shell Companies,NGM,0.28
BACC,Financial Services,Shell Companies,NGM,0.28
SGHT,Healthcare,Medical Devices,NMS,0.28
HVII,Financial Services,Shell Companies,NGM,0.28
ALMU,Technology,Semiconductors,NCM,0.28
STXS,Healthcare,Medical Instruments & Supplies,ASE,0.28
WSBF,Financial Services,Banks - Regional,NMS,0.28
RMM,Financial Services,Asset Management,NYQ,0.28
EPRX,Healthcare,Biotechnology,NCM,0.28
LEGT,Financial Services,Shell Companies,ASE,0.28
NODK,Financial Services,Insurance - Property & Casualty,NCM,0.28
REFI,Real Estate,REIT - Mortgage,NGM,0.28
UIS,Technology,Information Technology Services,NYQ,0.28
CAF,Financial Services,Asset Management,NYQ,0.28
CAPR,Healthcare,Biotechnology,NCM,0.28
OIA,Financial Services,Asset Management,NYQ,0.28
ONEW,Consumer Cyclical,Specialty Retail,NGM,0.28
AXTI,Technology,Semiconductor Equipment & Materials,NMS,0.28
AACB,Financial Services,Shell Companies,NGM,0.28
VOXR,Basic Materials,Other Precious Metals & Mining,NCM,0.28
CGCT,Financial Services,Shell Companies,NGM,0.28
CIO,Real Estate,REIT - Office,NYQ,0.28
CIX,Industrials,Security & Protection Services,ASE,0.28
SMTI,Healthcare,Medical Instruments & Supplies,NCM,0.28
SMRT,Technology,Software - Application,NYQ,0.28
UCFI,Financial Services,Shell Companies,NCM,0.28
ABEO,Healthcare,Biotechnology,NCM,0.28
PCYO,Utilities,Utilities - Regulated Water,NCM,0.27
AEF,Financial Services,Asset Management,NYQ,0.27
III,Technology,Information Technology Services,NGM,0.27
VMD,Healthcare,Medical Devices,NCM,0.27
GAMB,Consumer Cyclical,Gambling,NGM,0.27
SNWV,Healthcare,Medical Devices,NGM,0.27
TVAI,Financial Services,Shell Companies,NGM,0.27
JMSB,Financial Services,Banks - Regional,NCM,0.27
ALCO,Consumer Defensive,Farm Products,NMS,0.27
ELLO,Utilities,Utilities - Renewable,ASE,0.27
MXF,Financial Services,Asset Management,NYQ,0.27
ALLO,Healthcare,Biotechnology,NMS,0.27
SBXD,Financial Services,Shell Companies,NYQ,0.27
TNYA,Healthcare,Biotechnology,NMS,0.27
EMPD,Consumer Cyclical,Auto Manufacturers,NCM,0.27
BKTI,Technology,Communication Equipment,ASE,0.27
CZFS,Financial Services,Banks - Regional,NCM,0.27
IRWD,Healthcare,Drug Manufacturers - Specialty & Generic,NMS,0.27
EGHT,Technology,Software - Application,NMS,0.27
TOYO,Technology,Solar,NCM,0.27
ALTS,Technology,Software - Application,NCM,0.27
NRC,Healthcare,Health Information Services,NMS,0.27
CVRX,Healthcare,Medical Devices,NMS,0.27
NECB,Financial Services,Banks - Regional,NCM,0.27
LMNR,Consumer Defensive,Farm Products,NMS,0.27
BRT,Real Estate,REIT - Residential,NYQ,0.27
QTRX,Healthcare,Medical Devices,NGM,0.27
JCE,Financial Services,Asset Management,NYQ,0.27
SMC,Energy,Oil & Gas Midstream,NYQ,0.27
HSDT,Financial Services,Asset Management,NCM,0.27
BIOA,Healthcare,Drug Manufacturers - Specialty & Generic,NMS,0.27
ANTA,Financial Services,Credit Services,NGM,0.27
ELVA,Industrials,Electrical Equipment & Parts,NCM,0.27
MCR,Financial Services,Asset Management,NYQ,0.27
ISBA,Financial Services,Banks - Regional,NCM,0.26
TRDA,Healthcare,Biotechnology,NGM,0.26
NNOX,Healthcare,Medical Devices,NGM,0.26
OACC,Financial Services,Shell Companies,NGM,0.26
LNKB,Financial Services,Banks - Regional,NCM,0.26
TGEN,Industrials,Electrical Equipment & Parts,ASE,0.26
ACV,Financial Services,Asset Management,NYQ,0.26
ACRE,Real Estate,REIT - Mortgage,NYQ,0.26
MMT,Financial Services,Asset Management,NYQ,0.26
IIF,Financial Services,Asset Management,NYQ,0.26
AUDC,Technology,Communication Equipment,NMS,0.26
VYGR,Healthcare,Biotechnology,NMS,0.26
TG,Industrials,Metal Fabrication,NYQ,0.26
SLSN,Consumer Defensive,Household & Personal Products,NCM,0.26
CHMG,Financial Services,Banks - Regional,NMS,0.26
HYI,Financial Services,Asset Management,NYQ,0.26
BRLT,Consumer Cyclical,Luxury Goods,NGM,0.26
GDC,Communication Services,Electronic Gaming & Multimedia,NCM,0.26
ERC,Financial Services,Asset Management,ASE,0.26
EOT,Financial Services,Asset Management,NYQ,0.26
SCD,Financial Services,Asset Management,NYQ,0.26
XGN,Healthcare,Diagnostics & Research,NGM,0.26
PNRG,Energy,Oil & Gas E&P,NCM,0.26
CURI,Communication Services,Broadcasting,NCM,0.26
FRST,Financial Services,Banks - Regional,NGM,0.26
LANV,Consumer Cyclical,Luxury Goods,NYQ,0.26
FDBC,Financial Services,Banks - Regional,NGM,0.26
PKBK,Financial Services,Banks - Regional,NCM,0.26
PLG,Basic Materials,Other Precious Metals & Mining,ASE,0.26
PLMK,Financial Services,Shell Companies,NGM,0.26
PMTR,Financial Services,Shell Companies,NGM,0.26
PMM,Financial Services,Asset Management,NYQ,0.26
EMF,Financial Services,Asset Management,NYQ,0.26
OM,Healthcare,Medical Devices,NMS,0.26
TLSI,Healthcare,Medical Devices,NGM,0.26
PBYI,Healthcare,Biotechnology,NMS,0.26
DENN,Consumer Cyclical,Restaurants,NCM,0.26
PESI,Industrials,Waste Management,NCM,0.26
NUW,Financial Services,Asset Management,NYQ,0.26
ACHV,Healthcare,Biotechnology,NCM,0.26
COSO,Financial Services,Banks - Regional,NYQ,0.26
FCEL,Industrials,Electrical Equipment & Parts,NGM,0.26
NCZ,Financial Services,Asset Management,NYQ,0.26
BRY,Energy,Oil & Gas E&P,NMS,0.26
NXXT,Utilities,Utilities - Renewable,NCM,0.26
CHPT,Consumer Cyclical,Specialty Retail,NYQ,0.26
SJT,Energy,Oil & Gas E&P,NYQ,0.25
LFCR,Healthcare,Drug Manufacturers - Specialty & Generic,NMS,0.25
RLTY,Financial Services,Asset Management,NYQ,0.25
SUIG,Financial Services,Credit Services,NCM,0.25
KLTR,Technology,Software - Application,NMS,0.25
EOD,Financial Services,Asset Management,NYQ,0.25
HRZN,Financial Services,Asset Management,NMS,0.25
BNY,Financial Services,Asset Management,NYQ,0.25
DPRO,Industrials,Aerospace & Defense,NCM,0.25
FTF,Financial Services,Asset Management,ASE,0.25
SLS,Healthcare,Biotechnology,NCM,0.25
TSBK,Financial Services,Banks - Regional,NGM,0.25
RMR,Real Estate,Real Estate Services,NCM,0.25
AFRI,Consumer Defensive,Farm Products,NCM,0.25
GLO,Financial Services,Asset Management,ASE,0.25
JRVR,Financial Services,Insurance - Specialty,NMS,0.25
FCT,Financial Services,Asset Management,NYQ,0.25
MEI,Technology,Electronic Components,NYQ,0.25
OWLT,Healthcare,Medical Devices,NYQ,0.25
FENC,Healthcare,Biotechnology,NCM,0.25
OPRT,Financial Services,Credit Services,NMS,0.25
SLND,Industrials,Engineering & Construction,ASE,0.25
NEN,Real Estate,Real Estate Services,ASE,0.25
PSF,Financial Services,Asset Management,NYQ,0.25
AVIR,Healthcare,Biotechnology,NMS,0.25
FUND,Financial Services,Asset Management,NGM,0.25
FOA,Financial Services,Credit Services,NYQ,0.25
JILL,Consumer Cyclical,Apparel Retail,NYQ,0.25
NATR,Consumer Defensive,Packaged Foods,NCM,0.25
ARL,Real Estate,Real Estate Services,NYQ,0.25
NWFL,Financial Services,Banks - Regional,NGM,0.25
PTNM,Consumer Defensive,Household & Personal Products,NCM,0.24
OZ,Real Estate,Real Estate - Development,ASE,0.24
MRAM,Technology,Semiconductors,NGM,0.24
ABVE,Consumer Defensive,Packaged Foods,NGM,0.24
SABA,Financial Services,Asset Management,NYQ,0.24
CDXS,Healthcare,Biotechnology,NMS,0.24
JRS,Financial Services,Asset Management,NYQ,0.24
DRDB,Financial Services,Shell Companies,NGM,0.24
GASS,Industrials,Marine Shipping,NMS,0.24
FC,Consumer Defensive,Education & Training Services,NYQ,0.24
TSI,Financial Services,Asset Management,NYQ,0.24
USAU,Basic Materials,Gold,NCM,0.24
DOUG,Real Estate,Real Estate Services,NYQ,0.24
FINW,Financial Services,Banks - Regional,NGM,0.24
RNAC,Healthcare,Biotechnology,NGM,0.24
RAAQ,Financial Services,Shell Companies,NGM,0.24
NETD,Financial Services,Shell Companies,NGM,0.24
TONX,Technology,Software - Application,NCM,0.24
ONTF,Technology,Software - Application,NYQ,0.24
SOCA,Financial Services,Shell Companies,NGM,0.24
FLX,Industrials,Integrated Freight & Logistics,NMS,0.24
WTF,Financial Services,Asset Management,NCM,0.24
COPL,Financial Services,Shell Companies,NYQ,0.24
LIEN,Financial Services,Asset Management,NGM,0.24
ISTR,Financial Services,Banks - Regional,NGM,0.24
INGN,Healthcare,Medical Devices,NMS,0.24
MDWD,Healthcare,Biotechnology,NGM,0.24
WALD,Consumer Defensive,Household & Personal Products,NCM,0.24
ZURA,Healthcare,Biotechnology,NCM,0.24
SRG,Real Estate,Real Estate Services,NYQ,0.24
ATNI,Communication Services,Telecom Services,NMS,0.24
DAAQ,Financial Services,Shell Companies,NGM,0.24
FUNC,Financial Services,Banks - Regional,NMS,0.24
OGI,Healthcare,Drug Manufacturers - Specialty & Generic,NMS,0.24
IMMR,Technology,Software - Application,NMS,0.23
BHST,Consumer Defensive,Packaged Foods,NGM,0.23
TDAC,Financial Services,Shell Companies,NGM,0.23
EVM,Financial Services,Asset Management,NYQ,0.23
AARD,Healthcare,Biotechnology,NMS,0.23
ACRS,Healthcare,Biotechnology,NMS,0.23
MFIN,Financial Services,Credit Services,NMS,0.23
OVLY,Financial Services,Banks - Regional,NCM,0.23
PALI,Healthcare,Biotechnology,NCM,0.23
CRNT,Technology,Communication Equipment,NMS,0.23
ASUR,Technology,Software - Application,NCM,0.23
TWNP,Consumer Cyclical,Restaurants,NGM,0.23
TWIN,Industrials,Specialty Industrial Machinery,NMS,0.23
TPVG,Financial Services,Asset Management,NYQ,0.23
FRGE,Financial Services,Capital Markets,NYQ,0.23
FVCB,Financial Services,Banks - Regional,NCM,0.23
CV,Healthcare,Medical Devices,NCM,0.23
SPCE,Industrials,Aerospace & Defense,NYQ,0.23
PPIH,Industrials,Building Products & Equipment,NGM,0.23
OABI,Healthcare,Biotechnology,NGM,0.23
LPRO,Financial Services,Credit Services,NGM,0.23
HCAT,Healthcare,Health Information Services,NMS,0.23
VIOT,Consumer Cyclical,"Furnishings, Fixtures & Appliances",NMS,0.23
CABA,Healthcare,Biotechnology,NMS,0.23
BGL,Basic Materials,Gold,NGM,0.23
LGI,Financial Services,Asset Management,NYQ,0.23
EB,Communication Services,Internet Content & Information,NYQ,0.23
ZEO,Technology,Solar,NCM,0.23
MITT,Real Estate,REIT - Mortgage,NYQ,0.23
MACI,Financial Services,Shell Companies,NGM,0.23
CCCC,Healthcare,Biotechnology,NMS,0.23
WNEB,Financial Services,Banks - Regional,NMS,0.23
FHTX,Healthcare,Biotechnology,NGM,0.23
RICK,Consumer Cyclical,Restaurants,NGM,0.23
NHS,Financial Services,Asset Management,NYQ,0.23
GCL,Communication Services,Electronic Gaming & Multimedia,NMS,0.23
TLSA,Healthcare,Biotechnology,NCM,0.23
CRBU,Healthcare,Biotechnology,NMS,0.23
HGLB,Financial Services,Asset Management,NYQ,0.23
ELA,Consumer Cyclical,Luxury Goods,ASE,0.23
RDCM,Communication Services,Telecom Services,NCM,0.23
MVT,Financial Services,Asset Management,NYQ,0.23
PAMT,Industrials,Trucking,NGM,0.23
AOMR,Real Estate,REIT - Mortgage,NYQ,0.22
DHY,Financial Services,Asset Management,ASE,0.22
KINS,Financial Services,Insurance - Property & Casualty,NCM,0.22
NVA,Basic Materials,Other Industrial Metals & Mining,NCM,0.22
HRTX,Healthcare,Biotechnology,NCM,0.22
SVCC,Financial Services,Shell Companies,NGM,0.22
ARBE,Technology,Scientific & Technical Instruments,NCM,0.22
CEPO,Financial Services,Shell Companies,NGM,0.22
PRE,Healthcare,Diagnostics & Research,NGM,0.22
OMSE,Energy,Oil & Gas Equipment & Services,NCM,0.22
BHR,Real Estate,REIT - Hotel & Motel,NYQ,0.22
DMRC,Technology,Software - Application,NMS,0.22
RCKY,Consumer Cyclical,Footwear & Accessories,NMS,0.22
FSFG,Financial Services,Banks - Regional,NCM,0.22
CATX,Healthcare,Medical Devices,ASE,0.22
MDXH,Healthcare,Diagnostics & Research,NCM,0.22
FBLA,Financial Services,Banks - Regional,NCM,0.22
MYFW,Financial Services,Banks - Regional,NMS,0.22
VABK,Financial Services,Banks - Regional,NCM,0.22
MFM,Financial Services,Asset Management,NYQ,0.22
MRNO,Real Estate,Real Estate - Development,NCM,0.22
CMCM,Communication Services,Internet Content & Information,NYQ,0.22
JAKK,Consumer Cyclical,Leisure,NMS,0.22
ONCH,Financial Services,Shell Companies,NGM,0.22
BDTX,Healthcare,Biotechnology,NMS,0.22
PVBC,Financial Services,Banks - Regional,NCM,0.22
OSUR,Healthcare,Medical Instruments & Supplies,NMS,0.22
ARMP,Healthcare,Biotechnology,ASE,0.22
TRVG,Communication Services,Internet Content & Information,NMS,0.22
NYXH,Healthcare,Medical Instruments & Supplies,NGM,0.22
SSSS,Financial Services,Asset Management,NMS,0.22
INSE,Consumer Cyclical,Gambling,NCM,0.22
MUE,Financial Services,Asset Management,NYQ,0.22
INSG,Technology,Communication Equipment,NMS,0.22
MQT,Financial Services,Asset Management,NYQ,0.22
FFAI,Consumer Cyclical,Auto Manufacturers,NCM,0.22
AREN,Communication Services,Internet Content & Information,ASE,0.22
BLNK,Industrials,Engineering & Construction,NCM,0.22
DOYU,Communication Services,Internet Content & Information,NMS,0.22
GNFT,Healthcare,Biotechnology,NMS,0.22
VGZ,Basic Materials,Gold,ASE,0.22
LOVE,Consumer Cyclical,"Furnishings, Fixtures & Appliances",NGM,0.22
CFFI,Financial Services,Banks - Regional,NMS,0.22
RGCO,Utilities,Utilities - Regulated Gas,NGM,0.22
LCNB,Financial Services,Banks - Regional,NCM,0.22
FXNC,Financial Services,Banks - Regional,NCM,0.21
SMID,Basic Materials,Building Materials,NCM,0.21
HWBK,Financial Services,Banks - Regional,NMS,0.21
FCCO,Financial Services,Banks - Regional,NCM,0.21
CBIO,Healthcare,Biotechnology,NCM,0.21
MPV,Financial Services,Asset Management,NYQ,0.21
CRBP,Healthcare,Biotechnology,NCM,0.21
ELDN,Healthcare,Biotechnology,NCM,0.21
REI,Energy,Oil & Gas E&P,ASE,0.21
ETX,Financial Services,Asset Management,NYQ,0.21
STIM,Healthcare,Medical Devices,NGM,0.21
EWCZ,Consumer Defensive,Household & Personal Products,NMS,0.21
NVFY,Consumer Cyclical,"Furnishings, Fixtures & Appliances",NCM,0.21
PYXS,Healthcare,Biotechnology,NMS,0.21
BPRN,Financial Services,Banks - Regional,NMS,0.21
SLGB,Industrials,Integrated Freight & Logistics,NCM,0.21
GENC,Industrials,Farm & Heavy Construction Machinery,ASE,0.21
SSP,Communication Services,Broadcasting,NMS,0.21
GHG,Consumer Cyclical,Lodging,NYQ,0.21
FRAF,Financial Services,Banks - Regional,NCM,0.21
PINE,Real Estate,REIT - Retail,NYQ,0.21
NRDY,Technology,Software - Application,NYQ,0.21
ALTG,Industrials,Rental & Leasing Services,NYQ,0.21
NPV,Financial Services,Asset Management,NYQ,0.21
INFU,Healthcare,Medical Instruments & Supplies,ASE,0.21
OBIO,Healthcare,Biotechnology,NGM,0.21
NXG,Financial Services,Asset Management,NYQ,0.21
DGXX,Utilities,Utilities - Independent Power Producers,NCM,0.21
CRMT,Consumer Cyclical,Auto & Truck Dealerships,NMS,0.21
TCX,Technology,Software - Infrastructure,NCM,0.21
SRI,Consumer Cyclical,Auto Parts,NYQ,0.21
TRUE,Communication Services,Internet Content & Information,NMS,0.21
GSHR,Financial Services,Shell Companies,NGM,0.21
AMBR,Technology,Software - Infrastructure,NGM,0.2
MAPS,Technology,Software - Application,NMS,0.2
HUSA,Energy,Oil & Gas E&P,ASE,0.2
PERF,Technology,Software - Application,NYQ,0.2
DMB,Financial Services,Asset Management,NYQ,0.2
ELMD,Healthcare,Medical Devices,ASE,0.2
SDA,Consumer Cyclical,Auto & Truck Dealerships,NCM,0.2
FT,Financial Services,Asset Management,NYQ,0.2
CBNA,Financial Services,Banks - Regional,NYQ,0.2
PMTS,Financial Services,Credit Services,NGM,0.2
CEP,Financial Services,Shell Companies,NGM,0.2
LUD,Basic Materials,Steel,ASE,0.2
EFSI,Financial Services,Banks - Regional,NCM,0.2
LTRX,Technology,Communication Equipment,NCM,0.2
WIA,Financial Services,Asset Management,NYQ,0.2
EARN,Financial Services,Asset Management,NYQ,0.2
OPBK,Financial Services,Banks - Regional,NGM,0.2
TARA,Healthcare,Biotechnology,NGM,0.2
KG,Financial Services,Insurance Brokers,NCM,0.2
NRO,Financial Services,Asset Management,NYQ,0.2
SRV,Financial Services,Asset Management,NYQ,0.2
KRMD,Healthcare,Medical Instruments & Supplies,NCM,0.2
CCRD,Technology,Software - Application,NYQ,0.2
IPHA,Healthcare,Biotechnology,NMS,0.2
TRX,Basic Materials,Gold,ASE,0.2
BZUN,Consumer Cyclical,Internet Retail,NMS,0.2
APLT,Healthcare,Biotechnology,NCM,0.2
HBB,Consumer Cyclical,"Furnishings, Fixtures & Appliances",NYQ,0.2
DSX,Industrials,Marine Shipping,NYQ,0.2
CXDO,Communication Services,Telecom Services,NCM,0.2
BTCS,Financial Services,Capital Markets,NCM,0.2
DERM,Healthcare,Drug Manufacturers - Specialty & Generic,NCM,0.2
SLNH,Financial Services,Capital Markets,NCM,0.2
GHI,Financial Services,Mortgage Finance,NYQ,0.2
BTM,Financial Services,Capital Markets,NCM,0.2
AURE,Financial Services,Asset Management,NCM,0.2
VNME,Financial Services,Shell Companies,NGM,0.2
STEM,Utilities,Utilities - Renewable,NYQ,0.2
SWKH,Financial Services,Asset Management,NGM,0.2
ZONE,Industrials,Pollution & Treatment Controls,ASE,0.2
MRT,Technology,Software - Application,ASE,0.19
ATLO,Financial Services,Banks - Regional,NCM,0.19
EHI,Financial Services,Asset Management,NYQ,0.19
VOR,Healthcare,Biotechnology,NMS,0.19
VPV,Financial Services,Asset Management,NYQ,0.19
TROO,Financial Services,Credit Services,NCM,0.19
POWW,Industrials,Aerospace & Defense,NCM,0.19
DHF,Financial Services,Asset Management,NYQ,0.19
NTWO,Financial Services,Shell Companies,NGM,0.19
PLX,Healthcare,Biotechnology,ASE,0.19
UTMD,Healthcare,Medical Instruments & Supplies,NMS,0.19
OPP,Financial Services,Asset Management,NYQ,0.19
PAL,Industrials,Integrated Freight & Logistics,NMS,0.19
BKN,Financial Services,Asset Management,NYQ,0.19
BLFY,Financial Services,Banks - Regional,NMS,0.19
SCAG,Industrials,Farm & Heavy Construction Machinery,NGM,0.19
FLXS,Consumer Cyclical,"Furnishings, Fixtures & Appliances",NMS,0.19
CHRS,Healthcare,Biotechnology,NGM,0.19
PLCE,Consumer Cyclical,Apparel Manufacturing,NMS,0.19
RAIL,Industrials,Railroads,NMS,0.19
SRFM,Industrials,Airlines,NYQ,0.19
DUOT,Technology,Software - Application,NCM,0.19
NIPG,Communication Services,Entertainment,NGM,0.19
NKSH,Financial Services,Banks - Regional,NCM,0.19
SGMO,Healthcare,Biotechnology,NCM,0.19
STRZ,Communication Services,Entertainment,NMS,0.19
IDE,Financial Services,Asset Management,NYQ,0.19
SVCO,Technology,Software - Application,NMS,0.19
IMDX,Healthcare,Diagnostics & Research,NCM,0.19
AMPY,Energy,Oil & Gas E&P,NYQ,0.19
FLD,Financial Services,Capital Markets,NCM,0.19
FATE,Healthcare,Biotechnology,NGM,0.19
AEYE,Technology,Software - Application,NCM,0.18
ESOA,Industrials,Engineering & Construction,NCM,0.18
IRBT,Consumer Cyclical,"Furnishings, Fixtures & Appliances",NMS,0.18
VLN,Technology,Semiconductors,NYQ,0.18
DBI,Consumer Cyclical,Footwear & Accessories,NYQ,0.18
BSL,Financial Services,Asset Management,NYQ,0.18
SANG,Technology,Software - Infrastructure,NMS,0.18
EVC,Communication Services,Advertising Agencies,NYQ,0.18
FLC,Financial Services,Asset Management,NYQ,0.18
MRBK,Financial Services,Banks - Regional,NMS,0.18
ZJK,Industrials,Specialty Industrial Machinery,NCM,0.18
SKIN,Consumer Defensive,Household & Personal Products,NCM,0.18
GUTS,Healthcare,Biotechnology,NGM,0.18
INR,Energy,Oil & Gas E&P,NYQ,0.18
FNKO,Consumer Cyclical,Leisure,NMS,0.18
MERC,Basic Materials,Paper & Paper Products,NMS,0.18
AVR,Healthcare,Medical Instruments & Supplies,NGM,0.18
FF,Basic Materials,Specialty Chemicals,NYQ,0.18
YMT,Technology,Software - Application,NGM,0.18
CLPR,Real Estate,REIT - Residential,NYQ,0.18
SAVA,Healthcare,Biotechnology,NCM,0.18
ENX,Financial Services,Asset Management,ASE,0.18
KULR,Technology,Electronic Components,ASE,0.18
FORR,Industrials,Consulting Services,NMS,0.18
IMPP,Energy,Oil & Gas Midstream,NCM,0.18
GF,Financial Services,Asset Management,NYQ,0.18
ISSC,Industrials,Aerospace & Defense,NMS,0.18
SKYX,Industrials,Electrical Equipment & Parts,NCM,0.18
FTLF,Consumer Defensive,Packaged Foods,NCM,0.18
TBI,Industrials,Staffing & Employment Services,NYQ,0.18
CPSS,Financial Services,Credit Services,NGM,0.18
SPWR,Technology,Solar,NGM,0.18
ONEG,Industrials,Engineering & Construction,NCM,0.18
ARAY,Healthcare,Medical Devices,NMS,0.18
ARAI,Technology,Software - Infrastructure,NGM,0.18
VBF,Financial Services,Asset Management,NYQ,0.18
NTHI,Healthcare,Biotechnology,NGM,0.17
SAFX,Utilities,Utilities - Renewable,NCM,0.17
LUCD,Healthcare,Medical Devices,NCM,0.17
ETHM,Financial Services,Shell Companies,NGM,0.17
RANG,Financial Services,Shell Companies,NGM,0.17
PEBK,Financial Services,Banks - Regional,NGM,0.17
CRGO,Industrials,Integrated Freight & Logistics,NCM,0.17
OVBC,Financial Services,Banks - Regional,NGM,0.17
INBK,Financial Services,Banks - Regional,NMS,0.17
RCMT,Industrials,Conglomerates,NGM,0.17
ACTU,Healthcare,Biotechnology,NGM,0.17
WLAC,Financial Services,Shell Companies,NGM,0.17
ROMA,Industrials,Consulting Services,NCM,0.17
ESGL,Industrials,Waste Management,NCM,0.17
SMHI,Industrials,Marine Shipping,NYQ,0.17
TYGO,Technology,Solar,NCM,0.17
MXCT,Healthcare,Medical Devices,NMS,0.17
INV,Financial Services,Asset Management,NGM,0.17
NUTR,Consumer Cyclical,Travel Services,NCM,0.17
TTEC,Technology,Information Technology Services,NMS,0.17
CBFV,Financial Services,Banks - Regional,NGM,0.17
RILY,Financial Services,Financial Conglomerates,NGM,0.17
TNXP,Healthcare,Biotechnology,NCM,0.17
PROF,Healthcare,Medical Devices,NCM,0.17
DOGZ,Consumer Cyclical,Leisure,NCM,0.17
NKTX,Healthcare,Biotechnology,NMS,0.17
SHIP,Industrials,Marine Shipping,NCM,0.17
TAVI,Financial Services,Shell Companies,NGM,0.17
PCQ,Financial Services,Asset Management,NYQ,0.17
STRS,Real Estate,Real Estate - Diversified,NMS,0.17
HIT,Technology,Software - Application,NCM,0.17
CHN,Financial Services,Asset Management,NYQ,0.17
LHAI,Real Estate,Real Estate Services,NCM,0.17
SHMD,Industrials,Specialty Industrial Machinery,NGM,0.17
NXDT,Real Estate,REIT - Diversified,NYQ,0.17
LAWR,Industrials,Consulting Services,NCM,0.17
DDC,Consumer Defensive,Packaged Foods,ASE,0.17
STEX,Healthcare,Medical Devices,NCM,0.17
BOOM,Industrials,Conglomerates,NMS,0.17
CGEN,Healthcare,Biotechnology,NCM,0.17
USGO,Basic Materials,Other Industrial Metals & Mining,NCM,0.17
VWAV,Industrials,Aerospace & Defense,NGM,0.17
LVRO,Basic Materials,Agricultural Inputs,NGM,0.17
EHTH,Financial Services,Insurance Brokers,NMS,0.16
SEVN,Real Estate,REIT - Mortgage,NCM,0.16
XTKG,Technology,Software - Application,NCM,0.16
EGHA,Financial Services,Shell Companies,NGM,0.16
ZVIA,Consumer Defensive,Beverages - Non-Alcoholic,NYQ,0.16
EXFY,Technology,Software - Application,NMS,0.16
ZENA,Technology,Software - Infrastructure,NCM,0.16
MHF,Financial Services,Asset Management,NYQ,0.16
ESCA,Consumer Cyclical,Leisure,NGM,0.16
EPM,Energy,Oil & Gas E&P,ASE,0.16
MIST,Healthcare,Biotechnology,NMS,0.16
MIMI,Industrials,Engineering & Construction,NCM,0.16
TEAF,Financial Services,Asset Management,NYQ,0.16
WHF,Financial Services,Asset Management,NMS,0.16
WHG,Financial Services,Asset Management,NYQ,0.16
MB,Consumer Cyclical,Restaurants,NCM,0.16
NVCT,Healthcare,Biotechnology,NCM,0.16
NNY,Financial Services,Asset Management,NYQ,0.16
MBOT,Healthcare,Medical Instruments & Supplies,NCM,0.16
UBFO,Financial Services,Banks - Regional,NMS,0.16
LAKE,Consumer Cyclical,Apparel Manufacturing,NGM,0.16
ECF,Financial Services,Asset Management,ASE,0.16
CIK,Financial Services,Asset Management,NYQ,0.16
PIM,Financial Services,Asset Management,NYQ,0.16
SGC,Consumer Cyclical,Apparel Manufacturing,NGM,0.16
CTW,Communication Services,Electronic Gaming & Multimedia,NCM,0.16
KGEI,Energy,Oil & Gas E&P,NCM,0.16
BRCC,Consumer Defensive,Packaged Foods,NYQ,0.16
BVFL,Financial Services,Banks - Regional,NCM,0.16
CZWI,Financial Services,Banks - Regional,NGM,0.16
BEEP,Industrials,Infrastructure Operations,NGM,0.16
AMTX,Basic Materials,Specialty Chemicals,NGM,0.16
ELTX,Healthcare,Biotechnology,NCM,0.16
RELL,Technology,Electronic Components,NMS,0.16
VTN,Financial Services,Asset Management,NYQ,0.16
SXTC,Healthcare,Drug Manufacturers - Specialty & Generic,NCM,0.16
AKA,Consumer Cyclical,Apparel Retail,NYQ,0.16
AISP,Technology,Software - Infrastructure,NGM,0.16
CMT,Basic Materials,Specialty Chemicals,ASE,0.16
CYBN,Healthcare,Biotechnology,ASE,0.16
SPE,Financial Services,Asset Management,NYQ,0.16
IBAC,Financial Services,Shell Companies,NGM,0.16
MPTI,Technology,Electronic Components,ASE,0.16
MCRB,Healthcare,Biotechnology,NMS,0.16
MSD,Financial Services,Asset Management,NYQ,0.15
MRCC,Financial Services,Asset Management,NMS,0.15
ALEC,Healthcare,Biotechnology,NMS,0.15
EVG,Financial Services,Asset Management,NYQ,0.15
FGNX,Financial Services,Asset Management,NGM,0.15
DFLI,Industrials,Electrical Equipment & Parts,NCM,0.15
SNBR,Consumer Cyclical,"Furnishings, Fixtures & Appliances",NMS,0.15
SPAI,Industrials,Aerospace & Defense,NCM,0.15
MPA,Financial Services,Asset Management,NYQ,0.15
BWG,Financial Services,Asset Management,NYQ,0.15
CFBK,Financial Services,Banks - Regional,NCM,0.15
IPOD,Financial Services,Shell Companies,NGM,0.15
CHCI,Real Estate,Real Estate Services,NCM,0.15
FBRX,Healthcare,Biotechnology,NCM,0.15
MDV,Real Estate,REIT - Industrial,NYQ,0.15
RGP,Industrials,Consulting Services,NMS,0.15
RFAI,Financial Services,Shell Companies,NGM,0.15
NAUT,Healthcare,Biotechnology,NMS,0.15
FSP,Real Estate,REIT - Office,ASE,0.15
BGX,Financial Services,Asset Management,NYQ,0.15
CGTX,Healthcare,Biotechnology,NCM,0.15
EDF,Financial Services,Asset Management,NYQ,0.15
BARK,Consumer Cyclical,Specialty Retail,NYQ,0.15
PEW,Industrials,Aerospace & Defense,NYQ,0.15
LARK,Financial Services,Banks - Regional,NGM,0.15
CHGG,Consumer Defensive,Education & Training Services,NYQ,0.15
LODE,Basic Materials,Other Precious Metals & Mining,ASE,0.15
AVD,Basic Materials,Agricultural Inputs,NYQ,0.15
VGAS,Utilities,Utilities - Renewable,NCM,0.15
ACU,Consumer Defensive,Household & Personal Products,ASE,0.15
ATLN,Industrials,Staffing & Employment Services,NGM,0.15
INAC,Financial Services,Shell Companies,NGM,0.15
TEAD,Communication Services,Internet Content & Information,NMS,0.15
PFD,Financial Services,Asset Management,NYQ,0.15
MNSB,Financial Services,Banks - Regional,NCM,0.15
HNVR,Financial Services,Banks - Regional,NMS,0.15
BCIC,Financial Services,Asset Management,NMS,0.15
LAZR,Consumer Cyclical,Auto Parts,NMS,0.15
BMN,Financial Services,Asset Management,NYQ,0.15
BANX,Financial Services,Asset Management,NGM,0.15
SKIL,Consumer Defensive,Education & Training Services,NYQ,0.15
PLBY,Consumer Cyclical,Leisure,NGM,0.15
IGA,Financial Services,Asset Management,NYQ,0.15
ONL,Real Estate,REIT - Office,NYQ,0.15
CRDF,Healthcare,Biotechnology,NCM,0.15
FRD,Basic Materials,Steel,NMS,0.15
BNR,Healthcare,Diagnostics & Research,NGM,0.14
TAYD,Industrials,Specialty Industrial Machinery,NCM,0.14
CTOR,Healthcare,Drug Manufacturers - Specialty & Generic,NCM,0.14
GRX,Financial Services,Asset Management,NYQ,0.14
IH,Consumer Defensive,Education & Training Services,NYQ,0.14
GLSI,Healthcare,Biotechnology,NCM,0.14
GMGI,Communication Services,Electronic Gaming & Multimedia,NCM,0.14
CURV,Consumer Cyclical,Apparel Retail,NYQ,0.14
CCLD,Healthcare,Health Information Services,NGM,0.14
GTE,Energy,Oil & Gas E&P,ASE,0.14
FCAP,Financial Services,Banks - Regional,NCM,0.14
JHS,Financial Services,Asset Management,NYQ,0.14
BUUU,Industrials,Specialty Business Services,NCM,0.14
BTMD,Healthcare,Medical Care Facilities,NGM,0.14
OCCI,Financial Services,Asset Management,NGM,0.14
TTRX,Healthcare,Biotechnology,NGM,0.14
DMO,Financial Services,Asset Management,NYQ,0.14
ACR,Real Estate,REIT - Mortgage,NYQ,0.14
ACOG,Healthcare,Biotechnology,NCM,0.14
GAIA,Communication Services,Entertainment,NGM,0.14
ECBK,Financial Services,Banks - Regional,NCM,0.14
NEOV,Industrials,Electrical Equipment & Parts,NCM,0.14
SERA,Healthcare,Medical Devices,NGM,0.14
OXSQ,Financial Services,Asset Management,NMS,0.14
NCTY,Financial Services,Capital Markets,NCM,0.14
EGG,Industrials,Consulting Services,ASE,0.14
WWR,Basic Materials,Other Industrial Metals & Mining,ASE,0.14
SEAT,Communication Services,Internet Content & Information,NMS,0.14
QMCO,Technology,Computer Hardware,NGM,0.14
BCV,Financial Services,Asset Management,ASE,0.14
STSS,Healthcare,Medical Instruments & Supplies,NCM,0.14
COOK,Consumer Cyclical,"Furnishings, Fixtures & Appliances",NYQ,0.14
HUHU,Industrials,Specialty Industrial Machinery,NCM,0.14
MED,Consumer Cyclical,Personal Services,NYQ,0.14
WRAP,Technology,Scientific & Technical Instruments,NCM,0.14
ACET,Healthcare,Biotechnology,NCM,0.14
EMPG,Healthcare,Medical Distribution,NCM,0.14
KF,Financial Services,Asset Management,NYQ,0.14
SIEB,Financial Services,Capital Markets,NCM,0.14
GGT,Financial Services,Asset Management,NYQ,0.14
GLQ,Financial Services,Asset Management,ASE,0.14
BCBP,Financial Services,Banks - Regional,NGM,0.14
FNWD,Financial Services,Banks - Regional,NCM,0.14
ANNA,Energy,Oil & Gas E&P,NCM,0.14
ANIK,Healthcare,Drug Manufacturers - Specialty & Generic,NMS,0.14
FEAM,Basic Materials,Specialty Chemicals,NMS,0.14
BFIN,Financial Services,Banks - Regional,NMS,0.14
ISPR,Consumer Defensive,Tobacco,NCM,0.14
OMEX,Basic Materials,Other Industrial Metals & Mining,NCM,0.14
NAZ,Financial Services,Asset Management,NYQ,0.14
RDNW,Consumer Cyclical,Auto & Truck Dealerships,NCM,0.14
LNSR,Healthcare,Medical Devices,NCM,0.14
ANIX,Healthcare,Biotechnology,NCM,0.14
KWM,Communication Services,Entertainment,NGM,0.13
OSS,Technology,Computer Hardware,NCM,0.13
ABOS,Healthcare,Biotechnology,NMS,0.13
EML,Industrials,Tools & Accessories,NGM,0.13
CLAR,Consumer Cyclical,Leisure,NMS,0.13
MOLN,Healthcare,Biotechnology,NMS,0.13
RPID,Healthcare,Medical Devices,NCM,0.13
RANI,Healthcare,Biotechnology,NGM,0.13
AXR,Real Estate,Real Estate - Development,NYQ,0.13
ARTV,Healthcare,Biotechnology,NGM,0.13
EBMT,Financial Services,Banks - Regional,NGM,0.13
VRM,Consumer Cyclical,Auto & Truck Dealerships,NGM,0.13
TCRX,Healthcare,Biotechnology,NGM,0.13
PFO,Financial Services,Asset Management,NYQ,0.13
VFL,Financial Services,Asset Management,NYQ,0.13
KEQU,Consumer Cyclical,"Furnishings, Fixtures & Appliances",NGM,0.13
RMMZ,Financial Services,Asset Management,NYQ,0.13
EP,Energy,Oil & Gas E&P,ASE,0.13
HAIN,Consumer Defensive,Packaged Foods,NMS,0.13
AGEN,Healthcare,Biotechnology,NCM,0.13
AHMA,Consumer Cyclical,Travel Services,NGM,0.13
YOUL,Consumer Defensive,Education & Training Services,NCM,0.13
DLNG,Energy,Oil & Gas Midstream,NYQ,0.13
BSET,Consumer Cyclical,"Furnishings, Fixtures & Appliances",NMS,0.13
MCN,Financial Services,Asset Management,NYQ,0.13
MAMO,Consumer Cyclical,Recreational Vehicles,NCM,0.13
BTA,Financial Services,Asset Management,NYQ,0.13
TIL,Healthcare,Biotechnology,NCM,0.13
SORA,Consumer Cyclical,Luxury Goods,NCM,0.13
GPMT,Real Estate,REIT - Mortgage,NYQ,0.13
TVGN,Healthcare,Biotechnology,NGM,0.13
WEA,Financial Services,Asset Management,NYQ,0.13
CLYM,Healthcare,Biotechnology,NGM,0.13
MCTA,Healthcare,Medical Care Facilities,NGM,0.13
RMBI,Financial Services,Banks - Regional,NCM,0.13
SEER,Healthcare,Biotechnology,NMS,0.13
ELBM,Basic Materials,Other Industrial Metals & Mining,NCM,0.13
ASPS,Real Estate,Real Estate Services,NMS,0.13
FTCI,Technology,Solar,NCM,0.13
SSTI,Technology,Software - Application,NCM,0.13
CSPI,Technology,Information Technology Services,NGM,0.13
JYNT,Healthcare,Medical Care Facilities,NCM,0.13
GORO,Basic Materials,Gold,ASE,0.13
GOCO,Financial Services,Insurance Brokers,NCM,0.13
ONCY,Healthcare,Biotechnology,NCM,0.13
CAAS,Consumer Cyclical,Auto Parts,NCM,0.13
PNBK,Financial Services,Banks - Regional,NGM,0.13
CURR,Technology,Software - Application,NGM,0.13
SUNS,Real Estate,REIT - Mortgage,NCM,0.13
GIFI,Industrials,Metal Fabrication,NMS,0.13
HEQ,Financial Services,Asset Management,NYQ,0.13
MYPS,Communication Services,Electronic Gaming & Multimedia,NGM,0.12
MATH,Financial Services,Capital Markets,NCM,0.12
SPRO,Healthcare,Biotechnology,NMS,0.12
DCGO,Healthcare,Medical Care Facilities,NCM,0.12
GRO,Basic Materials,Other Industrial Metals & Mining,ASE,0.12
SPEG,Financial Services,Shell Companies,NGM,0.12
ZNTL,Healthcare,Biotechnology,NGM,0.12
GNTA,Healthcare,Biotechnology,NCM,0.12
JHI,Financial Services,Asset Management,NYQ,0.12
IPST,Consumer Defensive,Beverages - Wineries & Distilleries,NCM,0.12
IRD,Healthcare,Biotechnology,NCM,0.12
DLTH,Consumer Cyclical,Apparel Retail,NMS,0.12
DIBS,Consumer Cyclical,Internet Retail,NGM,0.12
IAF,Financial Services,Asset Management,ASE,0.12
FGBI,Financial Services,Banks - Regional,NGM,0.12
MAYA,Financial Services,Shell Companies,NGM,0.12
PCF,Financial Services,Asset Management,NYQ,0.12
SBFG,Financial Services,Banks - Regional,NCM,0.12
SAMG,Financial Services,Asset Management,NGM,0.12
FMFC,Consumer Cyclical,Footwear & Accessories,NCM,0.12
ENGS,Industrials,Waste Management,NCM,0.12
AEC,Energy,Uranium,NCM,0.12
AFBI,Financial Services,Banks - Regional,NCM,0.12
HYPR,Healthcare,Medical Devices,NGM,0.12
CXE,Financial Services,Asset Management,NYQ,0.12
IXHL,Healthcare,Drug Manufacturers - Specialty & Generic,NCM,0.12
VTGN,Healthcare,Biotechnology,NCM,0.12
APYX,Healthcare,Medical Devices,NMS,0.12
SCLX,Healthcare,Drug Manufacturers - General,NCM,0.12
OPXS,Industrials,Aerospace & Defense,NCM,0.12
SKLZ,Communication Services,Electronic Gaming & Multimedia,NYQ,0.12
OVID,Healthcare,Biotechnology,NCM,0.12
HFFG,Consumer Defensive,Food Distribution,NCM,0.12
PAI,Financial Services,Asset Management,NYQ,0.12
QSEA,Financial Services,Shell Companies,NGM,0.12
ULBI,Industrials,Electrical Equipment & Parts,NGM,0.12
FSI,Basic Materials,Specialty Chemicals,ASE,0.12
NIM,Financial Services,Asset Management,NYQ,0.12
ATOS,Healthcare,Biotechnology,NCM,0.12
IMMX,Healthcare,Biotechnology,NCM,0.12
INO,Healthcare,Biotechnology,NCM,0.12
NAMM,Basic Materials,Gold,NGM,0.12
FOSL,Consumer Cyclical,Footwear & Accessories,NMS,0.12
QUIK,Technology,Semiconductors,NCM,0.12
CGO,Financial Services,Asset Management,NGM,0.12
HURC,Industrials,Specialty Industrial Machinery,NMS,0.12
HURA,Healthcare,Biotechnology,NCM,0.12
HQI,Industrials,Staffing & Employment Services,NCM,0.12
PCSC,Financial Services,Shell Companies,NGM,0.12
LGCY,Consumer Defensive,Education & Training Services,ASE,0.12
SRZN,Healthcare,Biotechnology,NCM,0.12
SRBK,Financial Services,Banks - Regional,NCM,0.12
GAUZ,Technology,Electronic Components,NGM,0.12
VSA,Consumer Defensive,Education & Training Services,NCM,0.12
ATLX,Basic Materials,Other Industrial Metals & Mining,NCM,0.12
PELI,Financial Services,Shell Companies,NGM,0.12
VIRC,Consumer Cyclical,"Furnishings, Fixtures & Appliances",NGM,0.12
FURY,Basic Materials,Other Industrial Metals & Mining,ASE,0.12
ACNT,Basic Materials,Chemicals,NGM,0.12
MGNX,Healthcare,Biotechnology,NMS,0.12
ZYBT,Healthcare,Drug Manufacturers - Specialty & Generic,NCM,0.12
RPT,Real Estate,REIT - Mortgage,NYQ,0.11
RRGB,Consumer Cyclical,Restaurants,NMS,0.11
RSSS,Technology,Software - Application,NCM,0.11
AEI,Real Estate,Real Estate - Development,NCM,0.11
AGRZ,Consumer Defensive,Farm Products,NCM,0.11
CODA,Industrials,Aerospace & Defense,NCM,0.11
PDCC,Financial Services,Asset Management,NYQ,0.11
RVSB,Financial Services,Banks - Regional,NMS,0.11
XTNT,Healthcare,Medical Devices,ASE,0.11
ESP,Industrials,Electrical Equipment & Parts,ASE,0.11
AGH,Consumer Cyclical,Leisure,NCM,0.11
DRIO,Healthcare,Health Information Services,NCM,0.11
LHSW,Technology,Software - Infrastructure,NCM,0.11
LPA,Real Estate,Real Estate - Development,ASE,0.11
LFVN,Consumer Defensive,Packaged Foods,NCM,0.11
NCSM,Energy,Oil & Gas Equipment & Services,NCM,0.11
SFBC,Financial Services,Banks - Regional,NCM,0.11
RCEL,Healthcare,Medical Devices,NCM,0.11
RBKB,Financial Services,Banks - Regional,NCM,0.11
LIDR,Technology,Software - Infrastructure,NCM,0.11
QIPT,Healthcare,Medical Distribution,NCM,0.11
GECC,Financial Services,Asset Management,NGM,0.11
UNB,Financial Services,Banks - Regional,NGM,0.11
ASYS,Technology,Semiconductor Equipment & Materials,NMS,0.11
RDZN,Technology,Software - Application,NGM,0.11
TZOO,Communication Services,Internet Content & Information,NMS,0.11
MX,Technology,Semiconductors,NYQ,0.11
NMT,Financial Services,Asset Management,NYQ,0.11
BIOX,Basic Materials,Agricultural Inputs,NMS,0.11
GGZ,Financial Services,Asset Management,NYQ,0.11
NPT,Consumer Cyclical,Specialty Retail,NGM,0.11
KVHI,Communication Services,Telecom Services,NMS,0.11
KVAC,Financial Services,Shell Companies,NGM,0.11
QUMS,Financial Services,Shell Companies,NGM,0.11
SLGL,Healthcare,Biotechnology,NCM,0.11
TSQ,Communication Services,Advertising Agencies,NYQ,0.11
SNT,Industrials,Security & Protection Services,NGM,0.11
GLU,Financial Services,Asset Management,ASE,0.11
PGAC,Financial Services,Shell Companies,NGM,0.11
STHO,Real Estate,Real Estate Services,NGM,0.11
CNTX,Healthcare,Biotechnology,NCM,0.11
IHD,Financial Services,Asset Management,NYQ,0.11
STI,Industrials,Electrical Equipment & Parts,NGM,0.11
IKT,Healthcare,Biotechnology,NCM,0.11
WKEY,Technology,Semiconductors,NGM,0.11
MMLP,Energy,Oil & Gas Midstream,NMS,0.11
SBI,Financial Services,Asset Management,NYQ,0.11
EPSN,Energy,Oil & Gas E&P,NGM,0.11
COYA,Healthcare,Biotechnology,NCM,0.11
HOVR,Industrials,Aerospace & Defense,NCM,0.11
HPAI,Technology,Software - Infrastructure,NCM,0.11
MGYR,Financial Services,Banks - Regional,NGM,0.11
MGX,Healthcare,Biotechnology,NMS,0.11
WGRX,Healthcare,Pharmaceutical Retailers,NCM,0.11
RITR,Industrials,Engineering & Construction,NCM,0.11
ORGN,Basic Materials,Chemicals,NCM,0.11
PLRX,Healthcare,Biotechnology,NMS,0.11
NA,Technology,Semiconductors,NGM,0.11
ANEB,Healthcare,Biotechnology,NCM,0.11
CDLX,Communication Services,Advertising Agencies,NGM,0.11
WHWK,Healthcare,Biotechnology,NCM,0.11
CHAR,Financial Services,Shell Companies,NGM,0.11
INTT,Technology,Semiconductor Equipment & Materials,ASE,0.11
BSBK,Financial Services,Banks - Regional,NCM,0.11
CCIF,Financial Services,Asset Management,NYQ,0.11
PROP,Energy,Oil & Gas E&P,NCM,0.11
GNT,Financial Services,Asset Management,NYQ,0.11
CRDL,Healthcare,Drug Manufacturers - Specialty & Generic,NCM,0.11
ERH,Financial Services,Asset Management,ASE,0.11
ONMD,Healthcare,Health Information Services,NCM,0.11
GRWG,Consumer Cyclical,Specialty Retail,NCM,0.11
MGF,Financial Services,Asset Management,NYQ,0.1
ATOM,Technology,Semiconductor Equipment & Materials,NCM,0.1
DHX,Technology,Software - Application,NYQ,0.1
TUSK,Industrials,Conglomerates,NMS,0.1
KPTI,Healthcare,Biotechnology,NMS,0.1
NOEM,Financial Services,Shell Companies,NGM,0.1
GDL,Financial Services,Asset Management,NYQ,0.1
BAER,Industrials,Security & Protection Services,NGM,0.1
BMEA,Healthcare,Biotechnology,NMS,0.1
ATRA,Healthcare,Biotechnology,NMS,0.1
PTHS,Healthcare,Biotechnology,ASE,0.1
PSQH,Technology,Software - Application,NYQ,0.1
VELO,Technology,Computer Hardware,NCM,0.1
EVF,Financial Services,Asset Management,NYQ,0.1
ALAR,Technology,Software - Infrastructure,NCM,0.1
MDIA,Communication Services,Broadcasting,NCM,0.1
MLGO,Technology,Software - Infrastructure,NCM,0.1
MLCI,Financial Services,Asset Management,NCM,0.1
EXOZ,Healthcare,Biotechnology,NCM,0.1
CMTL,Technology,Communication Equipment,NMS,0.1
NEXM,Basic Materials,Other Industrial Metals & Mining,NCM,0.1
VANI,Healthcare,Biotechnology,NCM,0.1
NMI,Financial Services,Asset Management,NYQ,0.1
LGO,Basic Materials,Other Industrial Metals & Mining,NMS,0.1
SILC,Technology,Communication Equipment,NMS,0.1
JLS,Financial Services,Asset Management,NYQ,0.1
LINK,Technology,Electronic Components,NCM,0.1
GENK,Consumer Cyclical,Restaurants,NGM,0.1
KNDI,Consumer Cyclical,Recreational Vehicles,NMS,0.1
NUKK,Technology,Software - Application,NGM,0.1
CHPG,Financial Services,Shell Companies,NGM,0.1
ORMP,Healthcare,Biotechnology,NCM,0.1
FLL,Consumer Cyclical,Resorts & Casinos,NCM,0.1
FLUX,Industrials,Electrical Equipment & Parts,NCM,0.1
LSBK,Financial Services,Banks - Regional,NGM,0.1
FONR,Healthcare,Diagnostics & Research,NCM,0.1
GNSS,Technology,Scientific & Technical Instruments,NCM,0.1
PROV,Financial Services,Banks - Regional,NMS,0.1
TOUR,Consumer Cyclical,Travel Services,NGM,0.1
SOL,Technology,Solar,NYQ,0.1
OPAD,Real Estate,Real Estate Services,NYQ,0.1
SPWH,Consumer Cyclical,Specialty Retail,NMS,0.1
SQNS,Technology,Semiconductors,NYQ,0.1
SPKL,Financial Services,Shell Companies,NGM,0.1
OFS,Financial Services,Asset Management,NMS,0.1
UHG,Consumer Cyclical,Residential Construction,NGM,0.1
AOUT,Consumer Cyclical,Leisure,NMS,0.1
CEE,Financial Services,Asset Management,NYQ,0.1
OPTX,Technology,Electronic Components,NCM,0.1
OPTT,Industrials,Specialty Industrial Machinery,ASE,0.1
PGP,Financial Services,Asset Management,NYQ,0.1
STEC,Technology,Software - Application,NCM,0.1
HLP,Basic Materials,Steel,NCM,0.1
IGI,Financial Services,Asset Management,NYQ,0.1
STKE,Financial Services,Capital Markets,NMS,0.1
IDN,Technology,Software - Application,NGM,0.1
FGMC,Financial Services,Shell Companies,NGM,0.1
ENTX,Healthcare,Biotechnology,NCM,0.1
XCH,Industrials,Specialty Industrial Machinery,NGM,0.1
AIRE,Real Estate,Real Estate Services,NCM,0.1
XFOR,Healthcare,Biotechnology,NCM,0.09
EUDA,Real Estate,Real Estate Services,NCM,0.09
WSBK,Financial Services,Banks - Regional,NCM,0.09
ESLA,Healthcare,Biotechnology,NCM,0.09
ALXO,Healthcare,Biotechnology,NMS,0.09
AMTD,Financial Services,Asset Management,NYQ,0.09
AMWL,Healthcare,Health Information Services,NYQ,0.09
MAMK,Industrials,Conglomerates,NCM,0.09
LSE,Energy,Oil & Gas Equipment & Services,NCM,0.09
WBX,Technology,Electronic Components,NYQ,0.09
LOOP,Basic Materials,Specialty Chemicals,NGM,0.09
UCL,Communication Services,Telecom Services,NGM,0.09
IZEA,Communication Services,Internet Content & Information,NCM,0.09
BLNE,Financial Services,Mortgage Finance,NCM,0.09
RFM,Financial Services,Asset Management,NYQ,0.09
RFIL,Industrials,Electrical Equipment & Parts,NGM,0.09
LFT,Real Estate,REIT - Mortgage,NYQ,0.09
LCCC,Financial Services,Shell Companies,NGM,0.09
BENF,Financial Services,Asset Management,NCM,0.09
KLRS,Healthcare,Biotechnology,NGM,0.09
NTRB,Healthcare,Biotechnology,NCM,0.09
UNCY,Healthcare,Biotechnology,NCM,0.09
NSPR,Healthcare,Medical Devices,NCM,0.09
NNBR,Industrials,Conglomerates,NMS,0.09
AUBN,Financial Services,Banks - Regional,NGM,0.09
VGI,Financial Services,Asset Management,NYQ,0.09
ATYR,Healthcare,Biotechnology,NCM,0.09
VHC,Technology,Software - Infrastructure,NCM,0.09
RMI,Financial Services,Asset Management,NYQ,0.09
ATHE,Healthcare,Biotechnology,NCM,0.09
FMN,Financial Services,Asset Management,NYQ,0.09
INVE,Industrials,Building Products & Equipment,NCM,0.09
HOFT,Consumer Cyclical,"Furnishings, Fixtures & Appliances",NMS,0.09
STG,Consumer Defensive,Education & Training Services,NYQ,0.09
GWH,Industrials,Electrical Equipment & Parts,NYQ,0.09
CTM,Technology,Information Technology Services,ASE,0.09
PRPL,Consumer Cyclical,"Furnishings, Fixtures & Appliances",NMS,0.09
PRLD,Healthcare,Biotechnology,NMS,0.09
ICG,Technology,Semiconductors,NCM,0.09
ILLR,Technology,Software - Application,NCM,0.09
STTK,Healthcare,Biotechnology,NMS,0.09
PFX,Financial Services,Asset Management,NGM,0.09
EDAP,Healthcare,Medical Distribution,NGM,0.09
HSPT,Financial Services,Shell Companies,NGM,0.09
PDEX,Healthcare,Medical Instruments & Supplies,NCM,0.09
STRO,Healthcare,Biotechnology,NGM,0.09
CNTB,Healthcare,Biotechnology,NGM,0.09
CMU,Financial Services,Asset Management,NYQ,0.09
TGE,Financial Services,Asset Management,NYQ,0.09
ORIQ,Financial Services,Shell Companies,NGM,0.09
INTG,Consumer Cyclical,Lodging,NCM,0.09
IMA,Healthcare,Biotechnology,NCM,0.09
ZTEK,Healthcare,Medical Instruments & Supplies,NCM,0.09
ADVM,Healthcare,Biotechnology,NCM,0.09
SRL,Financial Services,Capital Markets,NYQ,0.09
YTRA,Consumer Cyclical,Travel Services,NCM,0.09
GDO,Financial Services,Asset Management,NYQ,0.09
DTI,Energy,Oil & Gas Equipment & Services,NCM,0.09
SLNG,Energy,Oil & Gas Integrated,NCM,0.09
QNCX,Healthcare,Biotechnology,NMS,0.09
DTSQ,Financial Services,Shell Companies,NGM,0.09
GCV,Financial Services,Asset Management,NYQ,0.09
DOMH,Financial Services,Capital Markets,NCM,0.09
SND,Energy,Oil & Gas Equipment & Services,NMS,0.09
PBHC,Financial Services,Banks - Regional,NCM,0.09
TDTH,Technology,Information Technology Services,NCM,0.09
CBAT,Industrials,Electrical Equipment & Parts,NCM,0.09
FTEK,Industrials,Pollution & Treatment Controls,NCM,0.09
CHMI,Real Estate,REIT - Mortgage,NYQ,0.09
IFRX,Healthcare,Biotechnology,NMS,0.09
CHAI,Communication Services,Internet Content & Information,NCM,0.09
CFSB,Financial Services,Banks - Regional,NCM,0.09
FSHP,Financial Services,Shell Companies,NGM,0.09
FNGR,Communication Services,Telecom Services,NCM,0.09
OKYO,Healthcare,Biotechnology,NCM,0.09
TORO,Energy,Oil & Gas Midstream,NCM,0.08
CAPN,Financial Services,Shell Companies,NGM,0.08
JLHL,Industrials,Building Products & Equipment,NCM,0.08
BYSI,Healthcare,Biotechnology,NCM,0.08
ASPC,Financial Services,Shell Companies,NCM,0.08
AFCG,Real Estate,REIT - Mortgage,NGM,0.08
XBIT,Healthcare,Biotechnology,NMS,0.08
MAYS,Real Estate,Real Estate Services,NCM,0.08
RYM,Industrials,Farm & Heavy Construction Machinery,NCM,0.08
JFB,Real Estate,Real Estate - Development,NCM,0.08
IROQ,Financial Services,Banks - Regional,NCM,0.08
TZUP,Communication Services,Advertising Agencies,NCM,0.08
UBCP,Financial Services,Banks - Regional,NCM,0.08
BMHL,Financial Services,Capital Markets,NCM,0.08
UFI,Consumer Cyclical,Textile Manufacturing,NYQ,0.08
NXC,Financial Services,Asset Management,NYQ,0.08
UYSC,Financial Services,Shell Companies,NCM,0.08
ASRT,Healthcare,Drug Manufacturers - Specialty & Generic,NCM,0.08
ALTO,Basic Materials,Specialty Chemicals,NCM,0.08
VTVT,Healthcare,Biotechnology,NCM,0.08
RPTX,Healthcare,Biotechnology,NMS,0.08
YIBO,Technology,Computer Hardware,NCM,0.08
YHNA,Financial Services,Shell Companies,NGM,0.08
MOB,Industrials,Aerospace & Defense,NCM,0.08
DTF,Financial Services,Asset Management,NYQ,0.08
ADAG,Healthcare,Biotechnology,NGM,0.08
MIND,Technology,Scientific & Technical Instruments,NCM,0.08
GEG,Financial Services,Asset Management,NMS,0.08
PZG,Basic Materials,Gold,ASE,0.08
MHH,Industrials,Staffing & Employment Services,ASE,0.08
DMA,Financial Services,Asset Management,NYQ,0.08
DIT,Consumer Defensive,Food Distribution,ASE,0.08
DAIC,Technology,Information Technology Services,NGM,0.08
STKS,Consumer Cyclical,Restaurants,NCM,0.08
SSBI,Financial Services,Banks - Regional,NGM,0.08
SSEA,Financial Services,Shell Companies,NCM,0.08
SOGP,Communication Services,Internet Content & Information,NCM,0.08
IBG,Consumer Defensive,Beverages - Wineries & Distilleries,NCM,0.08
SHIM,Industrials,Engineering & Construction,NCM,0.08
GPUS,Industrials,Aerospace & Defense,ASE,0.08
DTIL,Healthcare,Biotechnology,NCM,0.08
DLHC,Industrials,Specialty Business Services,NCM,0.08
GRAN,Financial Services,Capital Markets,NCM,0.08
GCTS,Technology,Semiconductors,NYQ,0.08
HOUR,Consumer Cyclical,Internet Retail,NCM,0.08
PNI,Financial Services,Asset Management,NYQ,0.08
PMVP,Healthcare,Biotechnology,NMS,0.08
SPRB,Healthcare,Biotechnology,NCM,0.08
ISRL,Financial Services,Shell Companies,NGM,0.08
INCR,Healthcare,Drug Manufacturers - Specialty & Generic,NGM,0.08
RDAC,Financial Services,Shell Companies,NCM,0.08
CCG,Communication Services,Internet Content & Information,NCM,0.08
THCH,Consumer Cyclical,Restaurants,NCM,0.08
CPHC,Consumer Cyclical,Resorts & Casinos,NGM,0.08
HOWL,Healthcare,Biotechnology,NMS,0.08
IAE,Financial Services,Asset Management,NYQ,0.08
HYFT,Healthcare,Biotechnology,NCM,0.08
FVN,Financial Services,Shell Companies,NCM,0.08
RGT,Financial Services,Asset Management,NYQ,0.08
EQ,Healthcare,Biotechnology,NCM,0.08
ATHR,Technology,Software - Application,NCM,0.08
LCUT,Consumer Cyclical,"Furnishings, Fixtures & Appliances",NMS,0.08
LASE,Industrials,Specialty Industrial Machinery,NCM,0.08
LFS,Communication Services,Entertainment,NCM,0.08
MCHX,Communication Services,Advertising Agencies,NMS,0.08
PCM,Financial Services,Asset Management,NYQ,0.08
SFWL,Industrials,Integrated Freight & Logistics,NCM,0.08
CLNN,Consumer Defensive,Packaged Foods,NCM,0.08
SGA,Communication Services,Broadcasting,NGM,0.08
CATO,Consumer Cyclical,Apparel Retail,NYQ,0.08
ELTK,Technology,Electronic Components,NCM,0.08
CBUS,Healthcare,Biotechnology,NCM,0.08
IMUX,Healthcare,Biotechnology,NMS,0.08
HYPD,Healthcare,Biotechnology,NCM,0.08
COLA,Financial Services,Shell Companies,NGM,0.08
ABVC,Healthcare,Biotechnology,NCM,0.07
RVPH,Healthcare,Biotechnology,NCM,0.07
MPU,Communication Services,Entertainment,ASE,0.07
AFJK,Financial Services,Shell Companies,NGM,0.07
MGRT,Technology,Information Technology Services,NCM,0.07
ALGS,Healthcare,Biotechnology,NCM,0.07
LUNG,Healthcare,Medical Devices,NMS,0.07
AMPG,Technology,Communication Equipment,NCM,0.07
VTSI,Technology,Software - Application,NCM,0.07
LOCL,Consumer Defensive,Farm Products,NYQ,0.07
CAMP,Healthcare,Biotechnology,NGM,0.07
OCG,Consumer Cyclical,Internet Retail,NCM,0.07
OCC,Technology,Communication Equipment,NGM,0.07
RIBB,Financial Services,Shell Companies,NCM,0.07
BRLS,Consumer Defensive,Packaged Foods,NCM,0.07
BOTJ,Financial Services,Banks - Regional,NCM,0.07
BRAG,Consumer Cyclical,Gambling,NMS,0.07
NXTT,Technology,Software - Application,NCM,0.07
BRID,Consumer Defensive,Packaged Foods,NGM,0.07
RLMD,Healthcare,Biotechnology,NCM,0.07
UAVS,Technology,Computer Hardware,ASE,0.07
JSPR,Healthcare,Biotechnology,NCM,0.07
RGS,Consumer Cyclical,Personal Services,NGM,0.07
FORA,Healthcare,Health Information Services,NCM,0.07
FDSB,Financial Services,Banks - Regional,NCM,0.07
NTIC,Basic Materials,Specialty Chemicals,NGM,0.07
NMS,Financial Services,Asset Management,NYQ,0.07
LITS,Healthcare,Biotechnology,NCM,0.07
VLT,Financial Services,Asset Management,NYQ,0.07
VATE,Industrials,Engineering & Construction,NYQ,0.07
NRXP,Healthcare,Biotechnology,NCM,0.07
NSRX,Healthcare,Drug Manufacturers - General,ASE,0.07
KBSX,Basic Materials,Steel,NGM,0.07
FBIO,Healthcare,Biotechnology,NCM,0.07
MCRP,Technology,Software - Infrastructure,ASE,0.07
WTG,Financial Services,Shell Companies,NCM,0.07
ALOT,Technology,Computer Hardware,NGM,0.07
REFR,Technology,Electronic Components,NCM,0.07
IOBT,Healthcare,Biotechnology,NMS,0.07
FNWB,Financial Services,Banks - Regional,NGM,0.07
CEV,Financial Services,Asset Management,NYQ,0.07
INKT,Healthcare,Biotechnology,NCM,0.07
PGZ,Financial Services,Asset Management,NYQ,0.07
HKIT,Technology,Software - Application,NCM,0.07
SUUN,Utilities,Utilities - Renewable,NGM,0.07
CPBI,Financial Services,Banks - Regional,NCM,0.07
COEP,Healthcare,Biotechnology,NCM,0.07
CNTY,Consumer Cyclical,Resorts & Casinos,NCM,0.07
FUSB,Financial Services,Banks - Regional,NCM,0.07
FUSE,Technology,Software - Application,NYQ,0.07
RCT,Technology,Software - Application,NCM,0.07
SCWO,Industrials,Pollution & Treatment Controls,NCM,0.07
IOR,Financial Services,Mortgage Finance,ASE,0.07
DXR,Healthcare,Medical Instruments & Supplies,NCM,0.07
HMR,Industrials,Marine Shipping,NCM,0.07
HCHL,Consumer Cyclical,Restaurants,NCM,0.07
DWSN,Energy,Oil & Gas Equipment & Services,NMS,0.07
GANX,Healthcare,Biotechnology,NGM,0.07
GMHS,Communication Services,Electronic Gaming & Multimedia,NCM,0.07
SOTK,Technology,Scientific & Technical Instruments,NCM,0.07
CXH,Financial Services,Asset Management,NYQ,0.07
CVM,Healthcare,Biotechnology,ASE,0.07
PMEC,Industrials,Specialty Business Services,NCM,0.07
CPSH,Technology,Electronic Components,NCM,0.07
CRVO,Healthcare,Biotechnology,NCM,0.07
HNNA,Financial Services,Asset Management,NGM,0.07
EEA,Financial Services,Asset Management,NYQ,0.07
GLV,Financial Services,Asset Management,ASE,0.07
GNS,Consumer Defensive,Education & Training Services,ASE,0.07
DSY,Consumer Defensive,Household & Personal Products,NGM,0.07
XPL,Basic Materials,Other Industrial Metals & Mining,ASE,0.07
GAME,Communication Services,Electronic Gaming & Multimedia,NCM,0.07
ACRV,Healthcare,Biotechnology,NGM,0.07
ZENV,Technology,Software - Application,NCM,0.07
JMM,Financial Services,Asset Management,NYQ,0.06
RYOJ,Industrials,Consulting Services,NCM,0.06
JFU,Technology,Information Technology Services,NGM,0.06
RSF,Financial Services,Asset Management,NYQ,0.06
PVL,Energy,Oil & Gas E&P,NYQ,0.06
TELA,Healthcare,Medical Devices,NGM,0.06
GGR,Consumer Cyclical,Auto Manufacturers,NCM,0.06
MDCX,Healthcare,Drug Manufacturers - General,NCM,0.06
MDAI,Healthcare,Medical Devices,NCM,0.06
PODC,Communication Services,Internet Content & Information,NCM,0.06
OTLK,Healthcare,Biotechnology,NCM,0.06
LICN,Industrials,Specialty Business Services,NCM,0.06
OSTX,Healthcare,Biotechnology,ASE,0.06
TLPH,Healthcare,Drug Manufacturers - Specialty & Generic,NCM,0.06
GMM,Technology,Information Technology Services,NCM,0.06
NSTS,Financial Services,Banks - Regional,NCM,0.06
ATPC,Consumer Defensive,Packaged Foods,NCM,0.06
KSCP,Industrials,Security & Protection Services,NCM,0.06
NOTE,Technology,Information Technology Services,NYQ,0.06
MAGH,Industrials,Engineering & Construction,NCM,0.06
SNCR,Technology,Software - Infrastructure,NCM,0.06
MVO,Energy,Oil & Gas E&P,NYQ,0.06
KPLT,Technology,Software - Infrastructure,NGM,0.06
TISI,Industrials,Specialty Business Services,NYQ,0.06
BDL,Consumer Cyclical,Restaurants,ASE,0.06
VERU,Healthcare,Biotechnology,NCM,0.06
CELU,Healthcare,Biotechnology,NCM,0.06
ALCY,Financial Services,Shell Companies,NCM,0.06
AIFU,Financial Services,Insurance Brokers,NMS,0.06
SST,Industrials,Specialty Business Services,NYQ,0.06
UPLD,Technology,Software - Application,NGM,0.06
ACFN,Technology,Scientific & Technical Instruments,NCM,0.06
AAME,Financial Services,Insurance - Life,NGM,0.06
YXT,Technology,Software - Application,NGM,0.06
WYY,Technology,Information Technology Services,ASE,0.06
XBP,Technology,Software - Infrastructure,NCM,0.06
LNZA,Industrials,Waste Management,NCM,0.06
FATN,Technology,Software - Infrastructure,NCM,0.06
CNVS,Communication Services,Entertainment,NCM,0.06
OAKU,Financial Services,Shell Companies,NCM,0.06
ANL,Healthcare,Biotechnology,NGM,0.06
NAMI,Communication Services,Internet Content & Information,NCM,0.06
BZFD,Communication Services,Internet Content & Information,NCM,0.06
BWEN,Industrials,Specialty Industrial Machinery,NCM,0.06
ODYS,Technology,Scientific & Technical Instruments,NCM,0.06
BYFC,Financial Services,Banks - Regional,NCM,0.06
CPOP,Communication Services,Entertainment,NCM,0.06
VSME,Communication Services,Advertising Agencies,NCM,0.06
SELF,Real Estate,REIT - Specialty,NCM,0.06
SER,Healthcare,Biotechnology,ASE,0.06
NEON,Technology,Electronic Components,NCM,0.06
HTCO,Industrials,Marine Shipping,NCM,0.06
LOAN,Real Estate,REIT - Mortgage,NCM,0.06
TSE,Basic Materials,Specialty Chemicals,NYQ,0.06
WFCF,Industrials,Specialty Business Services,NCM,0.06
GROV,Consumer Defensive,Household & Personal Products,NYQ,0.06
CVGI,Consumer Cyclical,Auto Parts,NMS,0.06
PLUT,Financial Services,Capital Markets,NCM,0.06
VRA,Consumer Cyclical,Footwear & Accessories,NMS,0.06
RCON,Energy,Oil & Gas Equipment & Services,NCM,0.06
ICCM,Healthcare,Medical Devices,NCM,0.06
KNRX,Technology,Software - Application,ASE,0.06
KORE,Communication Services,Telecom Services,NYQ,0.06
PED,Energy,Oil & Gas E&P,ASE,0.06
DXLG,Consumer Cyclical,Apparel Retail,NGM,0.06
BIRD,Consumer Cyclical,Apparel Retail,NMS,0.06
HOLO,Technology,Electronic Components,NCM,0.06
FLNT,Communication Services,Advertising Agencies,NCM,0.06
PSTV,Healthcare,Biotechnology,NCM,0.06
AIRT,Industrials,Conglomerates,NCM,0.06
MAXN,Technology,Solar,NMS,0.06
MESA,Industrials,Airlines,NCM,0.06
FKWL,Technology,Communication Equipment,NCM,0.06
MNY,Communication Services,Internet Content & Information,NGM,0.06
YSXT,Industrials,Specialty Business Services,NCM,0.06
WYHG,Consumer Defensive,Packaged Foods,NCM,0.06
MNOV,Healthcare,Biotechnology,NGM,0.06
CUE,Healthcare,Biotechnology,NCM,0.06
BEDU,Consumer Defensive,Education & Training Services,NYQ,0.06
PHUN,Technology,Software - Application,NCM,0.06
UEIC,Technology,Consumer Electronics,NMS,0.06
LVO,Communication Services,Entertainment,NCM,0.06
PETS,Healthcare,Pharmaceutical Retailers,NMS,0.06
NEPH,Healthcare,Medical Instruments & Supplies,NCM,0.06
LPSN,Technology,Software - Application,NMS,0.06
BHAT,Communication Services,Electronic Gaming & Multimedia,NCM,0.06
BEAT,Healthcare,Health Information Services,NCM,0.06
UBXG,Technology,Software - Infrastructure,NCM,0.06
BSAA,Financial Services,Shell Companies,NCM,0.06
BRIA,Consumer Cyclical,Apparel Retail,ASE,0.05
NTWK,Technology,Software - Application,NCM,0.05
SKYE,Healthcare,Biotechnology,NGM,0.05
JUNS,Healthcare,Biotechnology,NCM,0.05
SNTI,Healthcare,Biotechnology,NCM,0.05
SMXT,Technology,Solar,NCM,0.05
FMY,Financial Services,Asset Management,NYQ,0.05
FMST,Basic Materials,Other Industrial Metals & Mining,NCM,0.05
EURK,Financial Services,Shell Companies,NCM,0.05
EVAX,Healthcare,Biotechnology,NCM,0.05
NHTC,Consumer Cyclical,Internet Retail,NCM,0.05
INMB,Healthcare,Biotechnology,NCM,0.05
CFND,,,NYQ,0.05
NOTV,Healthcare,Diagnostics & Research,NCM,0.05
BDMD,Healthcare,Medical Devices,NCM,0.05
TLYS,Consumer Cyclical,Apparel Retail,NYQ,0.05
SPCB,Industrials,Security & Protection Services,NCM,0.05
IPSC,Healthcare,Biotechnology,NCM,0.05
ATNM,Healthcare,Biotechnology,ASE,0.05
TELO,Healthcare,Biotechnology,NCM,0.05
NRT,Energy,Oil & Gas E&P,NYQ,0.05
INLX,Technology,Software - Application,ASE,0.05
PPSI,Industrials,Electrical Equipment & Parts,NCM,0.05
AIRG,Technology,Communication Equipment,NCM,0.05
ZJYL,Healthcare,Medical Instruments & Supplies,NCM,0.05
BRFH,Consumer Defensive,Beverages - Non-Alcoholic,NCM,0.05
JG,Technology,Software - Infrastructure,NCM,0.05
BTAI,Healthcare,Biotechnology,NCM,0.05
ABLV,Consumer Cyclical,Specialty Retail,NCM,0.05
ZDGE,Communication Services,Internet Content & Information,ASE,0.05
MRSN,Healthcare,Biotechnology,NMS,0.05
AWRE,Technology,Software - Application,NGM,0.05
PYPD,Healthcare,Biotechnology,NCM,0.05
PBBK,Financial Services,Banks - Regional,NCM,0.05
IMG,Consumer Defensive,Packaged Foods,NCM,0.05
PRT,Energy,Oil & Gas E&P,NYQ,0.05
TCBS,Financial Services,Banks - Regional,NCM,0.05
CRT,Energy,Oil & Gas E&P,NYQ,0.05
MXE,Financial Services,Asset Management,NYQ,0.05
WAVE,Utilities,Utilities - Renewable,NCM,0.05
NXN,Financial Services,Asset Management,NYQ,0.05
BKHA,Financial Services,Shell Companies,NGM,0.05
TOP,Financial Services,Capital Markets,NCM,0.05
HGBL,Financial Services,Capital Markets,NCM,0.05
BURU,Industrials,Specialty Industrial Machinery,ASE,0.05
CULP,Consumer Cyclical,Textile Manufacturing,NYQ,0.05
TPST,Healthcare,Biotechnology,NCM,0.05
ASRV,Financial Services,Banks - Regional,NGM,0.05
VOC,Energy,Oil & Gas E&P,NYQ,0.05
TACT,Technology,Computer Hardware,NGM,0.05
TBMC,Financial Services,Shell Companies,NGM,0.05
SYPR,Consumer Cyclical,Auto Parts,NGM,0.05
BDSX,Healthcare,Diagnostics & Research,NGM,0.05
TPCS,Industrials,Metal Fabrication,NCM,0.05
RMCO,Financial Services,Asset Management,NCM,0.05
ANVS,Healthcare,Biotechnology,NYQ,0.05
FSEA,Financial Services,Banks - Regional,NCM,0.05
CLIR,Industrials,Pollution & Treatment Controls,NCM,0.05
SRTS,Healthcare,Medical Devices,NCM,0.05
LSF,Consumer Defensive,Packaged Foods,ASE,0.05
BRNS,Healthcare,Biotechnology,NGM,0.05
MAIA,Healthcare,Biotechnology,ASE,0.05
TVRD,Healthcare,Biotechnology,NCM,0.05
WIMI,Communication Services,Advertising Agencies,NGM,0.05
RDI,Communication Services,Entertainment,NCM,0.05
RDIB,Communication Services,Entertainment,NCM,0.05
ATCH,Technology,Software - Infrastructure,ASE,0.05
CLST,Financial Services,Banks - Regional,NCM,0.05
ICCC,Healthcare,Biotechnology,NCM,0.05
RECT,Consumer Cyclical,Specialty Retail,NCM,0.05
VNRX,Healthcare,Medical Devices,ASE,0.05
KZR,Healthcare,Biotechnology,NCM,0.05
LITB,Consumer Cyclical,Apparel Manufacturing,NYQ,0.05
LIVE,Consumer Cyclical,Home Improvement Retail,NCM,0.05
KOSS,Technology,Consumer Electronics,NCM,0.05
VVPR,Technology,Solar,NCM,0.05
HSPO,Financial Services,Shell Companies,NCM,0.05
SIF,Industrials,Aerospace & Defense,ASE,0.05
COOT,Consumer Defensive,Packaged Foods,NGM,0.05
AMOD,Technology,Software - Application,NCM,0.05
SPRU,Technology,Solar,NYQ,0.05
AP,Industrials,Metal Fabrication,NYQ,0.05
SDM,Communication Services,Advertising Agencies,NCM,0.05
CPIX,Healthcare,Drug Manufacturers - Specialty & Generic,NMS,0.05
SURG,Communication Services,Telecom Services,NCM,0.05
DSWL,Technology,Electronic Components,NGM,0.05
BEEM,Technology,Solar,NCM,0.05
APLM,Healthcare,Biotechnology,NCM,0.05
APT,Industrials,Building Products & Equipment,ASE,0.05
QNTM,Healthcare,Biotechnology,NCM,0.05
CTSO,Healthcare,Medical Devices,NCM,0.05
IPWR,Technology,Semiconductors,NCM,0.05
RFL,Real Estate,Real Estate Services,NYQ,0.05
XHG,Financial Services,Insurance Brokers,NCM,0.05
FTHM,Real Estate,Real Estate Services,NCM,0.05
MFI,Technology,Software - Application,NCM,0.05
MI,Consumer Cyclical,Internet Retail,ASE,0.05
OPHC,Financial Services,Banks - Regional,ASE,0.05
YQ,Consumer Defensive,Education & Training Services,NMS,0.05
XTIA,Industrials,Aerospace & Defense,NCM,0.05
MOBX,Technology,Semiconductors,NCM,0.05
SACH,Real Estate,REIT - Mortgage,ASE,0.05
MKTW,Financial Services,Financial Data & Stock Exchanges,NGM,0.04
ACCS,Communication Services,Advertising Agencies,ASE,0.04
XLO,Healthcare,Biotechnology,NCM,0.04
MOGO,Technology,Software - Infrastructure,NCM,0.04
VBIX,Communication Services,Internet Content & Information,NCM,0.04
FCUV,Technology,Scientific & Technical Instruments,NCM,0.04
MGLD,Financial Services,Asset Management,ASE,0.04
FTFT,Technology,Software - Application,NCM,0.04
CSTE,Industrials,Building Products & Equipment,NMS,0.04
RADX,Healthcare,Biotechnology,NCM,0.04
BHM,Real Estate,REIT - Residential,ASE,0.04
STAI,Industrials,Building Products & Equipment,NGM,0.04
TOON,Communication Services,Entertainment,ASE,0.04
DYAI,Healthcare,Biotechnology,NCM,0.04
GBIO,Healthcare,Biotechnology,NMS,0.04
BGSF,Industrials,Staffing & Employment Services,NYQ,0.04
HFBL,Financial Services,Banks - Regional,NCM,0.04
RENT,Consumer Cyclical,Apparel Retail,NGM,0.04
KLTO,Healthcare,Biotechnology,NCM,0.04
WCT,Technology,Software - Application,NCM,0.04
QTTB,Healthcare,Biotechnology,NCM,0.04
RNXT,Healthcare,Biotechnology,NCM,0.04
UONE,Communication Services,Broadcasting,NCM,0.04
SIDU,Industrials,Aerospace & Defense,NCM,0.04
INUV,Technology,Software - Application,ASE,0.04
CCEL,Healthcare,Medical Care Facilities,ASE,0.04
PDSB,Healthcare,Biotechnology,NCM,0.04
TAOX,Technology,Software - Infrastructure,NCM,0.04
MYO,Healthcare,Medical Devices,ASE,0.04
BLBX,Technology,Software - Application,NCM,0.04
INTZ,Technology,Software - Infrastructure,NCM,0.04
HUBC,Technology,Software - Infrastructure,NCM,0.04
ELUT,Healthcare,Medical Devices,NCM,0.04
OKUR,Healthcare,Biotechnology,NGM,0.04
SDST,Industrials,Electrical Equipment & Parts,NGM,0.04
OMCC,Financial Services,Credit Services,NMS,0.04
ISPO,Consumer Cyclical,Travel Services,NGM,0.04
NDLS,Consumer Cyclical,Restaurants,NMS,0.04
FGEN,Healthcare,Biotechnology,NMS,0.04
RMTI,Healthcare,Drug Manufacturers - Specialty & Generic,NCM,0.04
STRR,Industrials,Conglomerates,NMS,0.04
CALC,Healthcare,Biotechnology,NCM,0.04
LVTX,Healthcare,Biotechnology,NMS,0.04
FARM,Consumer Defensive,Packaged Foods,NMS,0.04
HUIZ,Financial Services,Insurance Brokers,NGM,0.04
BTOG,Financial Services,Financial Data & Stock Exchanges,NCM,0.04
RAND,Financial Services,Asset Management,NCM,0.04
ICMB,Financial Services,Asset Management,NMS,0.04
VRCA,Healthcare,Biotechnology,NGM,0.04
LTRN,Healthcare,Biotechnology,NCM,0.04
APWC,Industrials,Electrical Equipment & Parts,NCM,0.04
MURA,Healthcare,Biotechnology,NGM,0.04
GRCE,Healthcare,Biotechnology,NCM,0.04
AMBI,Industrials,Waste Management,ASE,0.04
BMR,Technology,Software - Application,NCM,0.04
ATMC,Financial Services,Shell Companies,NCM,0.04
AUID,Technology,Software - Infrastructure,NCM,0.04
BCAB,Healthcare,Biotechnology,NCM,0.04
USIO,Technology,Software - Infrastructure,NGM,0.04
USEG,Energy,Oil & Gas E&P,NCM,0.04
RAIN,Industrials,Pollution & Treatment Controls,NGM,0.04
SLAI,Technology,Information Technology Services,NYQ,0.04
PRTS,Consumer Cyclical,Auto Parts,NMS,0.04
VNCE,Consumer Cyclical,Apparel Manufacturing,NYQ,0.04
CYN,Technology,Software - Application,NCM,0.04
SOHO,Real Estate,REIT - Hotel & Motel,NCM,0.04
GRF,Financial Services,Asset Management,ASE,0.04
DBGI,Consumer Cyclical,Apparel Retail,NCM,0.04
KTCC,Technology,Computer Hardware,NGM,0.04
BAYA,Financial Services,Shell Companies,NGM,0.04
AXIL,Technology,Consumer Electronics,ASE,0.04
IGC,Healthcare,Biotechnology,ASE,0.04
PXLW,Technology,Semiconductors,NCM,0.04
AACG,Consumer Defensive,Education & Training Services,NCM,0.04
SCOR,Communication Services,Internet Content & Information,NMS,0.04
YI,Healthcare,Medical Distribution,NGM,0.04
SCNX,Healthcare,Pharmaceutical Retailers,NCM,0.04
ZYXI,Healthcare,Medical Distribution,NMS,0.04
ACCL,Industrials,Consulting Services,NCM,0.04
NVNI,Technology,Software - Application,NCM,0.04
FCO,Financial Services,Asset Management,ASE,0.04
ESHA,Financial Services,Shell Companies,NGM,0.04
QETA,Financial Services,Shell Companies,NGM,0.04
RYET,Consumer Defensive,Education & Training Services,NCM,0.04
MDBH,Financial Services,Capital Markets,NCM,0.04
LESL,Consumer Cyclical,Specialty Retail,NMS,0.04
BAFN,Financial Services,Banks - Regional,NCM,0.04
NMTC,Healthcare,Medical Devices,NCM,0.04
INDO,Energy,Oil & Gas E&P,ASE,0.04
CISO,Technology,Software - Infrastructure,NCM,0.04
PAVS,Consumer Defensive,Packaged Foods,NCM,0.04
RAVE,Consumer Cyclical,Restaurants,NCM,0.04
ECOR,Healthcare,Medical Devices,NCM,0.04
RBOT,Healthcare,Medical Devices,NYQ,0.04
BLIV,Technology,Software - Application,NCM,0.04
SNAL,Communication Services,Electronic Gaming & Multimedia,NCM,0.04
TURB,Technology,Solar,NCM,0.04
JRSH,Consumer Cyclical,Apparel Manufacturing,NCM,0.04
BODI,Communication Services,Internet Content & Information,NCM,0.04
BNKK,Financial Services,Asset Management,NCM,0.04
NTRP,Consumer Cyclical,Travel Services,NCM,0.04
NTZ,Consumer Cyclical,"Furnishings, Fixtures & Appliances",NYQ,0.04
CTXR,Healthcare,Biotechnology,NCM,0.03
CASI,Healthcare,Biotechnology,NCM,0.03
EBON,Technology,Computer Hardware,NMS,0.03
DYCQ,Financial Services,Shell Companies,NGM,0.03
ARBK,Financial Services,Capital Markets,NMS,0.03
ARKR,Consumer Cyclical,Restaurants,NGM,0.03
LPTX,Healthcare,Biotechnology,NCM,0.03
SKBL,Industrials,Engineering & Construction,NCM,0.03
MIRA,Healthcare,Drug Manufacturers - General,NCM,0.03
VEEA,Technology,Information Technology Services,NGM,0.03
XCUR,Healthcare,Biotechnology,NCM,0.03
MIGI,Financial Services,Capital Markets,NCM,0.03
XOS,Industrials,Farm & Heavy Construction Machinery,NCM,0.03
ADGM,Healthcare,Medical Devices,NCM,0.03
LGL,Technology,Scientific & Technical Instruments,ASE,0.03
RLYB,Healthcare,Biotechnology,NCM,0.03
MODD,Healthcare,Medical Devices,NCM,0.03
SABS,Healthcare,Biotechnology,NCM,0.03
REE,Consumer Cyclical,Auto Parts,NCM,0.03
RNTX,Healthcare,Biotechnology,NCM,0.03
SELX,Technology,Electronic Components,NCM,0.03
FEMY,Healthcare,Medical Instruments & Supplies,NCM,0.03
SWAG,Communication Services,Advertising Agencies,NCM,0.03
PFAI,Consumer Defensive,Farm Products,NCM,0.03
ENLV,Healthcare,Biotechnology,NCM,0.03
EQS,Financial Services,Asset Management,NYQ,0.03
FENG,Communication Services,Internet Content & Information,NYQ,0.03
HIND,Healthcare,Biotechnology,NCM,0.03
SWVL,Industrials,Railroads,NCM,0.03
TC,Communication Services,Advertising Agencies,NCM,0.03
NCT,Industrials,Marine Shipping,NCM,0.03
CLPS,Technology,Information Technology Services,NGM,0.03
CNF,Financial Services,Mortgage Finance,NYQ,0.03
FEDU,Consumer Defensive,Education & Training Services,NYQ,0.03
HHS,Industrials,Conglomerates,NGM,0.03
TOPS,Energy,Oil & Gas Midstream,ASE,0.03
TBHC,Consumer Cyclical,Home Improvement Retail,NMS,0.03
COSM,Healthcare,Medical Distribution,NCM,0.03
NYC,Real Estate,Real Estate Services,NYQ,0.03
TRT,Technology,Semiconductor Equipment & Materials,ASE,0.03
ANTX,Healthcare,Biotechnology,NMS,0.03
UFG,Industrials,Marine Shipping,NCM,0.03
KLXE,Energy,Oil & Gas Equipment & Services,NMS,0.03
NXL,Healthcare,Medical Devices,NCM,0.03
BTOC,Industrials,Integrated Freight & Logistics,NGM,0.03
KMRK,Consumer Cyclical,Leisure,NCM,0.03
MYND,Consumer Defensive,Education & Training Services,ASE,0.03
ITRM,Healthcare,Biotechnology,NCM,0.03
JBDI,Consumer Cyclical,Specialty Retail,NCM,0.03
OMH,Real Estate,Real Estate Services,NCM,0.03
FAT,Consumer Cyclical,Restaurants,NCM,0.03
NERV,Healthcare,Biotechnology,NCM,0.03
LNAI,Healthcare,Biotechnology,NCM,0.03
ROLR,Consumer Cyclical,Gambling,ASE,0.03
CAPT,Basic Materials,Building Materials,NGM,0.03
CREX,Technology,Software - Application,NCM,0.03
ELOG,Industrials,Integrated Freight & Logistics,NCM,0.03
AGAE,Communication Services,Entertainment,NCM,0.03
MGRX,Healthcare,Health Information Services,NCM,0.03
MGN,Industrials,Engineering & Construction,NCM,0.03
EPOW,Industrials,Electrical Equipment & Parts,NCM,0.03
MOGU,Consumer Cyclical,Internet Retail,NYQ,0.03
YDKG,Communication Services,Advertising Agencies,NCM,0.03
AERT,Industrials,Consulting Services,NCM,0.03
MSW,Industrials,Engineering & Construction,NCM,0.03
DTCK,Consumer Defensive,Farm Products,NCM,0.03
OESX,Industrials,Electrical Equipment & Parts,NCM,0.03
BOWN,Financial Services,Shell Companies,NGM,0.03
AIFF,Technology,Software - Application,NCM,0.03
MTEN,Industrials,Metal Fabrication,NCM,0.03
DTST,Technology,Information Technology Services,NCM,0.03
GIFT,Communication Services,Internet Content & Information,NCM,0.03
QRHC,Industrials,Waste Management,NCM,0.03
EDRY,Industrials,Marine Shipping,NCM,0.03
LEE,Communication Services,Publishing,NMS,0.03
SGRP,Industrials,Specialty Business Services,NCM,0.03
CLGN,Healthcare,Biotechnology,NCM,0.03
CVU,Industrials,Aerospace & Defense,ASE,0.03
CVKD,Healthcare,Biotechnology,NCM,0.03
GREE,Financial Services,Capital Markets,NMS,0.03
MBBC,Financial Services,Banks - Regional,NCM,0.03
SCYX,Healthcare,Drug Manufacturers - Specialty & Generic,NGM,0.03
WETH,Real Estate,Real Estate Services,NCM,0.03
UG,Consumer Defensive,Household & Personal Products,NGM,0.03
BOSC,Technology,Communication Equipment,NCM,0.03
JVA,Consumer Defensive,Packaged Foods,NCM,0.03
BOLD,Healthcare,Biotechnology,NMS,0.03
BOF,Consumer Defensive,Packaged Foods,NCM,0.03
NTIP,Industrials,Specialty Business Services,ASE,0.03
BMGL,Healthcare,Medical Care Facilities,NCM,0.03
WPRT,Consumer Cyclical,Auto Parts,NMS,0.03
VIVK,Energy,Oil & Gas Integrated,NCM,0.03
AUST,Basic Materials,Gold,ASE,0.03
LITM,Basic Materials,Other Industrial Metals & Mining,NCM,0.03
PRZO,Industrials,Aerospace & Defense,NCM,0.03
SLMT,Communication Services,Entertainment,NCM,0.03
WNW,Consumer Cyclical,Internet Retail,NCM,0.03
WOK,Healthcare,Medical Devices,NCM,0.03
VNTG,Industrials,Marine Shipping,ASE,0.03
GSIW,Financial Services,Capital Markets,NCM,0.03
GROW,Financial Services,Asset Management,NCM,0.03
CSAI,Technology,Software - Infrastructure,NCM,0.03
CRWS,Consumer Cyclical,"Furnishings, Fixtures & Appliances",NCM,0.03
HCAI,Industrials,Farm & Heavy Construction Machinery,NCM,0.03
POAI,Healthcare,Health Information Services,NCM,0.03
PLUR,Healthcare,Biotechnology,NCM,0.03
VRAR,Technology,Software - Infrastructure,NCM,0.03
SPPL,Industrials,Specialty Industrial Machinery,NCM,0.03
CVV,Industrials,Specialty Industrial Machinery,NCM,0.03
DAIO,Technology,Electronic Components,NCM,0.03
NOM,Financial Services,Asset Management,NYQ,0.03
LIMN,Healthcare,Biotechnology,NGM,0.03
WETO,Technology,Software - Application,NCM,0.03
ATON,Financial Services,Asset Management,NCM,0.03
PRPO,Healthcare,Diagnostics & Research,NCM,0.03
POCI,Healthcare,Medical Instruments & Supplies,NCM,0.03
SONN,Healthcare,Biotechnology,NCM,0.03
TENX,Healthcare,Biotechnology,NCM,0.03
IINN,Healthcare,Medical Devices,NCM,0.03
BCTX,Healthcare,Biotechnology,NCM,0.03
IPM,Technology,Software - Application,NCM,0.03
CCTG,Industrials,Electrical Equipment & Parts,NCM,0.03
BCG,Financial Services,Asset Management,NGM,0.03
NRXS,Healthcare,Biotechnology,ASE,0.03
NSYS,Healthcare,Medical Devices,NCM,0.03
NRSN,Healthcare,Biotechnology,NCM,0.03
TIRX,Financial Services,Insurance Brokers,NCM,0.03
NINE,Energy,Oil & Gas Equipment & Services,NYQ,0.03
NNVC,Healthcare,Biotechnology,ASE,0.03
SNYR,Healthcare,Medical Distribution,NCM,0.03
PSHG,Industrials,Marine Shipping,NCM,0.03
KFFB,Financial Services,Banks - Regional,NGM,0.03
MSAI,Technology,Software - Infrastructure,NCM,0.03
RVSN,Industrials,Railroads,NCM,0.03
NIXX,Industrials,Staffing & Employment Services,NCM,0.03
DARE,Healthcare,Biotechnology,NCM,0.03
CIF,Financial Services,Asset Management,NYQ,0.03
ZBAO,Financial Services,Insurance Brokers,NCM,0.03
ZGM,Industrials,Consulting Services,NCM,0.03
MLSS,Healthcare,Medical Instruments & Supplies,ASE,0.03
ZSPC,Technology,Computer Hardware,NCM,0.03
PXS,Energy,Oil & Gas Midstream,NCM,0.03
RVP,Healthcare,Medical Instruments & Supplies,ASE,0.03
GDTC,Healthcare,Biotechnology,NCM,0.03
NWGL,Basic Materials,Lumber & Wood Production,NCM,0.03
FOXX,Technology,Consumer Electronics,NCM,0.03
MRM,Consumer Cyclical,Personal Services,NCM,0.02
RYDE,Technology,Software - Application,ASE,0.02
RPGL,Technology,Software - Application,NCM,0.02
ZCMD,Healthcare,Health Information Services,NCM,0.02
PT,Financial Services,Credit Services,NGM,0.02
GFAI,Industrials,Security & Protection Services,NCM,0.02
PULM,Healthcare,Biotechnology,NCM,0.02
ADAP,Healthcare,Biotechnology,NCM,0.02
XAIR,Healthcare,Medical Devices,NCM,0.02
MGIH,Consumer Cyclical,Packaging & Containers,NCM,0.02
AIMD,Technology,Scientific & Technical Instruments,NCM,0.02
WXM,Industrials,Industrial Distribution,NCM,0.02
MNTS,Industrials,Aerospace & Defense,NCM,0.02
YMAT,Basic Materials,Specialty Chemicals,NCM,0.02
YYGH,Consumer Cyclical,Personal Services,NCM,0.02
MNDO,Technology,Software - Application,NGM,0.02
LGCB,Consumer Cyclical,Internet Retail,NCM,0.02
BATL,Energy,Oil & Gas E&P,ASE,0.02
CCM,Healthcare,Medical Care Facilities,NYQ,0.02
INEO,Consumer Cyclical,Auto Parts,NCM,0.02
TLF,Consumer Cyclical,Specialty Retail,NCM,0.02
IMRN,Healthcare,Biotechnology,NCM,0.02
LIXT,Healthcare,Biotechnology,NCM,0.02
ATMV,Financial Services,Shell Companies,NCM,0.02
LGPS,Industrials,Conglomerates,ASE,0.02
LGVN,Healthcare,Biotechnology,NCM,0.02
THAR,Healthcare,Biotechnology,NCM,0.02
INTJ,Industrials,Consulting Services,NCM,0.02
CIIT,Technology,Electronics & Computer Distribution,NCM,0.02
TGHL,Technology,Software - Infrastructure,NCM,0.02
AYTU,Healthcare,Drug Manufacturers - Specialty & Generic,NCM,0.02
AZI,Consumer Cyclical,Auto & Truck Dealerships,NGM,0.02
LEXX,Healthcare,Biotechnology,NCM,0.02
CING,Healthcare,Biotechnology,NCM,0.02
CJMB,Industrials,Integrated Freight & Logistics,NCM,0.02
PC,Industrials,Specialty Business Services,NCM,0.02
CMMB,Healthcare,Biotechnology,NCM,0.02
ICU,Healthcare,Biotechnology,NCM,0.02
IDAI,Technology,Software - Application,NCM,0.02
PASG,Healthcare,Biotechnology,NCM,0.02
PASW,Consumer Cyclical,Textile Manufacturing,NCM,0.02
NISN,Industrials,Specialty Business Services,NCM,0.02
LEDS,Technology,Semiconductors,NCM,0.02
LIQT,Industrials,Pollution & Treatment Controls,NCM,0.02
NTCL,Technology,Software - Application,NCM,0.02
USEA,Industrials,Marine Shipping,NCM,0.02
UTSI,Technology,Communication Equipment,NMS,0.02
KXIN,Consumer Cyclical,Auto & Truck Dealerships,NCM,0.02
SEGG,Consumer Cyclical,Gambling,NGM,0.02
ELSE,Technology,Scientific & Technical Instruments,NCM,0.02
TMDE,Energy,Oil & Gas Midstream,ASE,0.02
NCRA,Consumer Defensive,Packaged Foods,NCM,0.02
ATHA,Healthcare,Biotechnology,NCM,0.02
CLSD,Healthcare,Biotechnology,NGM,0.02
CMBM,Technology,Communication Equipment,NGM,0.02
IBIO,Healthcare,Biotechnology,NCM,0.02
RBNE,Energy,Oil & Gas Midstream,NCM,0.02
RCG,Financial Services,Asset Management,NYQ,0.02
EFOI,Consumer Cyclical,"Furnishings, Fixtures & Appliances",NCM,0.02
EHGO,Industrials,Business Equipment & Supplies,NCM,0.02
EHLD,Industrials,Marine Shipping,NCM,0.02
EJH,Consumer Cyclical,Personal Services,NCM,0.02
RAY,Consumer Defensive,Household & Personal Products,NCM,0.02
CKX,Energy,Oil & Gas E&P,ASE,0.02
HKPD,Healthcare,Pharmaceutical Retailers,NCM,0.02
HUDI,Basic Materials,Steel,NCM,0.02
TAIT,Technology,Electronics & Computer Distribution,NCM,0.02
PCSA,Healthcare,Biotechnology,NCM,0.02
HTCR,Technology,Software - Application,NCM,0.02
SYBX,Healthcare,Biotechnology,NCM,0.02
ASBP,Healthcare,Biotechnology,NGM,0.02
LSTA,Healthcare,Biotechnology,NCM,0.02
FBLG,Healthcare,Biotechnology,NCM,0.02
SAGT,Technology,Software - Application,NCM,0.02
SBDS,Consumer Cyclical,Internet Retail,NYQ,0.02
COCH,Healthcare,Medical Devices,NCM,0.02
COCP,Healthcare,Biotechnology,NCM,0.02
CODX,Healthcare,Medical Devices,NCM,0.02
COHN,Financial Services,Capital Markets,ASE,0.02
CRIS,Healthcare,Biotechnology,NCM,0.02
ELPW,Industrials,Electrical Equipment & Parts,NGM,0.02
IZM,Technology,Electronics & Computer Distribution,NCM,0.02
TOPP,Industrials,Trucking,ASE,0.02
TRAW,Healthcare,Biotechnology,NCM,0.02
CANF,Healthcare,Biotechnology,ASE,0.02
TOMZ,Industrials,Pollution & Treatment Controls,NCM,0.02
BGI,Consumer Cyclical,Luxury Goods,ASE,0.02
LPCN,Healthcare,Biotechnology,NCM,0.02
LRE,Real Estate,Real Estate - Development,NCM,0.02
VSTD,Consumer Cyclical,Restaurants,NCM,0.02
VVOS,Healthcare,Medical Devices,NCM,0.02
HOTH,Healthcare,Biotechnology,NCM,0.02
PHGE,Healthcare,Biotechnology,ASE,0.02
SJ,Communication Services,Internet Content & Information,NCM,0.02
EDSA,Healthcare,Biotechnology,NCM,0.02
EDTK,Consumer Defensive,Education & Training Services,NCM,0.02
DXST,Industrials,Waste Management,NCM,0.02
LMFA,Financial Services,Credit Services,NCM,0.02
BHV,Financial Services,Asset Management,NYQ,0.02
JZXN,Consumer Cyclical,Auto & Truck Dealerships,NCM,0.02
KAPA,Healthcare,Biotechnology,ASE,0.02
NXPL,Technology,Software - Application,NCM,0.02
NXTC,Healthcare,Biotechnology,NMS,0.02
NXGL,Healthcare,Medical Instruments & Supplies,NCM,0.02
TRIB,Healthcare,Medical Devices,NMS,0.02
TRSG,Industrials,Metal Fabrication,NCM,0.02
IPW,Consumer Cyclical,Internet Retail,NCM,0.02
IQST,Communication Services,Telecom Services,NCM,0.02
IRIX,Healthcare,Medical Devices,NCM,0.02
ANY,Financial Services,Capital Markets,NCM,0.02
MXC,Energy,Oil & Gas E&P,ASE,0.02
WATT,Technology,Scientific & Technical Instruments,NCM,0.02
ANGH,Communication Services,Entertainment,NCM,0.02
EDHL,Communication Services,Advertising Agencies,NCM,0.02
GYRO,Real Estate,Real Estate Services,NCM,0.02
CTRM,Industrials,Marine Shipping,NCM,0.02
HBIO,Healthcare,Medical Instruments & Supplies,NCM,0.02
HCTI,Healthcare,Health Information Services,NCM,0.02
LSH,Industrials,Integrated Freight & Logistics,NCM,0.02
APUS,Healthcare,Drug Manufacturers - Specialty & Generic,ASE,0.02
APVO,Healthcare,Biotechnology,NCM,0.02
AQMS,Industrials,Waste Management,NCM,0.02
CWD,Financial Services,Asset Management,NCM,0.02
PMN,Healthcare,Biotechnology,NCM,0.02
PMNT,Consumer Cyclical,Apparel Manufacturing,ASE,0.02
PN,Technology,Solar,NCM,0.02
GSUN,Consumer Defensive,Education & Training Services,NCM,0.02
CURX,Healthcare,Biotechnology,NCM,0.02
CUPR,Healthcare,Medical Instruments & Supplies,NCM,0.02
AMST,Technology,Software - Application,NCM,0.02
NAII,Consumer Defensive,Packaged Foods,NGM,0.02
BON,Basic Materials,Specialty Chemicals,NCM,0.02
BLIN,Technology,Software - Infrastructure,NCM,0.02
BLRX,Healthcare,Biotechnology,NCM,0.02
JOB,Industrials,Staffing & Employment Services,ASE,0.02
JXG,Consumer Cyclical,Apparel Manufacturing,NCM,0.02
BNAI,Technology,Software - Infrastructure,NCM,0.02
BNGO,Healthcare,Medical Instruments & Supplies,NCM,0.02
BTCT,Technology,Computer Hardware,NCM,0.02
MBRX,Healthcare,Biotechnology,NCM,0.02
MTVA,Healthcare,Biotechnology,NCM,0.02
WFF,Industrials,Specialty Industrial Machinery,NCM,0.02
ALUR,Healthcare,Medical Devices,NYQ,0.02
GOVX,Healthcare,Biotechnology,NCM,0.02
GTI,Basic Materials,Other Industrial Metals & Mining,NGM,0.02
GTIM,Consumer Cyclical,Restaurants,NCM,0.02
PPCB,Healthcare,Biotechnology,NCM,0.02
CXAI,Technology,Software - Application,NCM,0.02
GTEC,Consumer Cyclical,Auto Parts,NCM,0.02
SOAR,Industrials,Airports & Air Services,ASE,0.02
SOPA,Communication Services,Advertising Agencies,NCM,0.02
SOS,Financial Services,Capital Markets,NYQ,0.02
AIRI,Industrials,Aerospace & Defense,ASE,0.02
MCTR,Communication Services,Advertising Agencies,NCM,0.02
MDRR,Real Estate,REIT - Diversified,NCM,0.02
GLBS,Industrials,Marine Shipping,NCM,0.02
PRHI,Financial Services,Insurance - Property & Casualty,NCM,0.02
PRPH,Healthcare,Diagnostics & Research,NCM,0.02
SNES,Basic Materials,Specialty Chemicals,NCM,0.02
ALLR,Healthcare,Biotechnology,NCM,0.02
WKHS,Consumer Cyclical,Auto Manufacturers,NCM,0.02
WKSP,Consumer Cyclical,Auto Parts,NCM,0.02
WLDS,Technology,Consumer Electronics,NCM,0.02
MWYN,Consumer Cyclical,"Furnishings, Fixtures & Appliances",NCM,0.02
GIGM,Communication Services,Electronic Gaming & Multimedia,NCM,0.02
SMSI,Technology,Software - Application,NCM,0.02
DLPN,Communication Services,Advertising Agencies,NCM,0.02
DUO,Real Estate,Real Estate Services,NCM,0.02
DTSS,Technology,Software - Infrastructure,NCM,0.02
WVVI,Consumer Defensive,Beverages - Wineries & Distilleries,NCM,0.02
MTEX,Consumer Defensive,Food Distribution,NCM,0.02
AIXI,Technology,Software - Application,NGM,0.02
AKTX,Healthcare,Biotechnology,NCM,0.02
MSGY,Industrials,Engineering & Construction,NCM,0.02
MSS,Consumer Defensive,Grocery Stores,NCM,0.02
MTC,Technology,Software - Application,NCM,0.02
BQ,Consumer Cyclical,Specialty Retail,ASE,0.02
FLYE,Consumer Cyclical,Auto Manufacturers,NCM,0.02
EONR,Energy,Oil & Gas E&P,ASE,0.02
JL,Consumer Cyclical,Apparel Manufacturing,NCM,0.02
FIEE,Technology,Communication Equipment,NCM,0.02
ABTS,Financial Services,Capital Markets,NCM,0.02
AEHL,Industrials,Building Products & Equipment,NCM,0.02
MMA,Consumer Cyclical,Leisure,ASE,0.02
YHGJ,Consumer Cyclical,Packaging & Containers,NCM,0.02
ABP,Healthcare,Biotechnology,NGM,0.02
ZDAI,Industrials,Engineering & Construction,NCM,0.01
ZKIN,Basic Materials,Steel,NCM,0.01
YGMZ,Industrials,Trucking,NCM,0.01
YHC,Consumer Defensive,Beverages - Wineries & Distilleries,NCM,0.01
YJ,Consumer Cyclical,Internet Retail,NCM,0.01
ZNB,Communication Services,Entertainment,NCM,0.01
ZBAI,Financial Services,Capital Markets,NCM,0.01
MNDR,Healthcare,Health Information Services,NCM,0.01
MOVE,Healthcare,Medical Devices,NCM,0.01
MHUA,Healthcare,Medical Instruments & Supplies,NCM,0.01
ACXP,Healthcare,Biotechnology,NCM,0.01
XBIO,Healthcare,Biotechnology,NCM,0.01
XELB,Consumer Cyclical,Apparel Manufacturing,NCM,0.01
XHLD,Communication Services,Broadcasting,NCM,0.01
MKZR,Real Estate,REIT - Diversified,NCM,0.01
AEON,Healthcare,Biotechnology,ASE,0.01
MLEC,Healthcare,Biotechnology,NCM,0.01
XTLB,Healthcare,Biotechnology,NCM,0.01
XWEL,Healthcare,Diagnostics & Research,NCM,0.01
XXII,Consumer Defensive,Tobacco,NCM,0.01
YAAS,Technology,Software - Application,NCM,0.01
YCBD,Healthcare,Drug Manufacturers - Specialty & Generic,ASE,0.01
NVNO,Healthcare,Medical Devices,NCM,0.01
MRKR,Healthcare,Biotechnology,NCM,0.01
NWTG,Consumer Cyclical,Leisure,NCM,0.01
FGI,Consumer Cyclical,"Furnishings, Fixtures & Appliances",NCM,0.01
FTEL,Consumer Cyclical,Specialty Retail,NCM,0.01
FTRK,Communication Services,Entertainment,NCM,0.01
SKK,Industrials,Engineering & Construction,NCM,0.01
SKYQ,Energy,Oil & Gas Integrated,NCM,0.01
DRCT,Communication Services,Advertising Agencies,NCM,0.01
GDHG,Consumer Cyclical,Leisure,NCM,0.01
SLXN,Healthcare,Biotechnology,NCM,0.01
ALBT,Real Estate,Real Estate Services,NCM,0.01
WTO,Technology,Consumer Electronics,NCM,0.01
AGMH,Technology,Computer Hardware,NCM,0.01
AGRI,Consumer Defensive,Farm Products,NCM,0.01
GIBO,Communication Services,Internet Content & Information,NGM,0.01
QNRX,Healthcare,Biotechnology,NCM,0.01
GLBZ,Financial Services,Banks - Regional,NCM,0.01
GLE,Technology,Information Technology Services,NCM,0.01
MEGL,Financial Services,Capital Markets,NCM,0.01
MSGM,Communication Services,Electronic Gaming & Multimedia,NCM,0.01
MSN,Technology,Consumer Electronics,ASE,0.01
MTEK,Technology,Electronic Components,NCM,0.01
SNOA,Healthcare,Drug Manufacturers - Specialty & Generic,NCM,0.01
SNSE,Healthcare,Biotechnology,NCM,0.01
SNTG,Financial Services,Credit Services,NCM,0.01
GNPX,Healthcare,Biotechnology,NCM,0.01
PRSO,Technology,Semiconductors,NCM,0.01
GIPR,Real Estate,REIT - Diversified,NCM,0.01
GITS,Communication Services,Internet Content & Information,NCM,0.01
BFRG,Healthcare,Health Information Services,NCM,0.01
BFRI,Healthcare,Drug Manufacturers - Specialty & Generic,NCM,0.01
ONCO,Healthcare,Biotechnology,NCM,0.01
INTS,Healthcare,Biotechnology,NCM,0.01
IOTR,Communication Services,Telecom Services,NCM,0.01
IPDN,Industrials,Staffing & Employment Services,NCM,0.01
CAPS,Basic Materials,Building Materials,NCM,0.01
CARV,Financial Services,Banks - Regional,NCM,0.01
BGLC,Basic Materials,Specialty Chemicals,NCM,0.01
BGMS,Healthcare,Biotechnology,NCM,0.01
BIAF,Healthcare,Diagnostics & Research,NCM,0.01
JCTC,Basic Materials,Lumber & Wood Production,NCM,0.01
JDZG,Technology,Information Technology Services,NCM,0.01
KALA,Healthcare,Biotechnology,NCM,0.01
KAVL,Consumer Defensive,Tobacco,NCM,0.01
BIVI,Healthcare,Biotechnology,NCM,0.01
BIYA,Technology,Software - Application,NCM,0.01
BKYI,Industrials,Security & Protection Services,NCM,0.01
OFAL,Industrials,Engineering & Construction,NCM,0.01
OGEN,Healthcare,Biotechnology,ASE,0.01
TRNR,Consumer Cyclical,Personal Services,NCM,0.01
BRTX,Healthcare,Biotechnology,NCM,0.01
JZ,Technology,Information Technology Services,NCM,0.01
OBLG,Technology,Software - Application,NCM,0.01
JCSE,Industrials,Specialty Industrial Machinery,NCM,0.01
LBGJ,Industrials,Specialty Industrial Machinery,NCM,0.01
LCFY,Communication Services,Internet Content & Information,NCM,0.01
LDWY,Communication Services,Advertising Agencies,NCM,0.01
CHEK,Healthcare,Diagnostics & Research,NCM,0.01
CELZ,Healthcare,Biotechnology,NCM,0.01
CENN,Consumer Cyclical,Auto Manufacturers,NCM,0.01
SFHG,Industrials,Specialty Business Services,NCM,0.01
ISPC,Healthcare,Diagnostics & Research,NCM,0.01
OLB,Technology,Software - Infrastructure,NCM,0.01
BCDA,Healthcare,Biotechnology,NCM,0.01
KZIA,Healthcare,Biotechnology,NCM,0.01
KPRX,Healthcare,Biotechnology,NCM,0.01
KRKR,Communication Services,Advertising Agencies,NCM,0.01
KIDZ,Consumer Defensive,Education & Training Services,NCM,0.01
ELWS,Technology,Software - Application,NCM,0.01
RDGT,Healthcare,Pharmaceutical Retailers,NCM,0.01
RDHL,Healthcare,Drug Manufacturers - Specialty & Generic,NCM,0.01
REBN,Consumer Cyclical,Restaurants,NCM,0.01
RELI,Financial Services,Insurance Brokers,NCM,0.01
SDOT,Consumer Defensive,Farm Products,NCM,0.01
SEED,Basic Materials,Agricultural Inputs,NCM,0.01
TOVX,Healthcare,Biotechnology,ASE,0.01
TPET,Energy,Oil & Gas E&P,ASE,0.01
IVDA,Industrials,Security & Protection Services,NCM,0.01
JAGX,Healthcare,Biotechnology,NCM,0.01
TNMG,Communication Services,Publishing,NCM,0.01
TNON,Healthcare,Medical Devices,NCM,0.01
NLSP,Healthcare,Biotechnology,NCM,0.01
OXBR,Financial Services,Insurance - Reinsurance,NCM,0.01
IFBD,Technology,Software - Application,NCM,0.01
IHT,Real Estate,REIT - Hotel & Motel,ASE,0.01
ILAG,Industrials,Building Products & Equipment,NCM,0.01
CHNR,Basic Materials,Other Industrial Metals & Mining,NCM,0.01
BBGI,Communication Services,Broadcasting,NCM,0.01
UUU,Industrials,Building Products & Equipment,ASE,0.01
VEEE,Consumer Cyclical,Recreational Vehicles,NCM,0.01
LFWD,Healthcare,Medical Devices,NCM,0.01
LGCL,Technology,Software - Application,NCM,0.01
INLF,Industrials,Specialty Industrial Machinery,NCM,0.01
CDIO,Healthcare,Biotechnology,NCM,0.01
CDTG,Industrials,Waste Management,NCM,0.01
TLIH,Industrials,Industrial Distribution,NCM,0.01
KTTA,Healthcare,Biotechnology,NCM,0.01
BANL,Energy,Oil & Gas Midstream,NCM,0.01
CETY,Industrials,Specialty Industrial Machinery,NCM,0.01
TKLF,Consumer Cyclical,Specialty Retail,NCM,0.01
ONFO,Communication Services,Internet Content & Information,NCM,0.01
OP,Industrials,Marine Shipping,NCM,0.01
INHD,Basic Materials,Steel,NCM,0.01
CMND,Healthcare,Biotechnology,NCM,0.01
TCRT,Healthcare,Biotechnology,NCM,0.01
TDIC,Communication Services,Advertising Agencies,NCM,0.01
CISS,Industrials,Marine Shipping,NCM,0.01
CJET,Consumer Cyclical,Auto Manufacturers,NCM,0.01
CLDI,Healthcare,Biotechnology,ASE,0.01
CLIK,Consumer Cyclical,Personal Services,NCM,0.01
INAB,Healthcare,Biotechnology,NCM,0.01
VIVS,Healthcare,Biotechnology,NCM,0.01
VMAR,Consumer Cyclical,Recreational Vehicles,NCM,0.01
PAPL,Financial Services,Mortgage Finance,ASE,0.01
PAVM,Healthcare,Medical Devices,NCM,0.01
PBM,Healthcare,Biotechnology,NCM,0.01
HWH,Consumer Cyclical,Leisure,NCM,0.01
OSRH,Healthcare,Biotechnology,NCM,0.01
OST,Technology,Electronic Components,NCM,0.01
IMCC,Healthcare,Drug Manufacturers - Specialty & Generic,NCM,0.01
IMNN,Healthcare,Biotechnology,NCM,0.01
AWX,Industrials,Waste Management,ASE,0.01
ATXG,Industrials,Integrated Freight & Logistics,NCM,0.01
CIGL,Industrials,Security & Protection Services,NCM,0.01
TGL,Technology,Software - Application,NCM,0.01
CGTL,Consumer Cyclical,Specialty Retail,NCM,0.01
ORIS,Consumer Defensive,Packaged Foods,NCM,0.01
ORKT,Technology,Software - Application,NCM,0.01
AMIX,Healthcare,Medical Devices,NCM,0.01
DEVS,Industrials,Pollution & Treatment Controls,NCM,0.01
DFSC,Industrials,Aerospace & Defense,NCM,0.01
DHAI,Healthcare,Medical Devices,NGM,0.01
SMX,Industrials,Specialty Business Services,NCM,0.01
SNGX,Healthcare,Biotechnology,NCM,0.01
MBIO,Healthcare,Biotechnology,NCM,0.01
MTNB,Healthcare,Biotechnology,ASE,0.01
MTR,Energy,Oil & Gas E&P,NYQ,0.01
MWG,Industrials,Rental & Leasing Services,ASE,0.01
LYRA,Healthcare,Biotechnology,NCM,0.01
ALZN,Healthcare,Biotechnology,NCM,0.01
AMBO,Consumer Defensive,Education & Training Services,ASE,0.01
CYCU,Technology,Information Technology Services,NGM,0.01
POLA,Industrials,Electrical Equipment & Parts,NCM,0.01
PPBT,Healthcare,Biotechnology,NCM,0.01
GORV,Consumer Cyclical,Auto & Truck Dealerships,NCM,0.01
GP,Industrials,Farm & Heavy Construction Machinery,NCM,0.01
GRI,Healthcare,Biotechnology,NCM,0.01
SRXH,Healthcare,Medical Care Facilities,ASE,0.01
SSKN,Healthcare,Medical Devices,NCM,0.01
SSM,Consumer Cyclical,Auto Manufacturers,NCM,0.01
SOBR,Technology,Scientific & Technical Instruments,NCM,0.01
SOND,Consumer Cyclical,Lodging,NMS,0.01
SONM,Technology,Communication Equipment,NCM,0.01
SOWG,Consumer Defensive,Confectioners,NCM,0.01
CYCN,Healthcare,Biotechnology,NCM,0.01
NCPL,Financial Services,Capital Markets,NCM,0.01
SVRE,Technology,Scientific & Technical Instruments,NCM,0.01
SXTP,Healthcare,Biotechnology,NCM,0.01
SYNX,Technology,Communication Equipment,ASE,0.01
CNET,Communication Services,Advertising Agencies,NCM,0.01
CNEY,Basic Materials,Specialty Chemicals,NCM,0.01
HXHX,Industrials,Integrated Freight & Logistics,NCM,0.01
HYFM,Industrials,Farm & Heavy Construction Machinery,NCM,0.01
ATER,Consumer Cyclical,"Furnishings, Fixtures & Appliances",NCM,0.01
VRME,Industrials,Security & Protection Services,NCM,0.01
VS,Technology,Software - Application,NCM,0.01
VSEE,Healthcare,Health Information Services,NCM,0.01
ARTL,Healthcare,Biotechnology,NCM,0.01
ARTW,Industrials,Farm & Heavy Construction Machinery,NCM,0.01
ASNS,Technology,Communication Equipment,NCM,0.01
SGN,Technology,Software - Application,ASE,0.01
SHFS,Financial Services,Banks - Regional,NCM,0.01
CLWT,Industrials,Pollution & Treatment Controls,NCM,0.01
CMCT,Real Estate,REIT - Office,NCM,0.01
IBO,Healthcare,Biotechnology,ASE,0.01
ASTC,Technology,Scientific & Technical Instruments,NCM,0.01
ASTI,Technology,Solar,NCM,0.01
INBS,Healthcare,Medical Devices,NCM,0.01
EKSO,Healthcare,Medical Instruments & Supplies,NCM,0.01
FRSX,Consumer Cyclical,Auto Parts,NCM,0.01
SGD,Real Estate,Real Estate - Development,NCM,0.01
SGLY,Industrials,Integrated Freight & Logistics,NCM,0.01
ENSC,Healthcare,Biotechnology,NCM,0.01
ENTO,Healthcare,Biotechnology,NCM,0.01
NEUP,Healthcare,Biotechnology,NGM,0.01
LNKS,Industrials,Electrical Equipment & Parts,NCM,0.01
EDUC,Communication Services,Publishing,NGM,0.01
EEIQ,Consumer Defensive,Education & Training Services,NCM,0.01
RNAZ,Healthcare,Biotechnology,NCM,0.01
FBGL,Industrials,Engineering & Construction,NCM,0.01
ERNA,Healthcare,Biotechnology,NCM,0.01
SAIH,Technology,Information Technology Services,NCM,0.01
SBEV,Consumer Defensive,Beverages - Wineries & Distilleries,ASE,0.01
SBFM,Healthcare,Drug Manufacturers - Specialty & Generic,NCM,0.01
SBLX,Consumer Cyclical,Auto Manufacturers,NCM,0.01
CREV,Consumer Cyclical,Auto Parts,NGM,0.01
SUGP,Industrials,Security & Protection Services,NCM,0.01
SUNE,Technology,Solar,NCM,0.01
CPHI,Healthcare,Drug Manufacturers - Specialty & Generic,ASE,0.01
HSCS,Healthcare,Medical Devices,NCM,0.01
PETZ,Consumer Cyclical,Restaurants,NCM,0.01
PCLA,Communication Services,Telecom Services,NCM,0.01
HTOO,Utilities,Utilities - Renewable,NCM,0.01
TBH,Communication Services,Electronic Gaming & Multimedia,NCM,0.01
CLRB,Healthcare,Biotechnology,NCM,0.01
CLRO,Technology,Communication Equipment,NCM,0.01
HIHO,Industrials,Metal Fabrication,NCM,0.01
NCI,Consumer Cyclical,Apparel Manufacturing,NCM,0.01
NCL,Consumer Cyclical,"Furnishings, Fixtures & Appliances",ASE,0.01
NCNA,Healthcare,Biotechnology,NCM,0.01
LRHC,Real Estate,Real Estate Services,NCM,0.01
AQB,Consumer Defensive,Farm Products,NCM,0.01
CTNT,Industrials,Integrated Freight & Logistics,NCM,0.01
HCWB,Healthcare,Biotechnology,NCM,0.01
HCWC,Consumer Defensive,Packaged Foods,ASE,0.01
VYNE,Healthcare,Biotechnology,NCM,0.01
APM,Healthcare,Biotechnology,NCM,0.01
APRE,Healthcare,Biotechnology,NCM,0.01
LXEH,Consumer Defensive,Education & Training Services,NGM,0.01
NAOV,Healthcare,Medical Devices,NCM,0.01
NBY,Healthcare,Biotechnology,ASE,0.01
NCEW,Industrials,Integrated Freight & Logistics,NCM,0.01
GCTK,Healthcare,Medical Instruments & Supplies,NCM,0.01
QLGN,Healthcare,Biotechnology,NCM,0.01
CRE,Industrials,Specialty Business Services,NCM,0.01
PFSA,Healthcare,Medical Devices,NGM,0.01
PHH,Consumer Defensive,Household & Personal Products,NCM,0.01
PHIO,Healthcare,Biotechnology,NCM,0.01
LOBO,Consumer Cyclical,Auto Manufacturers,NCM,0.01
AREB,Consumer Cyclical,Footwear & Accessories,NCM,0.01
DWTX,Healthcare,Biotechnology,NCM,0.01
SILO,Healthcare,Biotechnology,NCM,0.01
SINT,Healthcare,Medical Devices,NCM,0.01
DSS,Consumer Cyclical,Packaging & Containers,ASE,0.01
GBR,Real Estate,Real Estate Services,ASE,0.01
GRNQ,Industrials,Consulting Services,NCM,0.01
SPHL,Consumer Cyclical,Residential Construction,NCM,0.01
SPRC,Healthcare,Biotechnology,NCM,0.01
SQFT,Real Estate,REIT - Diversified,NCM,0.01
PMAX,Industrials,Specialty Business Services,NCM,0.01
PMCB,Healthcare,Biotechnology,NCM,0.01
CVR,Industrials,Tools & Accessories,ASE,0.01
MYNZ,Healthcare,Diagnostics & Research,NCM,0.01
MYSE,Technology,Software - Application,NCM,0.01
NAAS,Consumer Cyclical,Specialty Retail,NCM,0.01
LUCY,Healthcare,Medical Instruments & Supplies,NCM,0.01
LVLU,Consumer Cyclical,Apparel Retail,NCM,0.01
AMS,Healthcare,Medical Care Facilities,ASE,0.01
AMZE,Consumer Defensive,Beverages - Wineries & Distilleries,ASE,0.01
STFS,Communication Services,Advertising Agencies,NCM,0.01
STKH,Consumer Defensive,Packaged Foods,NCM,0.01
ARBB,Technology,Information Technology Services,NCM,0.01
WAFU,Consumer Defensive,Education & Training Services,NCM,0.01
WAI,Financial Services,Capital Markets,NCM,0.01
MASK,Technology,Software - Application,NCM,0.01
PLAG,Industrials,Conglomerates,ASE,0.01
PLRZ,Healthcare,Biotechnology,NCM,0.01
GV,Consumer Defensive,Education & Training Services,NCM,0.01
GVH,Industrials,Integrated Freight & Logistics,NCM,0.01
GXAI,Communication Services,Electronic Gaming & Multimedia,NCM,0.01
STAK,Energy,Oil & Gas Equipment & Services,NCM,0.01
FAMI,Consumer Defensive,Packaged Foods,NCM,0.01
RUBI,Industrials,Marine Shipping,NCM,0.01
ETS,Industrials,Trucking,NCM,0.01
EVGN,Healthcare,Biotechnology,NCM,0.01
EVOK,Healthcare,Drug Manufacturers - Specialty & Generic,NCM,0.01
RVYL,Technology,Software - Infrastructure,NCM,0.01
MITQ,Technology,Communication Equipment,ASE,0.01
FGL,Industrials,Engineering & Construction,NCM,0.01
PSIG,Industrials,Integrated Freight & Logistics,NCM,0.01
PTHL,Healthcare,Medical Devices,NCM,0.01
PTIX,Healthcare,Biotechnology,NCM,0.01
PTLE,Consumer Cyclical,Specialty Retail,NCM,0.01
AIM,Healthcare,Biotechnology,ASE,0.01
FCHL,Consumer Defensive,Education & Training Services,NCM,0.01
EVTV,Consumer Cyclical,Auto Manufacturers,NCM,0.01
XPON,Industrials,Electrical Equipment & Parts,NCM,0.01
GELS,Healthcare,Drug Manufacturers - Specialty & Generic,NCM,0.01
QCLS,Technology,Computer Hardware,NCM,0.01
QH,Technology,Software - Application,NGM,0.01
GLMD,Healthcare,Biotechnology,NCM,0.01
GLTO,Healthcare,Biotechnology,NCM,0.01
GLXG,Industrials,Staffing & Employment Services,NCM,0.01
SMTK,Technology,Semiconductor Equipment & Materials,NCM,0.01
DKI,Communication Services,Electronic Gaming & Multimedia,NCM,0.01
DLXY,Energy,Oil & Gas Refining & Marketing,NCM,0.01
ADIL,Healthcare,Biotechnology,NCM,0.01
ADN,Industrials,Electrical Equipment & Parts,NCM,0.01
ADVB,Healthcare,Diagnostics & Research,NCM,0.01
ADXN,Healthcare,Biotechnology,NCM,0.01
JYD,Industrials,Integrated Freight & Logistics,NCM,0.01
BOLT,Healthcare,Biotechnology,NCM,0.01
UCAR,Consumer Cyclical,Auto & Truck Dealerships,NCM,0.01
KITT,Industrials,Aerospace & Defense,NCM,0.01
TVC,,,NYQ,0.01
TWG,Consumer Defensive,Food Distribution,NCM,0.01
TXMD,Healthcare,Drug Manufacturers - Specialty & Generic,NMS,0.01
BMRA,Healthcare,Medical Devices,NCM,0.01
BNRG,Utilities,Utilities - Renewable,NCM,0.01
BNZI,Technology,Software - Application,NCM,0.01
JTAI,Technology,Software - Application,NCM,0.01
JEM,Consumer Cyclical,Apparel Retail,NCM,0.01
BSLK,Basic Materials,Specialty Chemicals,NCM,0.01
BTBD,Consumer Cyclical,Restaurants,NCM,0.01
BOXL,Technology,Consumer Electronics,NCM,0.01
BRN,Energy,Oil & Gas E&P,ASE,0.01
RIME,Technology,Consumer Electronics,NCM,0.01
RKDA,Consumer Defensive,Packaged Foods,NCM,0.01
RMCF,Consumer Defensive,Confectioners,NCM,0.01
FEBO,Technology,Consumer Electronics,NCM,0.01
RETO,Basic Materials,Building Materials,NCM,0.01
FLGC,Healthcare,Drug Manufacturers - Specialty & Generic,NCM,0.01
SCKT,Technology,Computer Hardware,NCM,0.01
