symbol,sector,industry,market_cap_B,analysis_date,data_days,data_completeness,indicators_used,bullish_score,bearish_score,net_score,bullish_volume_spikes,bearish_volume_spikes,bull_price_above_20ma,bull_price_above_50ma,bull_price_above_200ma,bull_ma_alignment,bull_strong_volume,bull_volume_trend_up,bull_healthy_volume,bull_rsi_bullish,bull_macd_bullish,bull_higher_highs,bull_obv_uptrend,bear_price_below_20ma,bear_price_below_50ma,bear_price_below_200ma,bear_ma_bearish_alignment,bear_strong_bearish_volume,bear_volume_trend_down,bear_distribution_volume,bear_rsi_bearish,bear_macd_bearish,bear_lower_lows,bear_obv_downtrend
NYAX,Technology,Information Technology Services,1.41,2025/06/22,249,100.0,"MA20, MA50, MA200, RSI, MACD, OBV, Trend",100.0,0.0,100.0,3,0,True,True,True,True,True,True,True,True,True,True,True,False,False,False,False,False,False,False,False,False,False,False
JWN,Consumer Cyclical,Department Stores,3.99,2025/06/22,228,100.0,"MA20, MA50, MA200, RSI, MACD, OBV, Trend",100.0,0.0,100.0,4,0,True,True,True,True,True,True,True,True,True,True,True,False,False,False,False,False,False,False,False,False,False,False
SPRY,Healthcare,Biotechnology,1.27,2025/06/22,249,100.0,"MA20, MA50, MA200, RSI, MACD, OBV, Trend",92.3076923076923,0.0,92.3076923076923,1,0,True,True,True,True,False,True,True,True,True,True,True,False,False,False,False,False,False,False,False,False,False,False
CF,Basic Materials,Agricultural Inputs,16.05,2025/06/22,249,100.0,"MA20, MA50, MA200, RSI, MACD, OBV, Trend",92.3076923076923,0.0,92.3076923076923,2,0,True,True,True,True,True,True,True,False,True,True,True,False,False,False,False,False,False,False,False,False,False,False
CRK,Energy,Oil & Gas E&P,5.68,2025/06/22,249,100.0,"MA20, MA50, MA200, RSI, MACD, OBV, Trend",92.3076923076923,0.0,92.3076923076923,2,0,True,True,True,True,True,True,True,False,True,True,True,False,False,False,False,False,False,False,False,False,False,False
ESLT,Industrials,Aerospace & Defense,13.62,2025/06/22,249,100.0,"MA20, MA50, MA200, RSI, MACD, OBV, Trend",92.3076923076923,0.0,92.3076923076923,1,0,True,True,True,True,False,True,True,True,True,True,True,False,False,False,False,False,False,False,False,False,False,False
EQT,Energy,Oil & Gas E&P,30.5,2025/06/22,249,100.0,"MA20, MA50, MA200, RSI, MACD, OBV, Trend",92.3076923076923,0.0,92.3076923076923,0,0,True,True,True,True,False,True,True,True,True,True,True,False,False,False,False,False,False,False,False,False,False,False
LYV,Communication Services,Entertainment,33.36,2025/06/22,249,100.0,"MA20, MA50, MA200, RSI, MACD, OBV, Trend",92.3076923076923,0.0,92.3076923076923,0,0,True,True,True,True,False,True,True,True,True,True,True,False,False,False,False,False,False,False,False,False,False,False
MIRM,Healthcare,Biotechnology,2.35,2025/06/22,249,100.0,"MA20, MA50, MA200, RSI, MACD, OBV, Trend",92.3076923076923,0.0,92.3076923076923,0,0,True,True,True,True,False,True,True,True,True,True,True,False,False,False,False,False,False,False,False,False,False,False
GS,Financial Services,Capital Markets,200.46,2025/06/22,249,100.0,"MA20, MA50, MA200, RSI, MACD, OBV, Trend",92.3076923076923,0.0,92.3076923076923,1,0,True,True,True,True,False,True,True,True,True,True,True,False,False,False,False,False,False,False,False,False,False,False
IMAX,Communication Services,Entertainment,1.24,2025/06/22,249,100.0,"MA20, MA50, MA200, RSI, MACD, OBV, Trend",92.3076923076923,0.0,92.3076923076923,2,0,True,True,True,True,True,True,True,True,True,False,True,False,False,False,False,False,False,False,False,False,False,False
CTRE,Real Estate,REIT - Healthcare Facilities,4.96,2025/06/22,249,100.0,"MA20, MA50, MA200, RSI, MACD, OBV, Trend",92.3076923076923,0.0,92.3076923076923,2,0,True,True,True,True,True,True,False,True,True,True,True,False,False,False,False,False,False,False,False,False,False,False
BYD,Consumer Cyclical,Resorts & Casinos,6.78,2025/06/22,249,100.0,"MA20, MA50, MA200, RSI, MACD, OBV, Trend",92.3076923076923,0.0,92.3076923076923,1,0,True,True,True,True,False,True,True,True,True,True,True,False,False,False,False,False,False,False,False,False,False,False
IBM,Technology,Information Technology Services,238.81,2025/06/22,249,100.0,"MA20, MA50, MA200, RSI, MACD, OBV, Trend",92.3076923076923,0.0,92.3076923076923,0,1,True,True,True,True,False,True,True,True,True,True,True,False,False,False,False,False,False,False,False,False,False,False
ORLA,Basic Materials,Gold,1.98,2025/06/22,249,100.0,"MA20, MA50, MA200, RSI, MACD, OBV, Trend",92.3076923076923,0.0,92.3076923076923,2,0,True,True,True,True,True,True,True,True,True,False,True,False,False,False,False,False,False,False,False,False,False,False
RTX,Industrials,Aerospace & Defense,171.64,2025/06/22,249,100.0,"MA20, MA50, MA200, RSI, MACD, OBV, Trend",92.3076923076923,0.0,92.3076923076923,1,0,True,True,True,True,False,True,True,True,True,True,True,False,False,False,False,False,False,False,False,False,False,False
VIRT,Financial Services,Capital Markets,6.19,2025/06/22,249,100.0,"MA20, MA50, MA200, RSI, MACD, OBV, Trend",92.3076923076923,0.0,92.3076923076923,0,0,True,True,True,True,False,True,True,True,True,True,True,False,False,False,False,False,False,False,False,False,False,False
CALM,Consumer Defensive,Farm Products,5.29,2025/06/22,249,100.0,"MA20, MA50, MA200, RSI, MACD, OBV, Trend",92.3076923076923,0.0,92.3076923076923,0,1,True,True,True,True,False,True,True,True,True,True,True,False,False,False,False,False,False,False,False,False,False,False
TPR,Consumer Cyclical,Luxury Goods,17.0,2025/06/22,249,100.0,"MA20, MA50, MA200, RSI, MACD, OBV, Trend",92.3076923076923,0.0,92.3076923076923,0,0,True,True,True,True,False,True,True,True,True,True,True,False,False,False,False,False,False,False,False,False,False,False
COOP,Financial Services,Mortgage Finance,6.64,2025/06/22,249,100.0,"MA20, MA50, MA200, RSI, MACD, OBV, Trend",92.3076923076923,0.0,92.3076923076923,0,0,True,True,True,True,False,True,True,True,True,True,True,False,False,False,False,False,False,False,False,False,False,False
LLYVK,Communication Services,Entertainment,6.73,2025/06/22,249,100.0,"MA20, MA50, MA200, RSI, MACD, OBV, Trend",92.3076923076923,0.0,92.3076923076923,0,0,True,True,True,True,False,True,True,True,True,True,True,False,False,False,False,False,False,False,False,False,False,False
JBL,Technology,Electronic Components,17.79,2025/06/22,249,100.0,"MA20, MA50, MA200, RSI, MACD, OBV, Trend",92.3076923076923,0.0,92.3076923076923,2,0,True,True,True,True,True,True,True,False,True,True,True,False,False,False,False,False,False,False,False,False,False,False
BATRK,Communication Services,Entertainment,2.47,2025/06/22,249,100.0,"MA20, MA50, MA200, RSI, MACD, OBV, Trend",92.3076923076923,0.0,92.3076923076923,2,0,True,True,True,True,True,True,True,False,True,True,True,False,False,False,False,False,False,False,False,False,False,False
DGX,Healthcare,Diagnostics & Research,18.04,2025/06/22,249,100.0,"MA20, MA50, MA200, RSI, MACD, OBV, Trend",92.3076923076923,0.0,92.3076923076923,0,0,True,True,True,True,False,True,True,True,True,True,True,False,False,False,False,False,False,False,False,False,False,False
CWEN,Utilities,Utilities - Renewable,5.14,2025/06/22,249,100.0,"MA20, MA50, MA200, RSI, MACD, OBV, Trend",92.3076923076923,0.0,92.3076923076923,0,0,True,True,True,True,False,True,True,True,True,True,True,False,False,False,False,False,False,False,False,False,False,False
TTWO,Communication Services,Electronic Gaming & Multimedia,32.58,2025/06/22,249,100.0,"MA20, MA50, MA200, RSI, MACD, OBV, Trend",92.3076923076923,0.0,92.3076923076923,0,0,True,True,True,True,False,True,True,True,True,True,True,False,False,False,False,False,False,False,False,False,False,False
VLYPO,Financial Services,Banks - Regional,3.35,2025/06/22,249,100.0,"MA20, MA50, MA200, RSI, MACD, OBV, Trend",92.3076923076923,0.0,92.3076923076923,2,0,True,True,True,True,True,True,False,True,True,True,True,False,False,False,False,False,False,False,False,False,False,False
LLYVA,Communication Services,Entertainment,6.73,2025/06/22,249,100.0,"MA20, MA50, MA200, RSI, MACD, OBV, Trend",92.3076923076923,0.0,92.3076923076923,0,0,True,True,True,True,False,True,True,True,True,True,True,False,False,False,False,False,False,False,False,False,False,False
NFG,Energy,Oil & Gas Integrated,6.34,2025/06/22,249,100.0,"MA20, MA50, MA200, RSI, MACD, OBV, Trend",92.3076923076923,0.0,92.3076923076923,0,0,True,True,True,True,False,True,True,True,True,True,True,False,False,False,False,False,False,False,False,False,False,False
BBIO,Healthcare,Biotechnology,6.8,2025/06/22,249,100.0,"MA20, MA50, MA200, RSI, MACD, OBV, Trend",92.3076923076923,0.0,92.3076923076923,1,0,True,True,True,True,False,True,True,True,True,True,True,False,False,False,False,False,False,False,False,False,False,False
DHT,Energy,Oil & Gas Midstream,1.83,2025/06/22,249,100.0,"MA20, MA50, MA200, RSI, MACD, OBV, Trend",92.3076923076923,0.0,92.3076923076923,2,0,True,True,True,True,True,True,False,True,True,True,True,False,False,False,False,False,False,False,False,False,False,False
FWONA,Communication Services,Entertainment,23.62,2025/06/22,249,100.0,"MA20, MA50, MA200, RSI, MACD, OBV, Trend",92.3076923076923,0.0,92.3076923076923,1,0,True,True,True,True,False,True,True,True,True,True,True,False,False,False,False,False,False,False,False,False,False,False
JPM,Financial Services,Banks - Diversified,747.8,2025/06/22,249,100.0,"MA20, MA50, MA200, RSI, MACD, OBV, Trend",92.3076923076923,0.0,92.3076923076923,0,0,True,True,True,True,False,True,True,True,True,True,True,False,False,False,False,False,False,False,False,False,False,False
MP,Basic Materials,Other Industrial Metals & Mining,3.58,2025/06/22,249,100.0,"MA20, MA50, MA200, RSI, MACD, OBV, Trend",92.3076923076923,0.0,92.3076923076923,3,0,True,True,True,True,True,True,True,False,True,True,True,False,False,False,False,False,False,False,False,False,False,False
PARAA,Communication Services,Entertainment,7.74,2025/06/22,249,100.0,"MA20, MA50, MA200, RSI, MACD, OBV, Trend",92.3076923076923,0.0,92.3076923076923,2,0,True,True,True,True,True,True,True,True,True,False,True,False,False,False,False,False,False,False,False,False,False,False
RDN,Financial Services,Insurance - Specialty,5.07,2025/06/22,249,100.0,"MA20, MA50, MA200, RSI, MACD, OBV, Trend",92.3076923076923,0.0,92.3076923076923,1,0,True,True,True,True,False,True,True,True,True,True,True,False,False,False,False,False,False,False,False,False,False,False
FLUT,Consumer Cyclical,Gambling,47.42,2025/06/22,249,100.0,"MA20, MA50, MA200, RSI, MACD, OBV, Trend",88.46153846153845,0.0,88.46153846153845,3,1,True,True,True,False,True,True,True,True,True,True,True,False,False,False,False,False,False,False,False,False,False,False
CNQ,Energy,Oil & Gas E&P,65.74,2025/06/22,249,100.0,"MA20, MA50, MA200, RSI, MACD, OBV, Trend",88.46153846153845,0.0,88.46153846153845,2,0,True,True,True,False,True,True,True,True,True,True,True,False,False,False,False,False,False,False,False,False,False,False
CCK,Consumer Cyclical,Packaging & Containers,10.51,2025/06/22,249,100.0,"MA20, MA50, MA200, RSI, MACD, OBV, Trend",84.61538461538461,0.0,84.61538461538461,1,0,True,True,True,True,False,True,False,True,True,True,True,False,False,False,False,False,False,False,False,False,False,False
NTST,Real Estate,REIT - Retail,1.2,2025/06/22,249,100.0,"MA20, MA50, MA200, RSI, MACD, OBV, Trend",84.61538461538461,0.0,84.61538461538461,0,0,True,True,True,True,False,True,False,True,True,True,True,False,False,False,False,False,False,False,False,False,False,False
PARA,Communication Services,Entertainment,7.74,2025/06/22,249,100.0,"MA20, MA50, MA200, RSI, MACD, OBV, Trend",84.61538461538461,0.0,84.61538461538461,1,0,True,True,True,True,False,True,True,True,True,False,True,False,False,False,False,False,False,False,False,False,False,False
BWXT,Industrials,Aerospace & Defense,10.54,2025/06/22,249,100.0,"MA20, MA50, MA200, RSI, MACD, OBV, Trend",84.61538461538461,0.0,84.61538461538461,1,0,True,True,True,True,False,True,True,False,True,True,True,False,False,False,False,False,False,False,False,False,False,False
WTFCM,Financial Services,Banks - Regional,3.55,2025/06/22,249,100.0,"MA20, MA50, MA200, RSI, MACD, OBV, Trend",84.61538461538461,0.0,84.61538461538461,0,0,True,True,True,True,False,True,True,False,True,True,True,False,False,False,False,False,False,False,False,False,False,False
ERJ,Industrials,Aerospace & Defense,7.53,2025/06/22,249,100.0,"MA20, MA50, MA200, RSI, MACD, OBV, Trend",84.61538461538461,0.0,84.61538461538461,0,0,True,True,True,True,False,True,False,True,True,True,True,False,False,False,False,False,False,False,False,False,False,False
GPOR,Energy,Oil & Gas E&P,3.16,2025/06/22,249,100.0,"MA20, MA50, MA200, RSI, MACD, OBV, Trend",84.61538461538461,0.0,84.61538461538461,0,0,True,True,True,True,False,True,False,True,True,True,True,False,False,False,False,False,False,False,False,False,False,False
EXE,Energy,Oil & Gas E&P,23.48,2025/06/22,249,100.0,"MA20, MA50, MA200, RSI, MACD, OBV, Trend",84.61538461538461,0.0,84.61538461538461,1,0,True,True,True,True,False,True,False,True,True,True,True,False,False,False,False,False,False,False,False,False,False,False
EA,Communication Services,Electronic Gaming & Multimedia,32.24,2025/06/22,249,100.0,"MA20, MA50, MA200, RSI, MACD, OBV, Trend",84.61538461538461,0.0,84.61538461538461,0,1,True,True,True,True,False,True,True,True,True,False,True,False,False,False,False,False,False,False,False,False,False,False
BB,Technology,Software - Infrastructure,2.63,2025/06/22,249,100.0,"MA20, MA50, MA200, RSI, MACD, OBV, Trend",84.61538461538461,0.0,84.61538461538461,0,0,True,True,True,True,False,True,False,True,True,True,True,False,False,False,False,False,False,False,False,False,False,False
KTOS,Industrials,Aerospace & Defense,5.04,2025/06/22,249,100.0,"MA20, MA50, MA200, RSI, MACD, OBV, Trend",84.61538461538461,0.0,84.61538461538461,0,0,True,True,True,True,False,True,False,True,True,True,True,False,False,False,False,False,False,False,False,False,False,False
DRI,Consumer Cyclical,Restaurants,22.87,2025/06/22,249,100.0,"MA20, MA50, MA200, RSI, MACD, OBV, Trend",84.61538461538461,0.0,84.61538461538461,1,0,True,True,True,True,False,True,False,True,True,True,True,False,False,False,False,False,False,False,False,False,False,False
PAG,Consumer Cyclical,Auto & Truck Dealerships,11.06,2025/06/22,249,100.0,"MA20, MA50, MA200, RSI, MACD, OBV, Trend",84.61538461538461,0.0,84.61538461538461,0,0,True,True,True,True,False,True,False,True,True,True,True,False,False,False,False,False,False,False,False,False,False,False
FLEX,Technology,Electronic Components,16.15,2025/06/22,249,100.0,"MA20, MA50, MA200, RSI, MACD, OBV, Trend",84.61538461538461,0.0,84.61538461538461,0,0,True,True,True,True,False,True,True,False,True,True,True,False,False,False,False,False,False,False,False,False,False,False
PLTR,Technology,Software - Infrastructure,187.91,2025/06/22,249,100.0,"MA20, MA50, MA200, RSI, MACD, OBV, Trend",84.61538461538461,0.0,84.61538461538461,0,0,True,True,True,True,False,True,True,True,True,False,True,False,False,False,False,False,False,False,False,False,False,False
MO,Consumer Defensive,Tobacco,88.3,2025/06/22,249,100.0,"MA20, MA50, MA200, RSI, MACD, OBV, Trend",84.61538461538461,0.0,84.61538461538461,1,0,True,True,True,True,False,True,True,True,True,False,True,False,False,False,False,False,False,False,False,False,False,False
MDLZ,Consumer Defensive,Confectioners,77.54,2025/06/22,249,100.0,"MA20, MA50, MA200, RSI, MACD, OBV, Trend",84.61538461538461,0.0,84.61538461538461,0,0,True,True,True,True,False,True,False,True,True,True,True,False,False,False,False,False,False,False,False,False,False,False
LH,Healthcare,Diagnostics & Research,20.89,2025/06/22,249,100.0,"MA20, MA50, MA200, RSI, MACD, OBV, Trend",84.61538461538461,0.0,84.61538461538461,0,0,True,True,True,True,False,True,False,True,True,True,True,False,False,False,False,False,False,False,False,False,False,False
SMCI,Technology,Computer Hardware,16.7,2025/06/22,249,100.0,"MA20, MA50, MA200, RSI, MACD, OBV, Trend",84.61538461538461,0.0,84.61538461538461,0,0,True,True,True,True,False,True,False,True,True,True,True,False,False,False,False,False,False,False,False,False,False,False
ARIS,Utilities,Utilities - Regulated Water,1.62,2025/06/22,249,100.0,"MA20, MA50, MA200, RSI, MACD, OBV, Trend",84.61538461538461,0.0,84.61538461538461,0,0,True,True,True,True,False,True,True,True,True,False,True,False,False,False,False,False,False,False,False,False,False,False
KLAC,Technology,Semiconductor Equipment & Materials,98.75,2025/06/22,249,100.0,"MA20, MA50, MA200, RSI, MACD, OBV, Trend",84.61538461538461,0.0,84.61538461538461,0,0,True,True,True,True,False,True,False,True,True,True,True,False,False,False,False,False,False,False,False,False,False,False
CRDO,Technology,Semiconductors,11.71,2025/06/22,249,100.0,"MA20, MA50, MA200, RSI, MACD, OBV, Trend",84.61538461538461,0.0,84.61538461538461,0,0,True,True,True,True,False,True,True,False,True,True,True,False,False,False,False,False,False,False,False,False,False,False
AMED,Healthcare,Medical Care Facilities,3.03,2025/06/22,249,100.0,"MA20, MA50, MA200, RSI, MACD, OBV, Trend",84.61538461538461,0.0,84.61538461538461,2,0,True,True,True,True,True,True,False,True,True,False,True,False,False,False,False,False,False,False,False,False,False,False
VICI,Real Estate,REIT - Diversified,31.38,2025/06/22,249,100.0,"MA20, MA50, MA200, RSI, MACD, OBV, Trend",84.61538461538461,0.0,84.61538461538461,0,1,True,True,True,True,False,True,False,True,True,True,True,False,False,False,False,False,False,False,False,False,False,False
NTRA,Healthcare,Diagnostics & Research,23.36,2025/06/22,249,100.0,"MA20, MA50, MA200, RSI, MACD, OBV, Trend",84.61538461538461,0.0,84.61538461538461,0,0,True,True,True,True,False,True,False,True,True,True,True,False,False,False,False,False,False,False,False,False,False,False
CAKE,Consumer Cyclical,Restaurants,2.87,2025/06/22,249,100.0,"MA20, MA50, MA200, RSI, MACD, OBV, Trend",84.61538461538461,0.0,84.61538461538461,0,0,True,True,True,True,False,True,False,True,True,True,True,False,False,False,False,False,False,False,False,False,False,False
ALGM,Technology,Semiconductors,4.43,2025/06/22,249,100.0,"MA20, MA50, MA200, RSI, MACD, OBV, Trend",84.61538461538461,0.0,84.61538461538461,0,0,True,True,True,True,False,True,False,True,True,True,True,False,False,False,False,False,False,False,False,False,False,False
HIMX,Technology,Semiconductors,1.77,2025/06/22,249,100.0,"MA20, MA50, MA200, RSI, MACD, OBV, Trend",84.61538461538461,0.0,84.61538461538461,0,1,True,True,True,True,False,True,True,True,True,False,True,False,False,False,False,False,False,False,False,False,False,False
NTRS,Financial Services,Asset Management,22.01,2025/06/22,249,100.0,"MA20, MA50, MA200, RSI, MACD, OBV, Trend",84.61538461538461,0.0,84.61538461538461,0,0,True,True,True,True,False,True,False,True,True,True,True,False,False,False,False,False,False,False,False,False,False,False
RSI,Consumer Cyclical,Gambling,3.29,2025/06/22,249,100.0,"MA20, MA50, MA200, RSI, MACD, OBV, Trend",84.61538461538461,0.0,84.61538461538461,0,0,True,True,True,True,False,True,True,True,True,False,True,False,False,False,False,False,False,False,False,False,False,False
QXO,Technology,Software - Application,5.44,2025/06/22,249,100.0,"MA20, MA50, MA200, RSI, MACD, OBV, Trend",84.61538461538461,0.0,84.61538461538461,0,0,True,True,True,True,False,True,True,False,True,True,True,False,False,False,False,False,False,False,False,False,False,False
EAT,Consumer Cyclical,Restaurants,8.08,2025/06/22,249,100.0,"MA20, MA50, MA200, RSI, MACD, OBV, Trend",84.61538461538461,0.0,84.61538461538461,0,0,True,True,True,True,False,True,False,True,True,True,True,False,False,False,False,False,False,False,False,False,False,False
AR,Energy,Oil & Gas E&P,11.61,2025/06/22,249,100.0,"MA20, MA50, MA200, RSI, MACD, OBV, Trend",84.61538461538461,0.0,84.61538461538461,0,0,True,True,True,True,False,True,True,False,True,True,True,False,False,False,False,False,False,False,False,False,False,False
ASTS,Technology,Communication Equipment,5.28,2025/06/22,249,100.0,"MA20, MA50, MA200, RSI, MACD, OBV, Trend",84.61538461538461,0.0,84.61538461538461,1,0,True,True,True,True,False,True,True,False,True,True,True,False,False,False,False,False,False,False,False,False,False,False
E,Energy,Oil & Gas Integrated,43.2,2025/06/22,249,100.0,"MA20, MA50, MA200, RSI, MACD, OBV, Trend",84.61538461538461,0.0,84.61538461538461,1,0,True,True,True,True,False,True,True,False,True,True,True,False,False,False,False,False,False,False,False,False,False,False
HII,Industrials,Aerospace & Defense,7.72,2025/06/22,249,100.0,"MA20, MA50, MA200, RSI, MACD, OBV, Trend",84.61538461538461,0.0,84.61538461538461,1,0,True,True,True,True,False,True,False,True,True,True,True,False,False,False,False,False,False,False,False,False,False,False
CAH,Healthcare,Medical Distribution,29.87,2025/06/22,249,100.0,"MA20, MA50, MA200, RSI, MACD, OBV, Trend",84.61538461538461,0.0,84.61538461538461,0,1,True,True,True,True,False,True,True,False,True,True,True,False,False,False,False,False,False,False,False,False,False,False
MPC,Energy,Oil & Gas Refining & Marketing,46.83,2025/06/22,249,100.0,"MA20, MA50, MA200, RSI, MACD, OBV, Trend",84.61538461538461,0.0,84.61538461538461,1,0,True,True,True,True,False,True,False,True,True,True,True,False,False,False,False,False,False,False,False,False,False,False
NEM,Basic Materials,Gold,49.06,2025/06/22,249,100.0,"MA20, MA50, MA200, RSI, MACD, OBV, Trend",84.61538461538461,0.0,84.61538461538461,0,0,True,True,True,True,False,True,False,True,True,True,True,False,False,False,False,False,False,False,False,False,False,False
MTG,Financial Services,Insurance - Specialty,6.47,2025/06/22,249,100.0,"MA20, MA50, MA200, RSI, MACD, OBV, Trend",84.61538461538461,0.0,84.61538461538461,1,0,True,True,True,True,False,True,False,True,True,True,True,False,False,False,False,False,False,False,False,False,False,False
CAR,Industrials,Rental & Leasing Services,3.15,2025/06/22,249,100.0,"MA20, MA50, MA200, RSI, MACD, OBV, Trend",84.61538461538461,0.0,84.61538461538461,0,0,True,True,True,True,False,True,True,False,True,True,True,False,False,False,False,False,False,False,False,False,False,False
CVI,Energy,Oil & Gas Refining & Marketing,1.91,2025/06/22,249,100.0,"MA20, MA50, MA200, RSI, MACD, OBV, Trend",84.61538461538461,0.0,84.61538461538461,0,0,True,True,True,True,False,True,True,False,True,True,True,False,False,False,False,False,False,False,False,False,False,False
ENLT,Utilities,Utilities - Renewable,1.91,2025/06/22,249,100.0,"MA20, MA50, MA200, RSI, MACD, OBV, Trend",84.61538461538461,0.0,84.61538461538461,1,1,True,True,True,True,False,True,False,True,True,True,True,False,False,False,False,False,False,False,False,False,False,False
DBD,Technology,Software - Application,1.63,2025/06/22,249,100.0,"MA20, MA50, MA200, RSI, MACD, OBV, Trend",84.61538461538461,0.0,84.61538461538461,0,0,True,True,True,True,False,True,True,False,True,True,True,False,False,False,False,False,False,False,False,False,False,False
SYM,Industrials,Specialty Industrial Machinery,17.24,2025/06/22,249,100.0,"MA20, MA50, MA200, RSI, MACD, OBV, Trend",80.76923076923077,0.0,80.76923076923077,2,1,True,True,True,False,True,True,False,True,True,True,True,False,False,False,False,False,False,False,False,False,False,False
ZGN,Consumer Cyclical,Apparel Manufacturing,2.29,2025/06/22,249,100.0,"MA20, MA50, MA200, RSI, MACD, OBV, Trend",80.76923076923077,0.0,80.76923076923077,1,0,True,True,True,False,False,True,True,True,True,True,True,False,False,False,False,False,False,False,False,False,False,False
PAA,Energy,Oil & Gas Midstream,13.93,2025/06/22,249,100.0,"MA20, MA50, MA200, RSI, MACD, OBV, Trend",80.76923076923077,0.0,80.76923076923077,2,0,True,True,True,False,True,True,False,True,True,True,True,False,False,False,False,False,False,False,False,False,False,False
AMD,Technology,Semiconductors,192.89,2025/06/22,249,100.0,"MA20, MA50, MA200, RSI, MACD, OBV, Trend",80.76923076923077,0.0,80.76923076923077,2,0,True,True,True,False,True,True,False,True,True,True,True,False,False,False,False,False,False,False,False,False,False,False
ACDC,Energy,Oil & Gas Equipment & Services,1.22,2025/06/22,249,100.0,"MA20, MA50, MA200, RSI, MACD, OBV, Trend",80.76923076923077,0.0,80.76923076923077,0,0,True,True,True,False,False,True,True,True,True,True,True,False,False,False,False,False,False,False,False,False,False,False
EOG,Energy,Oil & Gas E&P,70.75,2025/06/22,249,100.0,"MA20, MA50, MA200, RSI, MACD, OBV, Trend",80.76923076923077,0.0,80.76923076923077,2,0,True,True,True,False,True,True,False,True,True,True,True,False,False,False,False,False,False,False,False,False,False,False
TLX,Healthcare,Biotechnology,6.23,2025/06/22,148,76.92307692307693,"MA20, MA50, RSI, MACD, OBV, Trend",80.0,0.0,80.0,2,0,True,True,,,True,True,False,True,True,False,True,False,False,,,False,False,False,False,False,False,False
AEIS,Industrials,Electrical Equipment & Parts,4.34,2025/06/22,249,100.0,"MA20, MA50, MA200, RSI, MACD, OBV, Trend",76.92307692307693,0.0,76.92307692307693,1,1,True,True,True,True,False,True,False,True,True,False,True,False,False,False,False,False,False,False,False,False,False,False
ITRI,Technology,Scientific & Technical Instruments,4.84,2025/06/22,249,100.0,"MA20, MA50, MA200, RSI, MACD, OBV, Trend",76.92307692307693,0.0,76.92307692307693,0,0,True,True,True,True,False,True,False,False,True,True,True,False,False,False,False,False,False,False,False,False,False,False
FTI,Energy,Oil & Gas Equipment & Services,13.02,2025/06/22,249,100.0,"MA20, MA50, MA200, RSI, MACD, OBV, Trend",76.92307692307693,0.0,76.92307692307693,0,1,True,True,True,True,False,True,False,False,True,True,True,False,False,False,False,False,False,False,False,False,False,False
SHEL,Energy,Oil & Gas Integrated,200.51,2025/06/22,249,100.0,"MA20, MA50, MA200, RSI, MACD, OBV, Trend",76.92307692307693,0.0,76.92307692307693,0,0,True,True,True,True,False,True,False,False,True,True,True,False,False,False,False,False,False,False,False,False,False,False
UMC,Technology,Semiconductors,15.32,2025/06/22,249,100.0,"MA20, MA50, MA200, RSI, MACD, OBV, Trend",76.92307692307693,0.0,76.92307692307693,0,0,True,True,True,True,False,True,False,True,True,False,True,False,False,False,False,False,False,False,False,False,False,False
IMO,Energy,Oil & Gas Integrated,33.95,2025/06/22,249,100.0,"MA20, MA50, MA200, RSI, MACD, OBV, Trend",76.92307692307693,0.0,76.92307692307693,0,0,True,True,True,True,False,True,False,False,True,True,True,False,False,False,False,False,False,False,False,False,False,False
LMND,Financial Services,Insurance - Property & Casualty,2.37,2025/06/22,249,100.0,"MA20, MA50, MA200, RSI, MACD, OBV, Trend",76.92307692307693,0.0,76.92307692307693,0,0,True,True,True,True,False,True,False,True,True,False,True,False,False,False,False,False,False,False,False,False,False,False
ALV,Consumer Cyclical,Auto Parts,7.51,2025/06/22,249,100.0,"MA20, MA50, MA200, RSI, MACD, OBV, Trend",76.92307692307693,0.0,76.92307692307693,0,1,True,True,True,True,False,True,False,True,True,False,True,False,False,False,False,False,False,False,False,False,False,False
ICL,Basic Materials,Agricultural Inputs,7.64,2025/06/22,249,100.0,"MA20, MA50, MA200, RSI, MACD, OBV, Trend",76.92307692307693,0.0,76.92307692307693,0,0,True,True,True,True,False,True,False,True,True,False,True,False,False,False,False,False,False,False,False,False,False,False
AN,Consumer Cyclical,Auto & Truck Dealerships,7.6,2025/06/22,249,100.0,"MA20, MA50, MA200, RSI, MACD, OBV, Trend",76.92307692307693,0.0,76.92307692307693,1,0,True,True,True,True,False,True,False,True,True,False,True,False,False,False,False,False,False,False,False,False,False,False
GPI,Consumer Cyclical,Auto & Truck Dealerships,6.07,2025/06/22,249,100.0,"MA20, MA50, MA200, RSI, MACD, OBV, Trend",76.92307692307693,0.0,76.92307692307693,0,0,True,True,True,True,False,True,False,True,True,False,True,False,False,False,False,False,False,False,False,False,False,False
ORA,Utilities,Utilities - Renewable,3.88,2025/06/22,249,100.0,"MA20, MA50, MA200, RSI, MACD, OBV, Trend",76.92307692307693,0.0,76.92307692307693,1,1,True,True,True,True,False,True,False,False,True,True,True,False,False,False,False,False,False,False,False,False,False,False
F,Consumer Cyclical,Auto Manufacturers,40.06,2025/06/22,249,100.0,"MA20, MA50, MA200, RSI, MACD, OBV, Trend",76.92307692307693,0.0,76.92307692307693,0,0,True,True,True,True,False,True,False,True,True,False,True,False,False,False,False,False,False,False,False,False,False,False
TFPM,Basic Materials,Other Precious Metals & Mining,3.23,2025/06/22,249,100.0,"MA20, MA50, MA200, RSI, MACD, OBV, Trend",76.92307692307693,0.0,76.92307692307693,0,0,True,True,True,True,False,True,False,True,True,False,True,False,False,False,False,False,False,False,False,False,False,False
SAH,Consumer Cyclical,Auto & Truck Dealerships,2.54,2025/06/22,249,100.0,"MA20, MA50, MA200, RSI, MACD, OBV, Trend",76.92307692307693,0.0,76.92307692307693,1,0,True,True,True,True,False,True,False,False,True,True,True,False,False,False,False,False,False,False,False,False,False,False
BATRA,Communication Services,Entertainment,2.46,2025/06/22,249,100.0,"MA20, MA50, MA200, RSI, MACD, OBV, Trend",76.92307692307693,0.0,76.92307692307693,1,0,True,True,True,True,False,True,False,False,True,True,True,False,False,False,False,False,False,False,False,False,False,False
SBRA,Real Estate,REIT - Healthcare Facilities,3.95,2025/06/22,249,100.0,"MA20, MA50, MA200, RSI, MACD, OBV, Trend",76.92307692307693,0.0,76.92307692307693,0,0,True,True,True,True,False,True,False,True,True,False,True,False,False,False,False,False,False,False,False,False,False,False
HIMS,Consumer Defensive,Household & Personal Products,8.14,2025/06/22,249,100.0,"MA20, MA50, MA200, RSI, MACD, OBV, Trend",76.92307692307693,0.0,76.92307692307693,0,0,True,True,True,True,False,True,False,True,True,False,True,False,False,False,False,False,False,False,False,False,False,False
BXMT,Real Estate,REIT - Mortgage,3.11,2025/06/22,249,100.0,"MA20, MA50, MA200, RSI, MACD, OBV, Trend",76.92307692307693,0.0,76.92307692307693,1,0,True,True,True,True,False,True,False,True,True,False,True,False,False,False,False,False,False,False,False,False,False,False
RMBS,Technology,Semiconductors,6.57,2025/06/22,249,100.0,"MA20, MA50, MA200, RSI, MACD, OBV, Trend",76.92307692307693,0.0,76.92307692307693,0,0,True,True,True,True,False,True,False,True,True,False,True,False,False,False,False,False,False,False,False,False,False,False
DLTR,Consumer Defensive,Discount Stores,15.77,2025/06/22,249,100.0,"MA20, MA50, MA200, RSI, MACD, OBV, Trend",76.92307692307693,0.0,76.92307692307693,0,0,True,True,True,True,False,True,False,True,True,False,True,False,False,False,False,False,False,False,False,False,False,False
GH,Healthcare,Diagnostics & Research,6.17,2025/06/22,249,100.0,"MA20, MA50, MA200, RSI, MACD, OBV, Trend",76.92307692307693,0.0,76.92307692307693,0,0,True,True,True,True,False,True,False,True,True,False,True,False,False,False,False,False,False,False,False,False,False,False
NN,Technology,Software - Infrastructure,1.62,2025/06/22,249,100.0,"MA20, MA50, MA200, RSI, MACD, OBV, Trend",76.92307692307693,0.0,76.92307692307693,1,0,True,True,True,True,False,True,False,True,True,False,True,False,False,False,False,False,False,False,False,False,False,False
LEU,Energy,Uranium,1.4,2025/06/22,249,100.0,"MA20, MA50, MA200, RSI, MACD, OBV, Trend",76.92307692307693,0.0,76.92307692307693,0,0,True,True,True,True,False,True,False,False,True,True,True,False,False,False,False,False,False,False,False,False,False,False
BTT,Financial Services,Asset Management,1.38,2025/06/22,249,100.0,"MA20, MA50, MA200, RSI, MACD, OBV, Trend",76.92307692307693,0.0,76.92307692307693,0,1,True,True,True,True,False,True,False,True,True,False,True,False,False,False,False,False,False,False,False,False,False,False
GD,Industrials,Aerospace & Defense,69.47,2025/06/22,249,100.0,"MA20, MA50, MA200, RSI, MACD, OBV, Trend",76.92307692307693,0.0,76.92307692307693,0,0,True,True,True,True,False,True,False,True,True,False,True,False,False,False,False,False,False,False,False,False,False,False
STRL,Industrials,Engineering & Construction,4.37,2025/06/22,249,100.0,"MA20, MA50, MA200, RSI, MACD, OBV, Trend",76.92307692307693,0.0,76.92307692307693,1,1,True,True,True,True,False,True,False,False,True,True,True,False,False,False,False,False,False,False,False,False,False,False
COR,Healthcare,Medical Distribution,49.28,2025/06/22,249,100.0,"MA20, MA50, MA200, RSI, MACD, OBV, Trend",76.92307692307693,0.0,76.92307692307693,0,1,True,True,True,True,False,True,False,True,True,False,True,False,False,False,False,False,False,False,False,False,False,False
FWONK,Communication Services,Entertainment,23.6,2025/06/22,249,100.0,"MA20, MA50, MA200, RSI, MACD, OBV, Trend",76.92307692307693,0.0,76.92307692307693,0,0,True,True,True,True,False,True,False,False,True,True,True,False,False,False,False,False,False,False,False,False,False,False
SLNO,Healthcare,Biotechnology,2.17,2025/06/22,249,100.0,"MA20, MA50, MA200, RSI, MACD, OBV, Trend",76.92307692307693,0.0,76.92307692307693,1,0,True,True,True,True,False,True,False,True,True,False,True,False,False,False,False,False,False,False,False,False,False,False
RRC,Energy,Oil & Gas E&P,8.94,2025/06/22,249,100.0,"MA20, MA50, MA200, RSI, MACD, OBV, Trend",76.92307692307693,0.0,76.92307692307693,0,0,True,True,True,True,False,True,False,False,True,True,True,False,False,False,False,False,False,False,False,False,False,False
NEXT,Energy,Oil & Gas E&P,2.26,2025/06/22,249,100.0,"MA20, MA50, MA200, RSI, MACD, OBV, Trend",76.92307692307693,0.0,76.92307692307693,0,0,True,True,True,True,False,True,False,True,True,False,True,False,False,False,False,False,False,False,False,False,False,False
C,Financial Services,Banks - Diversified,153.66,2025/06/22,249,100.0,"MA20, MA50, MA200, RSI, MACD, OBV, Trend",84.61538461538461,7.6923076923076925,76.92307692307692,0,0,True,True,True,True,False,True,True,True,False,True,True,False,False,False,False,False,False,False,False,True,False,False
VIV,Communication Services,Telecom Services,14.36,2025/06/22,249,100.0,"MA20, MA50, MA200, RSI, MACD, OBV, Trend",84.61538461538461,7.6923076923076925,76.92307692307692,1,0,True,True,True,True,False,False,True,True,True,True,True,False,False,False,False,False,True,False,False,False,False,False
STT,Financial Services,Asset Management,29.34,2025/06/22,249,100.0,"MA20, MA50, MA200, RSI, MACD, OBV, Trend",84.61538461538461,7.6923076923076925,76.92307692307692,1,0,True,True,True,True,False,True,True,True,False,True,True,False,False,False,False,False,False,False,False,True,False,False
INSM,Healthcare,Biotechnology,13.7,2025/06/22,249,100.0,"MA20, MA50, MA200, RSI, MACD, OBV, Trend",84.61538461538461,7.6923076923076925,76.92307692307692,2,0,True,True,True,True,True,False,True,False,True,True,True,False,False,False,False,False,True,False,False,False,False,False
INTR,Financial Services,Banks - Regional,2.3,2025/06/22,249,100.0,"MA20, MA50, MA200, RSI, MACD, OBV, Trend",84.61538461538461,7.6923076923076925,76.92307692307692,0,1,True,True,True,True,False,True,True,True,True,True,False,False,False,False,False,False,False,False,False,False,False,True
SPOT,Communication Services,Internet Content & Information,110.85,2025/06/22,249,100.0,"MA20, MA50, MA200, RSI, MACD, OBV, Trend",84.61538461538461,7.6923076923076925,76.92307692307692,0,0,True,True,True,True,False,True,True,True,False,True,True,False,False,False,False,False,False,False,False,True,False,False
PANW,Technology,Software - Infrastructure,121.02,2025/06/22,249,100.0,"MA20, MA50, MA200, RSI, MACD, OBV, Trend",84.61538461538461,7.6923076923076925,76.92307692307692,0,0,True,True,True,True,False,True,True,True,True,True,False,False,False,False,False,False,False,False,False,False,False,True
ELPC,Utilities,Utilities - Diversified,4.77,2025/06/22,249,100.0,"MA20, MA50, MA200, RSI, MACD, OBV, Trend",84.61538461538461,7.6923076923076925,76.92307692307692,0,0,True,True,True,True,False,False,True,True,True,True,True,False,False,False,False,False,True,False,False,False,False,False
FINV,Financial Services,Credit Services,1.99,2025/06/22,249,100.0,"MA20, MA50, MA200, RSI, MACD, OBV, Trend",84.61538461538461,7.6923076923076925,76.92307692307692,1,1,True,True,True,True,False,True,True,True,True,True,False,False,False,False,False,False,False,False,False,False,False,True
UGI,Utilities,Utilities - Regulated Gas,6.6,2025/06/22,249,100.0,"MA20, MA50, MA200, RSI, MACD, OBV, Trend",84.61538461538461,7.6923076923076925,76.92307692307692,0,0,True,True,True,True,False,True,True,True,False,True,True,False,False,False,False,False,False,False,False,True,False,False
DKL,Energy,Oil & Gas Refining & Marketing,2.38,2025/06/22,249,100.0,"MA20, MA50, MA200, RSI, MACD, OBV, Trend",84.61538461538461,7.6923076923076925,76.92307692307692,1,0,True,True,True,True,False,True,True,True,False,True,True,False,False,False,False,False,False,False,False,True,False,False
BK,Financial Services,Banks - Diversified,61.67,2025/06/22,249,100.0,"MA20, MA50, MA200, RSI, MACD, OBV, Trend",84.61538461538461,7.6923076923076925,76.92307692307692,0,0,True,True,True,True,False,True,True,True,False,True,True,False,False,False,False,False,False,False,False,True,False,False
SRAD,Technology,Software - Application,6.25,2025/06/22,249,100.0,"MA20, MA50, MA200, RSI, MACD, OBV, Trend",84.61538461538461,7.6923076923076925,76.92307692307692,0,0,True,True,True,True,False,False,True,True,True,True,True,False,False,False,False,False,True,False,False,False,False,False
NET,Technology,Software - Infrastructure,47.5,2025/06/22,249,100.0,"MA20, MA50, MA200, RSI, MACD, OBV, Trend",84.61538461538461,7.6923076923076925,76.92307692307692,0,1,True,True,True,True,False,True,True,True,False,True,True,False,False,False,False,False,False,False,False,True,False,False
SWTX,Healthcare,Biotechnology,2.79,2025/06/22,249,100.0,"MA20, MA50, MA200, RSI, MACD, OBV, Trend",84.61538461538461,7.6923076923076925,76.92307692307692,1,0,True,True,True,True,False,True,True,True,False,True,True,False,False,False,False,False,False,False,False,True,False,False
PM,Consumer Defensive,Tobacco,202.44,2025/06/22,249,100.0,"MA20, MA50, MA200, RSI, MACD, OBV, Trend",84.61538461538461,7.6923076923076925,76.92307692307692,1,0,True,True,True,True,False,True,True,True,False,True,True,False,False,False,False,False,False,False,False,True,False,False
TEM,Healthcare,Health Information Services,9.04,2025/06/22,249,100.0,"MA20, MA50, MA200, RSI, MACD, OBV, Trend",84.61538461538461,7.6923076923076925,76.92307692307692,0,0,True,True,True,True,False,False,True,True,True,True,True,False,False,False,False,False,True,False,False,False,False,False
MQ,Technology,Software - Infrastructure,1.93,2025/06/22,249,100.0,"MA20, MA50, MA200, RSI, MACD, OBV, Trend",84.61538461538461,7.6923076923076925,76.92307692307692,0,0,True,True,True,True,False,True,True,True,False,True,True,False,False,False,False,False,False,False,False,True,False,False
BNS,Financial Services,Banks - Diversified,69.64,2025/06/22,249,100.0,"MA20, MA50, MA200, RSI, MACD, OBV, Trend",80.76923076923077,7.6923076923076925,73.07692307692308,2,0,True,True,True,False,True,True,True,True,False,True,True,False,False,False,False,False,False,False,False,True,False,False
ANIP,Healthcare,Drug Manufacturers - Specialty & Generic,1.25,2025/06/22,249,100.0,"MA20, MA50, MA200, RSI, MACD, OBV, Trend",73.07692307692307,0.0,73.07692307692307,0,0,True,True,True,False,False,True,False,True,True,True,True,False,False,False,False,False,False,False,False,False,False,False
CNX,Energy,Oil & Gas E&P,4.09,2025/06/22,249,100.0,"MA20, MA50, MA200, RSI, MACD, OBV, Trend",73.07692307692307,0.0,73.07692307692307,0,0,True,True,True,False,False,True,False,True,True,True,True,False,False,False,False,False,False,False,False,False,False,False
ORCL,Technology,Software - Infrastructure,475.65,2025/06/22,249,100.0,"MA20, MA50, MA200, RSI, MACD, OBV, Trend",73.07692307692307,0.0,73.07692307692307,2,1,True,True,True,False,True,True,True,False,True,False,True,False,False,False,False,False,False,False,False,False,False,False
DAR,Consumer Defensive,Packaged Foods,5.96,2025/06/22,249,100.0,"MA20, MA50, MA200, RSI, MACD, OBV, Trend",73.07692307692307,0.0,73.07692307692307,3,0,True,True,True,False,True,True,False,False,True,True,True,False,False,False,False,False,False,False,False,False,False,False
INSW,Energy,Oil & Gas Midstream,1.92,2025/06/22,249,100.0,"MA20, MA50, MA200, RSI, MACD, OBV, Trend",73.07692307692307,0.0,73.07692307692307,0,1,True,True,True,False,False,True,False,True,True,True,True,False,False,False,False,False,False,False,False,False,False,False
OSCR,Healthcare,Healthcare Plans,4.1,2025/06/22,249,100.0,"MA20, MA50, MA200, RSI, MACD, OBV, Trend",73.07692307692307,0.0,73.07692307692307,3,0,True,True,True,False,True,True,False,False,True,True,True,False,False,False,False,False,False,False,False,False,False,False
EMR,Industrials,Specialty Industrial Machinery,74.01,2025/06/22,249,100.0,"MA20, MA50, MA200, RSI, MACD, OBV, Trend",73.07692307692307,0.0,73.07692307692307,0,0,True,True,True,False,False,True,False,True,True,True,True,False,False,False,False,False,False,False,False,False,False,False
AIV,Real Estate,REIT - Residential,1.29,2025/06/22,249,100.0,"MA20, MA50, MA200, RSI, MACD, OBV, Trend",73.07692307692307,0.0,73.07692307692307,1,1,True,True,True,False,False,True,False,True,True,True,True,False,False,False,False,False,False,False,False,False,False,False
AAOI,Technology,Communication Equipment,1.38,2025/06/22,249,100.0,"MA20, MA50, MA200, RSI, MACD, OBV, Trend",73.07692307692307,0.0,73.07692307692307,3,0,True,True,True,False,True,True,False,False,True,True,True,False,False,False,False,False,False,False,False,False,False,False
VLO,Energy,Oil & Gas Refining & Marketing,42.11,2025/06/22,249,100.0,"MA20, MA50, MA200, RSI, MACD, OBV, Trend",73.07692307692307,0.0,73.07692307692307,0,0,True,True,True,False,False,True,False,True,True,True,True,False,False,False,False,False,False,False,False,False,False,False
CVX,Energy,Oil & Gas Integrated,278.71,2025/06/22,249,100.0,"MA20, MA50, MA200, RSI, MACD, OBV, Trend",73.07692307692307,0.0,73.07692307692307,1,0,True,True,True,False,False,True,True,False,True,True,True,False,False,False,False,False,False,False,False,False,False,False
CVS,Healthcare,Healthcare Plans,71.07,2025/06/22,249,100.0,"MA20, MA50, MA200, RSI, MACD, OBV, Trend",73.07692307692307,0.0,73.07692307692307,0,0,True,True,True,False,False,True,False,True,True,True,True,False,False,False,False,False,False,False,False,False,False,False
CIG,Utilities,Utilities - Diversified,5.92,2025/06/22,249,100.0,"MA20, MA50, MA200, RSI, MACD, OBV, Trend",73.07692307692307,0.0,73.07692307692307,0,1,True,True,True,False,False,True,False,True,True,True,True,False,False,False,False,False,False,False,False,False,False,False
COIN,Financial Services,Financial Data & Stock Exchanges,72.93,2025/06/22,249,100.0,"MA20, MA50, MA200, RSI, MACD, OBV, Trend",73.07692307692307,0.0,73.07692307692307,2,0,True,True,True,False,True,True,False,False,True,True,True,False,False,False,False,False,False,False,False,False,False,False
PSX,Energy,Oil & Gas Refining & Marketing,48.68,2025/06/22,249,100.0,"MA20, MA50, MA200, RSI, MACD, OBV, Trend",73.07692307692307,0.0,73.07692307692307,0,1,True,True,True,False,False,True,False,True,True,True,True,False,False,False,False,False,False,False,False,False,False,False
AMT,Real Estate,REIT - Specialty,86.43,2025/06/22,249,100.0,"MA20, MA50, MA200, RSI, MACD, OBV, Trend",73.07692307692307,0.0,73.07692307692307,0,0,True,True,True,False,False,True,False,True,True,True,True,False,False,False,False,False,False,False,False,False,False,False
WT,Financial Services,Asset Management,1.43,2025/06/22,249,100.0,"MA20, MA50, MA200, RSI, MACD, OBV, Trend",73.07692307692307,0.0,73.07692307692307,1,0,True,True,True,False,False,True,True,True,True,False,True,False,False,False,False,False,False,False,False,False,False,False
DDOG,Technology,Software - Application,48.48,2025/06/22,249,100.0,"MA20, MA50, MA200, RSI, MACD, OBV, Trend",73.07692307692307,0.0,73.07692307692307,0,0,True,True,True,False,False,True,False,True,True,True,True,False,False,False,False,False,False,False,False,False,False,False
LGND,Healthcare,Biotechnology,2.2,2025/06/22,249,100.0,"MA20, MA50, MA200, RSI, MACD, OBV, Trend",73.07692307692307,0.0,73.07692307692307,0,1,True,True,True,False,False,True,True,True,True,False,True,False,False,False,False,False,False,False,False,False,False,False
BALL,Consumer Cyclical,Packaging & Containers,16.62,2025/06/22,249,100.0,"MA20, MA50, MA200, RSI, MACD, OBV, Trend",73.07692307692307,0.0,73.07692307692307,1,0,True,True,True,False,False,True,False,True,True,True,True,False,False,False,False,False,False,False,False,False,False,False
DKNG,Consumer Cyclical,Gambling,20.46,2025/06/22,249,100.0,"MA20, MA50, MA200, RSI, MACD, OBV, Trend",73.07692307692307,0.0,73.07692307692307,0,0,True,True,True,False,False,True,False,True,True,True,True,False,False,False,False,False,False,False,False,False,False,False
CRSP,Healthcare,Biotechnology,3.55,2025/06/22,249,100.0,"MA20, MA50, MA200, RSI, MACD, OBV, Trend",73.07692307692307,0.0,73.07692307692307,1,0,True,True,True,False,False,True,False,True,True,True,True,False,False,False,False,False,False,False,False,False,False,False
MTSI,Technology,Semiconductors,9.83,2025/06/22,249,100.0,"MA20, MA50, MA200, RSI, MACD, OBV, Trend",73.07692307692307,0.0,73.07692307692307,1,0,True,True,True,False,False,True,True,False,True,True,True,False,False,False,False,False,False,False,False,False,False,False
ASX,Technology,Semiconductors,23.38,2025/06/22,249,100.0,"MA20, MA50, MA200, RSI, MACD, OBV, Trend",73.07692307692307,0.0,73.07692307692307,0,0,True,True,True,False,False,True,False,True,True,True,True,False,False,False,False,False,False,False,False,False,False,False
HES,Energy,Oil & Gas E&P,42.84,2025/06/22,249,100.0,"MA20, MA50, MA200, RSI, MACD, OBV, Trend",73.07692307692307,0.0,73.07692307692307,0,0,True,True,True,False,False,True,False,True,True,True,True,False,False,False,False,False,False,False,False,False,False,False
TS,Energy,Oil & Gas Equipment & Services,20.65,2025/06/22,249,100.0,"MA20, MA50, MA200, RSI, MACD, OBV, Trend",73.07692307692307,0.0,73.07692307692307,0,0,True,True,True,False,False,True,False,True,True,True,True,False,False,False,False,False,False,False,False,False,False,False
BFH,Financial Services,Credit Services,3.15,2025/06/22,249,100.0,"MA20, MA50, MA200, RSI, MACD, OBV, Trend",73.07692307692307,0.0,73.07692307692307,2,0,True,True,True,False,True,True,False,True,True,False,True,False,False,False,False,False,False,False,False,False,False,False
CTRA,Energy,Oil & Gas E&P,20.41,2025/06/22,249,100.0,"MA20, MA50, MA200, RSI, MACD, OBV, Trend",73.07692307692307,0.0,73.07692307692307,1,0,True,True,True,False,False,True,False,True,True,True,True,False,False,False,False,False,False,False,False,False,False,False
SWX,Utilities,Utilities - Regulated Gas,5.36,2025/06/22,249,100.0,"MA20, MA50, MA200, RSI, MACD, OBV, Trend",73.07692307692307,0.0,73.07692307692307,0,1,True,True,True,False,False,True,False,True,True,True,True,False,False,False,False,False,False,False,False,False,False,False
SITM,Technology,Semiconductors,4.77,2025/06/22,249,100.0,"MA20, MA50, MA200, RSI, MACD, OBV, Trend",73.07692307692307,0.0,73.07692307692307,0,0,True,True,True,False,False,True,True,False,True,True,True,False,False,False,False,False,False,False,False,False,False,False
RDDT,Communication Services,Internet Content & Information,35.04,2025/06/22,249,100.0,"MA20, MA50, MA200, RSI, MACD, OBV, Trend",73.07692307692307,0.0,73.07692307692307,1,0,True,True,True,False,False,True,False,True,True,True,True,False,False,False,False,False,False,False,False,False,False,False
PCT,Industrials,Pollution & Treatment Controls,1.62,2025/06/22,249,100.0,"MA20, MA50, MA200, RSI, MACD, OBV, Trend",73.07692307692307,0.0,73.07692307692307,1,0,True,True,True,False,False,True,False,True,True,True,True,False,False,False,False,False,False,False,False,False,False,False
GMS,Industrials,Building Products & Equipment,3.27,2025/06/22,249,100.0,"MA20, MA50, MA200, RSI, MACD, OBV, Trend",73.07692307692307,0.0,73.07692307692307,2,1,True,True,True,False,True,True,False,False,True,True,True,False,False,False,False,False,False,False,False,False,False,False
ROKU,Communication Services,Entertainment,12.02,2025/06/22,249,100.0,"MA20, MA50, MA200, RSI, MACD, OBV, Trend",73.07692307692307,0.0,73.07692307692307,1,0,True,True,True,False,False,True,False,True,True,True,True,False,False,False,False,False,False,False,False,False,False,False
BSY,Technology,Software - Application,14.07,2025/06/22,249,100.0,"MA20, MA50, MA200, RSI, MACD, OBV, Trend",73.07692307692307,0.0,73.07692307692307,0,0,True,True,True,False,False,True,False,True,True,True,True,False,False,False,False,False,False,False,False,False,False,False
MGNI,Communication Services,Advertising Agencies,2.42,2025/06/22,249,100.0,"MA20, MA50, MA200, RSI, MACD, OBV, Trend",73.07692307692307,0.0,73.07692307692307,0,0,True,True,True,False,False,True,False,True,True,True,True,False,False,False,False,False,False,False,False,False,False,False
BP,Energy,Oil & Gas Integrated,81.24,2025/06/22,249,100.0,"MA20, MA50, MA200, RSI, MACD, OBV, Trend",73.07692307692307,0.0,73.07692307692307,0,0,True,True,True,False,False,True,False,True,True,True,True,False,False,False,False,False,False,False,False,False,False,False
GNW,Financial Services,Insurance - Life,3.09,2025/06/22,249,100.0,"MA20, MA50, MA200, RSI, MACD, OBV, Trend",73.07692307692307,0.0,73.07692307692307,1,0,True,True,True,False,False,True,False,True,True,True,True,False,False,False,False,False,False,False,False,False,False,False
SU,Energy,Oil & Gas Integrated,47.29,2025/06/22,249,100.0,"MA20, MA50, MA200, RSI, MACD, OBV, Trend",73.07692307692307,0.0,73.07692307692307,0,0,True,True,True,False,False,True,False,True,True,True,True,False,False,False,False,False,False,False,False,False,False,False
TTE,Energy,Oil & Gas Integrated,131.11,2025/06/22,249,100.0,"MA20, MA50, MA200, RSI, MACD, OBV, Trend",73.07692307692307,0.0,73.07692307692307,1,0,True,True,True,False,False,True,False,True,True,True,True,False,False,False,False,False,False,False,False,False,False,False
LITE,Technology,Communication Equipment,5.84,2025/06/22,249,100.0,"MA20, MA50, MA200, RSI, MACD, OBV, Trend",73.07692307692307,0.0,73.07692307692307,0,0,True,True,True,False,False,True,True,False,True,True,True,False,False,False,False,False,False,False,False,False,False,False
CNNE,Consumer Cyclical,Restaurants,1.24,2025/06/22,249,100.0,"MA20, MA50, MA200, RSI, MACD, OBV, Trend",73.07692307692307,0.0,73.07692307692307,0,1,True,True,True,False,False,True,False,True,True,True,True,False,False,False,False,False,False,False,False,False,False,False
MNR,Energy,Oil & Gas E&P,1.84,2025/06/22,249,100.0,"MA20, MA50, MA200, RSI, MACD, OBV, Trend",73.07692307692307,0.0,73.07692307692307,2,0,True,True,True,False,True,True,False,False,True,True,True,False,False,False,False,False,False,False,False,False,False,False
CURB,Real Estate,REIT - Retail,2.6,2025/06/22,183,76.92307692307693,"MA20, MA50, RSI, MACD, OBV, Trend",70.0,0.0,70.0,1,0,True,True,,,False,True,False,True,True,False,True,False,False,,,False,False,False,False,False,False,False
BKV,Energy,Oil & Gas E&P,2.07,2025/06/22,183,76.92307692307693,"MA20, MA50, RSI, MACD, OBV, Trend",70.0,0.0,70.0,0,0,True,True,,,False,True,False,False,True,True,True,False,False,,,False,False,False,False,False,False,False
HAS,Consumer Cyclical,Leisure,8.07,2025/06/22,249,100.0,"MA20, MA50, MA200, RSI, MACD, OBV, Trend",76.92307692307693,7.6923076923076925,69.23076923076924,0,0,True,True,True,True,False,True,True,True,False,False,True,False,False,False,False,False,False,False,False,True,False,False
MCK,Healthcare,Medical Distribution,75.5,2025/06/22,249,100.0,"MA20, MA50, MA200, RSI, MACD, OBV, Trend",76.92307692307693,7.6923076923076925,69.23076923076924,0,0,True,True,True,True,False,True,False,True,True,True,False,False,False,False,False,False,False,False,False,False,False,True
ETNB,Healthcare,Biotechnology,1.34,2025/06/22,249,100.0,"MA20, MA50, MA200, RSI, MACD, OBV, Trend",76.92307692307693,7.6923076923076925,69.23076923076924,0,0,True,True,True,True,False,True,True,True,False,False,True,False,False,False,False,False,False,False,False,True,False,False
VST,Utilities,Utilities - Independent Power Producers,57.17,2025/06/22,249,100.0,"MA20, MA50, MA200, RSI, MACD, OBV, Trend",76.92307692307693,7.6923076923076925,69.23076923076924,0,0,True,True,True,True,False,False,True,False,True,True,True,False,False,False,False,False,True,False,False,False,False,False
CMPO,Industrials,Metal Fabrication,1.57,2025/06/22,249,100.0,"MA20, MA50, MA200, RSI, MACD, OBV, Trend",76.92307692307693,7.6923076923076925,69.23076923076924,0,0,True,True,True,True,False,True,True,True,False,False,True,False,False,False,False,False,False,False,False,True,False,False
MS,Financial Services,Capital Markets,222.46,2025/06/22,249,100.0,"MA20, MA50, MA200, RSI, MACD, OBV, Trend",76.92307692307693,7.6923076923076925,69.23076923076924,0,0,True,True,True,True,False,True,True,True,False,False,True,False,False,False,False,False,False,False,False,True,False,False
ARI,Real Estate,REIT - Mortgage,1.22,2025/06/22,249,100.0,"MA20, MA50, MA200, RSI, MACD, OBV, Trend",76.92307692307693,7.6923076923076925,69.23076923076924,2,1,True,True,True,True,True,True,False,True,False,False,True,False,False,False,False,False,False,False,False,True,False,False
CELH,Consumer Defensive,Beverages - Non-Alcoholic,6.06,2025/06/22,249,100.0,"MA20, MA50, MA200, RSI, MACD, OBV, Trend",76.92307692307693,7.6923076923076925,69.23076923076924,0,0,True,True,True,True,False,False,False,True,True,True,True,False,False,False,False,False,True,False,False,False,False,False
SEZL,Financial Services,Credit Services,1.31,2025/06/22,249,100.0,"MA20, MA50, MA200, RSI, MACD, OBV, Trend",76.92307692307693,7.6923076923076925,69.23076923076924,0,1,True,True,True,True,False,False,True,False,True,True,True,False,False,False,False,False,True,False,False,False,False,False
KEN,Utilities,Utilities - Independent Power Producers,1.6,2025/06/22,249,100.0,"MA20, MA50, MA200, RSI, MACD, OBV, Trend",76.92307692307693,7.6923076923076925,69.23076923076924,0,1,True,True,True,True,False,True,True,True,False,False,True,False,False,False,False,False,False,False,False,True,False,False
MSFT,Technology,Software - Infrastructure,3085.55,2025/06/22,249,100.0,"MA20, MA50, MA200, RSI, MACD, OBV, Trend",76.92307692307693,7.6923076923076925,69.23076923076924,0,1,True,True,True,True,False,True,False,True,False,True,True,False,False,False,False,False,False,False,False,True,False,False
DESP,Consumer Cyclical,Travel Services,1.61,2025/06/22,224,100.0,"MA20, MA50, MA200, RSI, MACD, OBV, Trend",76.92307692307693,7.6923076923076925,69.23076923076924,0,0,True,True,True,True,False,False,True,True,True,False,True,False,False,False,False,False,True,False,False,False,False,False
DTM,Energy,Oil & Gas Midstream,10.4,2025/06/22,249,100.0,"MA20, MA50, MA200, RSI, MACD, OBV, Trend",76.92307692307693,7.6923076923076925,69.23076923076924,0,0,True,True,True,True,False,True,True,True,False,False,True,False,False,False,False,False,False,False,False,True,False,False
SGHC,Consumer Cyclical,Gambling,4.06,2025/06/22,249,100.0,"MA20, MA50, MA200, RSI, MACD, OBV, Trend",76.92307692307693,7.6923076923076925,69.23076923076924,0,0,True,True,True,True,False,False,True,True,True,False,True,False,False,False,False,False,True,False,False,False,False,False
SOFI,Financial Services,Credit Services,18.01,2025/06/22,249,100.0,"MA20, MA50, MA200, RSI, MACD, OBV, Trend",76.92307692307693,7.6923076923076925,69.23076923076924,0,0,True,True,True,True,False,True,False,True,True,True,False,False,False,False,False,False,False,False,False,False,False,True
LAUR,Consumer Defensive,Education & Training Services,2.82,2025/06/22,249,100.0,"MA20, MA50, MA200, RSI, MACD, OBV, Trend",76.92307692307693,7.6923076923076925,69.23076923076924,0,1,True,True,True,True,False,True,True,True,False,False,True,False,False,False,False,False,False,False,False,True,False,False
FOXA,Communication Services,Entertainment,22.77,2025/06/22,249,100.0,"MA20, MA50, MA200, RSI, MACD, OBV, Trend",76.92307692307693,7.6923076923076925,69.23076923076924,1,0,True,True,True,True,False,True,True,True,False,False,True,False,False,False,False,False,False,False,False,True,False,False
RBLX,Communication Services,Electronic Gaming & Multimedia,46.64,2025/06/22,249,100.0,"MA20, MA50, MA200, RSI, MACD, OBV, Trend",76.92307692307693,7.6923076923076925,69.23076923076924,0,0,True,True,True,True,False,False,True,False,True,True,True,False,False,False,False,False,True,False,False,False,False,False
FOX,Communication Services,Entertainment,22.77,2025/06/22,249,100.0,"MA20, MA50, MA200, RSI, MACD, OBV, Trend",76.92307692307693,7.6923076923076925,69.23076923076924,1,0,True,True,True,True,False,True,True,True,False,False,True,False,False,False,False,False,False,False,False,True,False,False
TIMB,Communication Services,Telecom Services,6.46,2025/06/22,249,100.0,"MA20, MA50, MA200, RSI, MACD, OBV, Trend",76.92307692307693,7.6923076923076925,69.23076923076924,1,0,True,True,True,True,False,False,True,False,True,True,True,False,False,False,False,False,True,False,False,False,False,False
COCO,Consumer Defensive,Beverages - Non-Alcoholic,2.12,2025/06/22,249,100.0,"MA20, MA50, MA200, RSI, MACD, OBV, Trend",76.92307692307693,7.6923076923076925,69.23076923076924,0,0,True,True,True,True,False,True,True,True,True,False,False,False,False,False,False,False,False,False,False,False,False,True
NDAQ,Financial Services,Financial Data & Stock Exchanges,47.33,2025/06/22,249,100.0,"MA20, MA50, MA200, RSI, MACD, OBV, Trend",76.92307692307693,7.6923076923076925,69.23076923076924,0,0,True,True,True,True,False,True,True,True,False,False,True,False,False,False,False,False,False,False,False,True,False,False
MYRG,Industrials,Engineering & Construction,2.28,2025/06/22,249,100.0,"MA20, MA50, MA200, RSI, MACD, OBV, Trend",76.92307692307693,7.6923076923076925,69.23076923076924,1,0,True,True,True,True,False,True,False,True,False,True,True,False,False,False,False,False,False,False,False,True,False,False
KMI,Energy,Oil & Gas Midstream,61.05,2025/06/22,249,100.0,"MA20, MA50, MA200, RSI, MACD, OBV, Trend",76.92307692307693,7.6923076923076925,69.23076923076924,0,0,True,True,True,True,False,True,True,True,False,False,True,False,False,False,False,False,False,False,False,True,False,False
ELP,Utilities,Utilities - Diversified,4.77,2025/06/22,249,100.0,"MA20, MA50, MA200, RSI, MACD, OBV, Trend",76.92307692307693,7.6923076923076925,69.23076923076924,0,0,True,True,True,True,False,True,False,True,False,True,True,False,False,False,False,False,False,False,False,True,False,False
AHR,Real Estate,REIT - Healthcare Facilities,4.41,2025/06/22,249,100.0,"MA20, MA50, MA200, RSI, MACD, OBV, Trend",76.92307692307693,7.6923076923076925,69.23076923076924,1,0,True,True,True,True,False,True,True,True,False,False,True,False,False,False,False,False,False,False,False,True,False,False
DY,Industrials,Engineering & Construction,5.52,2025/06/22,249,100.0,"MA20, MA50, MA200, RSI, MACD, OBV, Trend",76.92307692307693,7.6923076923076925,69.23076923076924,1,0,True,True,True,True,False,True,True,True,False,False,True,False,False,False,False,False,False,False,False,True,False,False
OLLI,Consumer Defensive,Discount Stores,6.92,2025/06/22,249,100.0,"MA20, MA50, MA200, RSI, MACD, OBV, Trend",76.92307692307693,7.6923076923076925,69.23076923076924,0,0,True,True,True,True,False,False,False,True,True,True,True,False,False,False,False,False,True,False,False,False,False,False
GOLD,Basic Materials,Gold,29.12,2025/06/22,249,100.0,"MA20, MA50, MA200, RSI, MACD, OBV, Trend",76.92307692307693,7.6923076923076925,69.23076923076924,0,1,True,True,True,True,False,True,False,True,True,True,False,False,False,False,False,False,False,False,False,False,False,True
GTES,Industrials,Specialty Industrial Machinery,5.27,2025/06/22,249,100.0,"MA20, MA50, MA200, RSI, MACD, OBV, Trend",76.92307692307693,7.6923076923076925,69.23076923076924,0,0,True,True,True,True,False,True,True,True,False,False,True,False,False,False,False,False,False,False,False,True,False,False
AGNCM,Real Estate,REIT - Mortgage,8.91,2025/06/22,249,100.0,"MA20, MA50, MA200, RSI, MACD, OBV, Trend",76.92307692307693,7.6923076923076925,69.23076923076924,0,0,True,True,True,True,False,False,False,True,True,True,True,False,False,False,False,False,True,False,False,False,False,False
CALX,Technology,Software - Infrastructure,2.63,2025/06/22,249,100.0,"MA20, MA50, MA200, RSI, MACD, OBV, Trend",76.92307692307693,7.6923076923076925,69.23076923076924,0,0,True,True,True,True,False,True,True,True,False,False,True,False,False,False,False,False,False,False,False,True,False,False
HWKN,Basic Materials,Specialty Chemicals,2.24,2025/06/22,249,100.0,"MA20, MA50, MA200, RSI, MACD, OBV, Trend",76.92307692307693,7.6923076923076925,69.23076923076924,0,1,True,True,True,True,False,True,False,True,False,True,True,False,False,False,False,False,False,False,False,True,False,False
ENSG,Healthcare,Medical Care Facilities,8.0,2025/06/22,249,100.0,"MA20, MA50, MA200, RSI, MACD, OBV, Trend",76.92307692307693,7.6923076923076925,69.23076923076924,0,0,True,True,True,True,False,True,False,True,False,True,True,False,False,False,False,False,False,False,False,True,False,False
BTI,Consumer Defensive,Tobacco,87.25,2025/06/22,249,100.0,"MA20, MA50, MA200, RSI, MACD, OBV, Trend",76.92307692307693,7.6923076923076925,69.23076923076924,0,0,True,True,True,True,False,False,True,False,True,True,True,False,False,False,False,False,True,False,False,False,False,False
HEI,Industrials,Aerospace & Defense,29.06,2025/06/22,249,100.0,"MA20, MA50, MA200, RSI, MACD, OBV, Trend",76.92307692307693,7.6923076923076925,69.23076923076924,0,0,True,True,True,True,False,False,True,False,True,True,True,False,False,False,False,False,True,False,False,False,False,False
TLN,Utilities,Utilities - Independent Power Producers,10.19,2025/06/22,249,100.0,"MA20, MA50, MA200, RSI, MACD, OBV, Trend",76.92307692307693,7.6923076923076925,69.23076923076924,1,1,True,True,True,True,False,False,True,False,True,True,True,False,False,False,False,False,True,False,False,False,False,False
EBAY,Consumer Cyclical,Internet Retail,32.34,2025/06/22,249,100.0,"MA20, MA50, MA200, RSI, MACD, OBV, Trend",76.92307692307693,7.6923076923076925,69.23076923076924,0,0,True,True,True,True,False,True,True,True,False,False,True,False,False,False,False,False,False,False,False,True,False,False
DAC,Industrials,Marine Shipping,1.54,2025/06/22,249,100.0,"MA20, MA50, MA200, RSI, MACD, OBV, Trend",76.92307692307693,7.6923076923076925,69.23076923076924,0,1,True,True,True,True,False,True,False,True,False,True,True,False,False,False,False,False,False,False,False,True,False,False
CR,Industrials,Specialty Industrial Machinery,9.82,2025/06/22,249,100.0,"MA20, MA50, MA200, RSI, MACD, OBV, Trend",76.92307692307693,7.6923076923076925,69.23076923076924,2,0,True,True,True,True,True,True,False,True,False,False,True,False,False,False,False,False,False,False,False,True,False,False
NTR,Basic Materials,Agricultural Inputs,25.53,2025/06/22,249,100.0,"MA20, MA50, MA200, RSI, MACD, OBV, Trend",76.92307692307693,7.6923076923076925,69.23076923076924,1,0,True,True,True,True,False,True,False,True,False,True,True,False,False,False,False,False,False,False,False,True,False,False
WRB,Financial Services,Insurance - Property & Casualty,22.29,2025/06/22,249,100.0,"MA20, MA50, MA200, RSI, MACD, OBV, Trend",76.92307692307693,7.6923076923076925,69.23076923076924,1,0,True,True,True,True,False,True,True,True,False,False,True,False,False,False,False,False,False,False,False,True,False,False
MAG,Basic Materials,Silver,1.69,2025/06/22,249,100.0,"MA20, MA50, MA200, RSI, MACD, OBV, Trend",76.92307692307693,7.6923076923076925,69.23076923076924,0,1,True,True,True,True,False,True,True,True,False,False,True,False,False,False,False,False,False,False,False,True,False,False
AXON,Industrials,Aerospace & Defense,49.73,2025/06/22,249,100.0,"MA20, MA50, MA200, RSI, MACD, OBV, Trend",76.92307692307693,7.6923076923076925,69.23076923076924,1,0,True,True,True,True,False,True,True,True,False,False,True,False,False,False,False,False,False,False,False,True,False,False
TTMI,Technology,Electronic Components,2.51,2025/06/22,249,100.0,"MA20, MA50, MA200, RSI, MACD, OBV, Trend",76.92307692307693,7.6923076923076925,69.23076923076924,1,0,True,True,True,True,False,False,True,False,True,True,True,False,False,False,False,False,True,False,False,False,False,False
KYN,Financial Services,Asset Management,2.27,2025/06/22,249,100.0,"MA20, MA50, MA200, RSI, MACD, OBV, Trend",76.92307692307693,7.6923076923076925,69.23076923076924,0,0,True,True,True,True,False,True,False,True,False,True,True,False,False,False,False,False,False,False,False,True,False,False
DASH,Communication Services,Internet Content & Information,78.33,2025/06/22,249,100.0,"MA20, MA50, MA200, RSI, MACD, OBV, Trend",76.92307692307693,7.6923076923076925,69.23076923076924,0,0,True,True,True,True,False,True,False,True,False,True,True,False,False,False,False,False,False,False,False,True,False,False
KT,Communication Services,Telecom Services,8.52,2025/06/22,249,100.0,"MA20, MA50, MA200, RSI, MACD, OBV, Trend",76.92307692307693,7.6923076923076925,69.23076923076924,0,0,True,True,True,True,False,True,True,True,False,False,True,False,False,False,False,False,False,False,False,True,False,False
SANM,Technology,Electronic Components,4.55,2025/06/22,249,100.0,"MA20, MA50, MA200, RSI, MACD, OBV, Trend",76.92307692307693,7.6923076923076925,69.23076923076924,0,0,True,True,True,True,False,True,False,True,True,True,False,False,False,False,False,False,False,False,False,False,False,True
VIK,Consumer Cyclical,Travel Services,21.85,2025/06/22,249,100.0,"MA20, MA50, MA200, RSI, MACD, OBV, Trend",76.92307692307693,7.6923076923076925,69.23076923076924,0,0,True,True,True,True,False,False,True,True,True,False,True,False,False,False,False,False,True,False,False,False,False,False
RPRX,Healthcare,Biotechnology,18.61,2025/06/22,249,100.0,"MA20, MA50, MA200, RSI, MACD, OBV, Trend",76.92307692307693,7.6923076923076925,69.23076923076924,0,0,True,True,True,True,False,False,True,True,True,False,True,False,False,False,False,False,True,False,False,False,False,False
FITBI,Financial Services,Banks - Regional,18.12,2025/06/22,249,100.0,"MA20, MA50, MA200, RSI, MACD, OBV, Trend",76.92307692307693,7.6923076923076925,69.23076923076924,0,0,True,True,True,True,False,True,False,True,True,True,False,False,False,False,False,False,False,False,False,False,False,True
L,Financial Services,Insurance - Property & Casualty,18.51,2025/06/22,249,100.0,"MA20, MA50, MA200, RSI, MACD, OBV, Trend",76.92307692307693,7.6923076923076925,69.23076923076924,1,0,True,True,True,True,False,True,True,True,False,False,True,False,False,False,False,False,False,False,False,True,False,False
GWRE,Technology,Software - Application,17.65,2025/06/22,249,100.0,"MA20, MA50, MA200, RSI, MACD, OBV, Trend",76.92307692307693,7.6923076923076925,69.23076923076924,0,0,True,True,True,True,False,True,True,True,False,False,True,False,False,False,False,False,False,False,False,True,False,False
NGD,Basic Materials,Gold,2.41,2025/06/22,249,100.0,"MA20, MA50, MA200, RSI, MACD, OBV, Trend",76.92307692307693,7.6923076923076925,69.23076923076924,0,0,True,True,True,True,False,True,True,True,False,False,True,False,False,False,False,False,False,False,False,True,False,False
B,Industrials,Specialty Industrial Machinery,2.42,2025/06/22,249,100.0,"MA20, MA50, MA200, RSI, MACD, OBV, Trend",76.92307692307693,7.6923076923076925,69.23076923076924,0,1,True,True,True,True,False,True,False,True,True,True,False,False,False,False,False,False,False,False,False,False,False,True
QUBT,Technology,Computer Hardware,1.42,2025/06/22,249,100.0,"MA20, MA50, MA200, RSI, MACD, OBV, Trend",76.92307692307693,7.6923076923076925,69.23076923076924,1,0,True,True,True,True,False,False,True,True,True,False,True,False,False,False,False,False,True,False,False,False,False,False
GAB,Financial Services,Asset Management,1.69,2025/06/22,249,100.0,"MA20, MA50, MA200, RSI, MACD, OBV, Trend",76.92307692307693,7.6923076923076925,69.23076923076924,1,1,True,True,True,True,False,True,True,True,False,False,True,False,False,False,False,False,False,False,False,True,False,False
FHN,Financial Services,Banks - Regional,11.47,2025/06/22,249,100.0,"MA20, MA50, MA200, RSI, MACD, OBV, Trend",76.92307692307693,7.6923076923076925,69.23076923076924,1,0,True,True,True,True,False,True,True,True,False,False,True,False,False,False,False,False,False,False,False,True,False,False
CHT,Communication Services,Telecom Services,30.13,2025/06/22,249,100.0,"MA20, MA50, MA200, RSI, MACD, OBV, Trend",76.92307692307693,7.6923076923076925,69.23076923076924,1,1,True,True,True,True,False,True,False,True,True,True,False,False,False,False,False,False,False,False,False,False,False,True
BBD,Financial Services,Banks - Regional,19.98,2025/06/22,249,100.0,"MA20, MA50, MA200, RSI, MACD, OBV, Trend",76.92307692307693,7.6923076923076925,69.23076923076924,0,0,True,True,True,True,False,True,False,True,False,True,True,False,False,False,False,False,False,False,False,True,False,False
TXRH,Consumer Cyclical,Restaurants,12.08,2025/06/22,249,100.0,"MA20, MA50, MA200, RSI, MACD, OBV, Trend",76.92307692307693,7.6923076923076925,69.23076923076924,2,0,True,True,True,True,True,True,False,True,False,False,True,False,False,False,False,False,False,False,False,True,False,False
SIMO,Technology,Semiconductors,1.84,2025/06/22,249,100.0,"MA20, MA50, MA200, RSI, MACD, OBV, Trend",76.92307692307693,7.6923076923076925,69.23076923076924,0,0,True,True,True,True,False,True,False,True,False,True,True,False,False,False,False,False,False,False,False,True,False,False
PAX,Financial Services,Asset Management,1.84,2025/06/22,249,100.0,"MA20, MA50, MA200, RSI, MACD, OBV, Trend",76.92307692307693,7.6923076923076925,69.23076923076924,0,0,True,True,True,True,False,True,False,True,False,True,True,False,False,False,False,False,False,False,False,True,False,False
CLS,Technology,Electronic Components,14.33,2025/06/22,249,100.0,"MA20, MA50, MA200, RSI, MACD, OBV, Trend",76.92307692307693,7.6923076923076925,69.23076923076924,0,0,True,True,True,True,False,False,True,False,True,True,True,False,False,False,False,False,True,False,False,False,False,False
TKO,Communication Services,Entertainment,12.6,2025/06/22,249,100.0,"MA20, MA50, MA200, RSI, MACD, OBV, Trend",76.92307692307693,7.6923076923076925,69.23076923076924,1,1,True,True,True,True,False,True,False,True,True,True,False,False,False,False,False,False,False,False,False,False,False,True
WPC,Real Estate,REIT - Diversified,12.24,2025/06/22,249,100.0,"MA20, MA50, MA200, RSI, MACD, OBV, Trend",76.92307692307693,7.6923076923076925,69.23076923076924,0,1,True,True,True,True,False,True,False,True,True,True,False,False,False,False,False,False,False,False,False,False,False,True
NNE,Industrials,Specialty Industrial Machinery,1.42,2025/06/22,249,100.0,"MA20, MA50, MA200, RSI, MACD, OBV, Trend",76.92307692307693,7.6923076923076925,69.23076923076924,0,0,True,True,True,True,False,True,False,True,True,True,False,False,False,False,False,False,False,False,False,False,False,True
AU,Basic Materials,Gold,15.21,2025/06/22,249,100.0,"MA20, MA50, MA200, RSI, MACD, OBV, Trend",76.92307692307693,7.6923076923076925,69.23076923076924,0,0,True,True,True,True,False,True,True,True,True,False,False,False,False,False,False,False,False,False,False,False,False,True
CW,Industrials,Aerospace & Defense,13.17,2025/06/22,249,100.0,"MA20, MA50, MA200, RSI, MACD, OBV, Trend",76.92307692307693,7.6923076923076925,69.23076923076924,1,0,True,True,True,True,False,True,True,False,False,True,True,False,False,False,False,False,False,False,False,True,False,False
LRCX,Technology,Semiconductor Equipment & Materials,104.15,2025/06/22,249,100.0,"MA20, MA50, MA200, RSI, MACD, OBV, Trend",76.92307692307693,7.6923076923076925,69.23076923076924,0,1,True,True,True,True,False,True,False,True,True,True,False,False,False,False,False,False,False,False,False,False,False,True
BBUC,Financial Services,Asset Management,1.74,2025/06/22,249,100.0,"MA20, MA50, MA200, RSI, MACD, OBV, Trend",76.92307692307693,7.6923076923076925,69.23076923076924,0,0,True,True,True,True,False,True,True,True,False,False,True,False,False,False,False,False,False,False,False,True,False,False
SHCO,Consumer Cyclical,Lodging,1.53,2025/06/22,249,100.0,"MA20, MA50, MA200, RSI, MACD, OBV, Trend",76.92307692307693,7.6923076923076925,69.23076923076924,0,0,True,True,True,True,False,True,False,True,True,True,False,False,False,False,False,False,False,False,False,False,False,True
SFM,Consumer Defensive,Grocery Stores,15.83,2025/06/22,249,100.0,"MA20, MA50, MA200, RSI, MACD, OBV, Trend",76.92307692307693,7.6923076923076925,69.23076923076924,1,0,True,True,True,True,False,True,True,True,False,False,True,False,False,False,False,False,False,False,False,True,False,False
CSCO,Technology,Communication Equipment,241.36,2025/06/22,249,100.0,"MA20, MA50, MA200, RSI, MACD, OBV, Trend",76.92307692307693,7.6923076923076925,69.23076923076924,1,0,True,True,True,True,False,True,True,True,False,False,True,False,False,False,False,False,False,False,False,True,False,False
GDS,Technology,Information Technology Services,4.2,2025/06/22,249,100.0,"MA20, MA50, MA200, RSI, MACD, OBV, Trend",76.92307692307693,7.6923076923076925,69.23076923076924,0,0,True,True,True,True,False,False,True,True,True,False,True,False,False,False,False,False,True,False,False,False,False,False
EQH,Financial Services,Asset Management,17.05,2025/06/22,249,100.0,"MA20, MA50, MA200, RSI, MACD, OBV, Trend",76.92307692307693,7.6923076923076925,69.23076923076924,1,1,True,True,True,True,False,True,True,True,False,False,True,False,False,False,False,False,False,False,False,True,False,False
NI,Utilities,Utilities - Regulated Gas,17.41,2025/06/22,249,100.0,"MA20, MA50, MA200, RSI, MACD, OBV, Trend",76.92307692307693,7.6923076923076925,69.23076923076924,0,0,True,True,True,True,False,True,True,True,False,False,True,False,False,False,False,False,False,False,False,True,False,False
SAN,Financial Services,Banks - Diversified,78.17,2025/06/22,249,100.0,"MA20, MA50, MA200, RSI, MACD, OBV, Trend",84.61538461538461,15.384615384615385,69.23076923076923,2,2,True,True,True,True,True,True,True,True,False,False,True,False,False,False,False,True,False,False,False,True,False,False
TGI,Industrials,Aerospace & Defense,1.45,2025/06/22,249,100.0,"MA20, MA50, MA200, RSI, MACD, OBV, Trend",84.61538461538461,15.384615384615385,69.23076923076923,2,2,True,True,True,True,True,True,True,True,False,False,True,False,False,False,False,True,False,False,False,True,False,False
WF,Financial Services,Banks - Regional,8.28,2025/06/22,249,100.0,"MA20, MA50, MA200, RSI, MACD, OBV, Trend",69.23076923076923,0.0,69.23076923076923,0,0,True,True,True,True,False,True,False,False,True,False,True,False,False,False,False,False,False,False,False,False,False,False
MTDR,Energy,Oil & Gas E&P,7.24,2025/06/22,249,100.0,"MA20, MA50, MA200, RSI, MACD, OBV, Trend",65.38461538461539,0.0,65.38461538461539,0,0,True,True,True,False,False,True,False,False,True,True,True,False,False,False,False,False,False,False,False,False,False,False
DFIN,Technology,Software - Application,1.92,2025/06/22,249,100.0,"MA20, MA50, MA200, RSI, MACD, OBV, Trend",65.38461538461539,0.0,65.38461538461539,0,1,True,True,True,False,False,True,False,False,True,True,True,False,False,False,False,False,False,False,False,False,False,False
MU,Technology,Semiconductors,103.06,2025/06/22,249,100.0,"MA20, MA50, MA200, RSI, MACD, OBV, Trend",65.38461538461539,0.0,65.38461538461539,0,0,True,True,True,False,False,True,False,False,True,True,True,False,False,False,False,False,False,False,False,False,False,False
IONS,Healthcare,Biotechnology,5.04,2025/06/22,249,100.0,"MA20, MA50, MA200, RSI, MACD, OBV, Trend",65.38461538461539,0.0,65.38461538461539,0,0,True,True,True,False,False,True,False,True,True,False,True,False,False,False,False,False,False,False,False,False,False,False
FN,Technology,Electronic Components,7.84,2025/06/22,249,100.0,"MA20, MA50, MA200, RSI, MACD, OBV, Trend",65.38461538461539,0.0,65.38461538461539,0,0,True,True,True,False,False,True,False,False,True,True,True,False,False,False,False,False,False,False,False,False,False,False
CSGP,Real Estate,Real Estate Services,31.4,2025/06/22,249,100.0,"MA20, MA50, MA200, RSI, MACD, OBV, Trend",65.38461538461539,0.0,65.38461538461539,0,0,True,True,True,False,False,True,False,True,True,False,True,False,False,False,False,False,False,False,False,False,False,False
KR,Consumer Defensive,Grocery Stores,44.6,2025/06/22,249,100.0,"MA20, MA50, MA200, RSI, MACD, OBV, Trend",65.38461538461539,0.0,65.38461538461539,1,0,True,True,True,False,False,True,False,True,True,False,True,False,False,False,False,False,False,False,False,False,False,False
VC,Consumer Cyclical,Auto Parts,2.32,2025/06/22,249,100.0,"MA20, MA50, MA200, RSI, MACD, OBV, Trend",65.38461538461539,0.0,65.38461538461539,0,1,True,True,True,False,False,True,False,True,True,False,True,False,False,False,False,False,False,False,False,False,False,False
SEB,Industrials,Conglomerates,2.37,2025/06/22,249,100.0,"MA20, MA50, MA200, RSI, MACD, OBV, Trend",65.38461538461539,0.0,65.38461538461539,0,0,True,True,True,False,False,True,False,True,True,False,True,False,False,False,False,False,False,False,False,False,False,False
DINO,Energy,Oil & Gas Refining & Marketing,6.84,2025/06/22,249,100.0,"MA20, MA50, MA200, RSI, MACD, OBV, Trend",65.38461538461539,0.0,65.38461538461539,1,0,True,True,True,False,False,True,False,False,True,True,True,False,False,False,False,False,False,False,False,False,False,False
HIW,Real Estate,REIT - Office,3.22,2025/06/22,249,100.0,"MA20, MA50, MA200, RSI, MACD, OBV, Trend",65.38461538461539,0.0,65.38461538461539,0,0,True,True,True,False,False,True,False,True,True,False,True,False,False,False,False,False,False,False,False,False,False,False
CCI,Real Estate,REIT - Specialty,38.8,2025/06/22,249,100.0,"MA20, MA50, MA200, RSI, MACD, OBV, Trend",65.38461538461539,0.0,65.38461538461539,0,0,True,True,True,False,False,True,False,True,True,False,True,False,False,False,False,False,False,False,False,False,False,False
PBR,Energy,Oil & Gas Integrated,87.3,2025/06/22,249,100.0,"MA20, MA50, MA200, RSI, MACD, OBV, Trend",65.38461538461539,0.0,65.38461538461539,1,0,True,True,True,False,False,True,False,False,True,True,True,False,False,False,False,False,False,False,False,False,False,False
CTOS,Industrials,Rental & Leasing Services,1.23,2025/06/22,249,100.0,"MA20, MA50, MA200, RSI, MACD, OBV, Trend",65.38461538461539,0.0,65.38461538461539,0,0,True,True,True,False,False,True,False,True,True,False,True,False,False,False,False,False,False,False,False,False,False,False
SLG,Real Estate,REIT - Office,5.1,2025/06/22,249,100.0,"MA20, MA50, MA200, RSI, MACD, OBV, Trend",65.38461538461539,0.0,65.38461538461539,0,0,True,True,True,False,False,True,False,True,True,False,True,False,False,False,False,False,False,False,False,False,False,False
FTAI,Industrials,Rental & Leasing Services,10.31,2025/06/22,249,100.0,"MA20, MA50, MA200, RSI, MACD, OBV, Trend",65.38461538461539,0.0,65.38461538461539,0,0,True,True,True,False,False,True,False,True,True,False,True,False,False,False,False,False,False,False,False,False,False,False
ROIV,Healthcare,Biotechnology,8.1,2025/06/22,249,100.0,"MA20, MA50, MA200, RSI, MACD, OBV, Trend",65.38461538461539,0.0,65.38461538461539,1,0,True,True,True,False,False,True,False,True,True,False,True,False,False,False,False,False,False,False,False,False,False,False
ACT,Financial Services,Insurance - Specialty,5.22,2025/06/22,249,100.0,"MA20, MA50, MA200, RSI, MACD, OBV, Trend",65.38461538461539,0.0,65.38461538461539,1,0,True,True,True,False,False,True,False,True,True,False,True,False,False,False,False,False,False,False,False,False,False,False
AGNC,Real Estate,REIT - Mortgage,8.95,2025/06/22,249,100.0,"MA20, MA50, MA200, RSI, MACD, OBV, Trend",65.38461538461539,0.0,65.38461538461539,0,0,True,True,True,False,False,True,False,True,True,False,True,False,False,False,False,False,False,False,False,False,False,False
RKT,Financial Services,Mortgage Finance,25.04,2025/06/22,249,100.0,"MA20, MA50, MA200, RSI, MACD, OBV, Trend",65.38461538461539,0.0,65.38461538461539,0,0,True,True,True,False,False,True,False,True,True,False,True,False,False,False,False,False,False,False,False,False,False,False
DOCS,Healthcare,Health Information Services,11.03,2025/06/22,249,100.0,"MA20, MA50, MA200, RSI, MACD, OBV, Trend",65.38461538461539,0.0,65.38461538461539,0,0,True,True,True,False,False,True,False,True,True,False,True,False,False,False,False,False,False,False,False,False,False,False
APAM,Financial Services,Asset Management,3.13,2025/06/22,249,100.0,"MA20, MA50, MA200, RSI, MACD, OBV, Trend",65.38461538461539,0.0,65.38461538461539,1,0,True,True,True,False,False,True,False,True,True,False,True,False,False,False,False,False,False,False,False,False,False,False
EC,Energy,Oil & Gas Integrated,19.57,2025/06/22,249,100.0,"MA20, MA50, MA200, RSI, MACD, OBV, Trend",65.38461538461539,0.0,65.38461538461539,1,0,True,True,True,False,False,True,False,False,True,True,True,False,False,False,False,False,False,False,False,False,False,False
UPST,Financial Services,Credit Services,5.91,2025/06/22,249,100.0,"MA20, MA50, MA200, RSI, MACD, OBV, Trend",65.38461538461539,0.0,65.38461538461539,1,0,True,True,True,False,False,True,False,True,True,False,True,False,False,False,False,False,False,False,False,False,False,False
WDC,Technology,Computer Hardware,22.65,2025/06/22,249,100.0,"MA20, MA50, MA200, RSI, MACD, OBV, Trend",65.38461538461539,0.0,65.38461538461539,0,0,True,True,True,False,False,True,False,False,True,True,True,False,False,False,False,False,False,False,False,False,False,False
UEC,Energy,Uranium,2.99,2025/06/22,249,100.0,"MA20, MA50, MA200, RSI, MACD, OBV, Trend",65.38461538461539,0.0,65.38461538461539,0,0,True,True,True,False,False,True,False,True,True,False,True,False,False,False,False,False,False,False,False,False,False,False
SSL,Basic Materials,Specialty Chemicals,2.96,2025/06/22,249,100.0,"MA20, MA50, MA200, RSI, MACD, OBV, Trend",65.38461538461539,0.0,65.38461538461539,1,0,True,True,True,False,False,True,False,True,True,False,True,False,False,False,False,False,False,False,False,False,False,False
ENVA,Financial Services,Credit Services,2.98,2025/06/22,249,100.0,"MA20, MA50, MA200, RSI, MACD, OBV, Trend",65.38461538461539,0.0,65.38461538461539,0,0,True,True,True,False,False,True,False,True,True,False,True,False,False,False,False,False,False,False,False,False,False,False
VIPS,Consumer Cyclical,Internet Retail,7.38,2025/06/22,249,100.0,"MA20, MA50, MA200, RSI, MACD, OBV, Trend",65.38461538461539,0.0,65.38461538461539,0,0,True,True,True,False,False,True,False,True,True,False,True,False,False,False,False,False,False,False,False,False,False,False
XOM,Energy,Oil & Gas Integrated,465.03,2025/06/22,249,100.0,"MA20, MA50, MA200, RSI, MACD, OBV, Trend",65.38461538461539,0.0,65.38461538461539,0,0,True,True,True,False,False,True,False,False,True,True,True,False,False,False,False,False,False,False,False,False,False,False
ESNT,Financial Services,Insurance - Specialty,6.19,2025/06/22,249,100.0,"MA20, MA50, MA200, RSI, MACD, OBV, Trend",65.38461538461539,0.0,65.38461538461539,1,0,True,True,True,False,False,True,False,True,True,False,True,False,False,False,False,False,False,False,False,False,False,False
HSY,Consumer Defensive,Confectioners,30.2,2025/06/22,249,100.0,"MA20, MA50, MA200, RSI, MACD, OBV, Trend",65.38461538461539,0.0,65.38461538461539,1,0,True,True,True,False,False,True,False,True,True,False,True,False,False,False,False,False,False,False,False,False,False,False
KRP,Energy,Oil & Gas E&P,1.65,2025/06/22,249,100.0,"MA20, MA50, MA200, RSI, MACD, OBV, Trend",65.38461538461539,0.0,65.38461538461539,0,0,True,True,True,False,False,True,False,False,True,True,True,False,False,False,False,False,False,False,False,False,False,False
TRUP,Financial Services,Insurance - Property & Casualty,2.01,2025/06/22,249,100.0,"MA20, MA50, MA200, RSI, MACD, OBV, Trend",65.38461538461539,0.0,65.38461538461539,0,0,True,True,True,False,False,True,False,False,True,True,True,False,False,False,False,False,False,False,False,False,False,False
PR,Energy,Oil & Gas E&P,11.77,2025/06/22,249,100.0,"MA20, MA50, MA200, RSI, MACD, OBV, Trend",65.38461538461539,0.0,65.38461538461539,0,0,True,True,True,False,False,True,False,False,True,True,True,False,False,False,False,False,False,False,False,False,False,False
HAFN,Industrials,Marine Shipping,2.63,2025/06/22,249,100.0,"MA20, MA50, MA200, RSI, MACD, OBV, Trend",73.07692307692307,7.6923076923076925,65.38461538461537,0,0,True,True,True,False,False,True,False,True,True,True,True,False,False,False,False,False,False,True,False,False,False,False
PAGP,Energy,Oil & Gas Midstream,4.92,2025/06/22,249,100.0,"MA20, MA50, MA200, RSI, MACD, OBV, Trend",73.07692307692307,7.6923076923076925,65.38461538461537,0,0,True,True,True,False,False,False,True,True,True,True,True,False,False,False,False,False,True,False,False,False,False,False
MOMO,Communication Services,Internet Content & Information,1.24,2025/06/22,249,100.0,"MA20, MA50, MA200, RSI, MACD, OBV, Trend",73.07692307692307,7.6923076923076925,65.38461538461537,3,0,True,True,True,False,True,False,True,False,True,True,True,False,False,False,False,False,True,False,False,False,False,False
EL,Consumer Defensive,Household & Personal Products,29.95,2025/06/22,249,100.0,"MA20, MA50, MA200, RSI, MACD, OBV, Trend",73.07692307692307,7.6923076923076925,65.38461538461537,0,0,True,True,True,False,False,True,False,True,True,True,True,False,False,False,False,False,False,True,False,False,False,False
WINA,Consumer Cyclical,Specialty Retail,1.37,2025/06/22,249,100.0,"MA20, MA50, MA200, RSI, MACD, OBV, Trend",76.92307692307693,15.384615384615385,61.53846153846155,0,1,True,True,True,True,False,False,True,True,False,True,True,False,False,False,False,False,True,False,False,True,False,False
BN,Financial Services,Asset Management,92.8,2025/06/22,249,100.0,"MA20, MA50, MA200, RSI, MACD, OBV, Trend",76.92307692307693,15.384615384615385,61.53846153846155,1,0,True,True,True,True,False,False,True,True,False,True,True,False,False,False,False,False,True,False,False,True,False,False
JPC,Financial Services,Asset Management,2.54,2025/06/22,249,100.0,"MA20, MA50, MA200, RSI, MACD, OBV, Trend",76.92307692307693,15.384615384615385,61.53846153846155,0,0,True,True,True,True,False,False,True,True,False,True,True,False,False,False,False,False,True,False,False,True,False,False
NEU,Basic Materials,Specialty Chemicals,4.77,2025/06/22,249,100.0,"MA20, MA50, MA200, RSI, MACD, OBV, Trend",76.92307692307693,15.384615384615385,61.53846153846155,4,0,True,True,True,True,True,False,True,True,False,False,True,False,False,False,False,False,True,False,False,True,False,False
ALG,Industrials,Farm & Heavy Construction Machinery,2.27,2025/06/22,249,100.0,"MA20, MA50, MA200, RSI, MACD, OBV, Trend",76.92307692307693,15.384615384615385,61.53846153846155,1,2,True,True,True,True,False,True,False,True,False,True,True,False,False,False,False,True,False,False,False,True,False,False
INDV,Healthcare,Drug Manufacturers - Specialty & Generic,1.5,2025/06/22,249,100.0,"MA20, MA50, MA200, RSI, MACD, OBV, Trend",76.92307692307693,15.384615384615385,61.53846153846155,0,0,True,True,True,True,False,False,True,True,False,True,True,False,False,False,False,False,True,False,False,True,False,False
CASY,Consumer Cyclical,Specialty Retail,15.35,2025/06/22,249,100.0,"MA20, MA50, MA200, RSI, MACD, OBV, Trend",69.23076923076923,7.6923076923076925,61.53846153846153,1,0,True,True,True,True,False,False,False,True,True,False,True,False,False,False,False,False,True,False,False,False,False,False
INTU,Technology,Software - Application,168.37,2025/06/22,249,100.0,"MA20, MA50, MA200, RSI, MACD, OBV, Trend",69.23076923076923,7.6923076923076925,61.53846153846153,0,0,True,True,True,True,False,True,False,True,False,False,True,False,False,False,False,False,False,False,False,True,False,False
WFC,Financial Services,Banks - Diversified,259.17,2025/06/22,249,100.0,"MA20, MA50, MA200, RSI, MACD, OBV, Trend",69.23076923076923,7.6923076923076925,61.53846153846153,0,0,True,True,True,True,False,True,False,True,False,False,True,False,False,False,False,False,False,False,False,True,False,False
AG,Basic Materials,Silver,2.88,2025/06/22,249,100.0,"MA20, MA50, MA200, RSI, MACD, OBV, Trend",69.23076923076923,7.6923076923076925,61.53846153846153,0,0,True,True,True,True,False,False,False,True,True,False,True,False,False,False,False,False,True,False,False,False,False,False
FORTY,Technology,Information Technology Services,1.4,2025/06/22,249,100.0,"MA20, MA50, MA200, RSI, MACD, OBV, Trend",84.61538461538461,23.076923076923077,61.53846153846153,2,2,True,True,True,True,True,True,False,True,False,True,True,False,False,False,False,True,False,True,False,True,False,False
ALNY,Healthcare,Biotechnology,34.99,2025/06/22,249,100.0,"MA20, MA50, MA200, RSI, MACD, OBV, Trend",69.23076923076923,7.6923076923076925,61.53846153846153,0,0,True,True,True,True,False,True,False,True,False,False,True,False,False,False,False,False,False,False,False,True,False,False
CTVA,Basic Materials,Agricultural Inputs,45.46,2025/06/22,249,100.0,"MA20, MA50, MA200, RSI, MACD, OBV, Trend",69.23076923076923,7.6923076923076925,61.53846153846153,1,1,True,True,True,True,False,True,False,False,False,True,True,False,False,False,False,False,False,False,False,True,False,False
BEPC,Utilities,Utilities - Renewable,4.81,2025/06/22,249,100.0,"MA20, MA50, MA200, RSI, MACD, OBV, Trend",69.23076923076923,7.6923076923076925,61.53846153846153,0,0,True,True,True,True,False,False,False,True,True,False,True,False,False,False,False,False,True,False,False,False,False,False
PWR,Industrials,Engineering & Construction,45.41,2025/06/22,249,100.0,"MA20, MA50, MA200, RSI, MACD, OBV, Trend",69.23076923076923,7.6923076923076925,61.53846153846153,0,0,True,True,True,True,False,True,False,True,False,False,True,False,False,False,False,False,False,False,False,True,False,False
LHX,Industrials,Aerospace & Defense,40.21,2025/06/22,249,100.0,"MA20, MA50, MA200, RSI, MACD, OBV, Trend",69.23076923076923,7.6923076923076925,61.53846153846153,0,0,True,True,True,True,False,True,False,True,False,False,True,False,False,False,False,False,False,False,False,True,False,False
ZS,Technology,Software - Infrastructure,31.09,2025/06/22,249,100.0,"MA20, MA50, MA200, RSI, MACD, OBV, Trend",69.23076923076923,7.6923076923076925,61.53846153846153,0,0,True,True,True,True,False,True,True,False,False,False,True,False,False,False,False,False,False,False,False,True,False,False
SSRM,Basic Materials,Gold,1.63,2025/06/22,249,100.0,"MA20, MA50, MA200, RSI, MACD, OBV, Trend",69.23076923076923,7.6923076923076925,61.53846153846153,1,0,True,True,True,True,False,True,False,True,False,False,True,False,False,False,False,False,False,False,False,True,False,False
AMBP,Consumer Cyclical,Packaging & Containers,1.66,2025/06/22,249,100.0,"MA20, MA50, MA200, RSI, MACD, OBV, Trend",69.23076923076923,7.6923076923076925,61.53846153846153,0,0,True,True,True,True,False,True,False,True,False,False,True,False,False,False,False,False,False,False,False,True,False,False
VRNA,Healthcare,Biotechnology,4.69,2025/06/22,249,100.0,"MA20, MA50, MA200, RSI, MACD, OBV, Trend",69.23076923076923,7.6923076923076925,61.53846153846153,0,0,True,True,True,True,False,False,True,False,True,False,True,False,False,False,False,False,True,False,False,False,False,False
BEN,Financial Services,Asset Management,11.65,2025/06/22,249,100.0,"MA20, MA50, MA200, RSI, MACD, OBV, Trend",69.23076923076923,7.6923076923076925,61.53846153846153,0,0,True,True,True,True,False,False,False,True,True,False,True,False,False,False,False,False,True,False,False,False,False,False
ULTA,Consumer Cyclical,Specialty Retail,19.11,2025/06/22,249,100.0,"MA20, MA50, MA200, RSI, MACD, OBV, Trend",69.23076923076923,7.6923076923076925,61.53846153846153,0,0,True,True,True,True,False,True,False,True,False,False,True,False,False,False,False,False,False,False,False,True,False,False
OI,Consumer Cyclical,Packaging & Containers,1.85,2025/06/22,249,100.0,"MA20, MA50, MA200, RSI, MACD, OBV, Trend",69.23076923076923,7.6923076923076925,61.53846153846153,1,0,True,True,True,True,False,True,False,True,False,False,True,False,False,False,False,False,False,False,False,True,False,False
GLP,Energy,Oil & Gas Midstream,1.83,2025/06/22,249,100.0,"MA20, MA50, MA200, RSI, MACD, OBV, Trend",69.23076923076923,7.6923076923076925,61.53846153846153,0,1,True,True,True,True,False,True,False,True,True,False,False,False,False,False,False,False,False,False,False,False,False,True
TSLX,Financial Services,Asset Management,2.09,2025/06/22,249,100.0,"MA20, MA50, MA200, RSI, MACD, OBV, Trend",69.23076923076923,7.6923076923076925,61.53846153846153,0,0,True,True,True,True,False,True,False,True,False,False,True,False,False,False,False,False,False,False,False,True,False,False
ATI,Industrials,Metal Fabrication,8.24,2025/06/22,249,100.0,"MA20, MA50, MA200, RSI, MACD, OBV, Trend",69.23076923076923,7.6923076923076925,61.53846153846153,1,0,True,True,True,True,False,True,False,True,False,False,True,False,False,False,False,False,False,False,False,True,False,False
NWS,Communication Services,Entertainment,16.62,2025/06/22,249,100.0,"MA20, MA50, MA200, RSI, MACD, OBV, Trend",69.23076923076923,7.6923076923076925,61.53846153846153,1,0,True,True,True,True,False,True,False,True,False,False,True,False,False,False,False,False,False,False,False,True,False,False
THC,Healthcare,Medical Care Facilities,13.4,2025/06/22,249,100.0,"MA20, MA50, MA200, RSI, MACD, OBV, Trend",69.23076923076923,7.6923076923076925,61.53846153846153,1,1,True,True,True,True,False,True,False,True,False,False,True,False,False,False,False,False,False,False,False,True,False,False
FCFS,Financial Services,Credit Services,4.88,2025/06/22,249,100.0,"MA20, MA50, MA200, RSI, MACD, OBV, Trend",69.23076923076923,7.6923076923076925,61.53846153846153,0,0,True,True,True,True,False,False,False,True,True,False,True,False,False,False,False,False,True,False,False,False,False,False
CACC,Financial Services,Credit Services,6.23,2025/06/22,249,100.0,"MA20, MA50, MA200, RSI, MACD, OBV, Trend",69.23076923076923,7.6923076923076925,61.53846153846153,1,0,True,True,True,True,False,False,False,True,True,False,True,False,False,False,False,False,True,False,False,False,False,False
QFIN,Financial Services,Credit Services,6.34,2025/06/22,249,100.0,"MA20, MA50, MA200, RSI, MACD, OBV, Trend",69.23076923076923,7.6923076923076925,61.53846153846153,0,0,True,True,True,True,False,True,False,True,True,False,False,False,False,False,False,False,False,False,False,False,False,True
PUK,Financial Services,Insurance - Life,22.6,2025/06/22,249,100.0,"MA20, MA50, MA200, RSI, MACD, OBV, Trend",69.23076923076923,7.6923076923076925,61.53846153846153,0,1,True,True,True,True,False,True,False,True,False,False,True,False,False,False,False,False,False,False,False,True,False,False
WES,Energy,Oil & Gas Midstream,15.66,2025/06/22,249,100.0,"MA20, MA50, MA200, RSI, MACD, OBV, Trend",69.23076923076923,7.6923076923076925,61.53846153846153,0,0,True,True,True,True,False,False,False,True,True,False,True,False,False,False,False,False,True,False,False,False,False,False
APG,Industrials,Engineering & Construction,10.59,2025/06/22,249,100.0,"MA20, MA50, MA200, RSI, MACD, OBV, Trend",69.23076923076923,7.6923076923076925,61.53846153846153,1,0,True,True,True,True,False,True,False,False,False,True,True,False,False,False,False,False,False,False,False,True,False,False
GFI,Basic Materials,Gold,15.55,2025/06/22,249,100.0,"MA20, MA50, MA200, RSI, MACD, OBV, Trend",69.23076923076923,7.6923076923076925,61.53846153846153,0,0,True,True,True,True,False,True,False,True,False,False,True,False,False,False,False,False,False,False,False,True,False,False
FIX,Industrials,Engineering & Construction,15.55,2025/06/22,249,100.0,"MA20, MA50, MA200, RSI, MACD, OBV, Trend",69.23076923076923,7.6923076923076925,61.53846153846153,1,0,True,True,True,True,False,True,False,True,False,False,True,False,False,False,False,False,False,False,False,True,False,False
PLNT,Consumer Cyclical,Leisure,9.15,2025/06/22,249,100.0,"MA20, MA50, MA200, RSI, MACD, OBV, Trend",69.23076923076923,7.6923076923076925,61.53846153846153,0,0,True,True,True,True,False,True,False,True,True,False,False,False,False,False,False,False,False,False,False,False,False,True
BUD,Consumer Defensive,Beverages - Brewers,97.79,2025/06/22,249,100.0,"MA20, MA50, MA200, RSI, MACD, OBV, Trend",69.23076923076923,7.6923076923076925,61.53846153846153,0,0,True,True,True,True,False,True,False,True,False,False,True,False,False,False,False,False,False,False,False,True,False,False
RCL,Consumer Cyclical,Travel Services,71.69,2025/06/22,249,100.0,"MA20, MA50, MA200, RSI, MACD, OBV, Trend",69.23076923076923,7.6923076923076925,61.53846153846153,0,0,True,True,True,True,False,True,False,True,False,False,True,False,False,False,False,False,False,False,False,True,False,False
CPNG,Consumer Cyclical,Internet Retail,42.29,2025/06/22,249,100.0,"MA20, MA50, MA200, RSI, MACD, OBV, Trend",69.23076923076923,7.6923076923076925,61.53846153846153,0,0,True,True,True,True,False,True,False,True,False,False,True,False,False,False,False,False,False,False,False,True,False,False
NXST,Communication Services,Broadcasting,4.75,2025/06/22,249,100.0,"MA20, MA50, MA200, RSI, MACD, OBV, Trend",69.23076923076923,7.6923076923076925,61.53846153846153,1,0,True,True,True,True,False,True,False,True,False,False,True,False,False,False,False,False,False,False,False,True,False,False
BBU,Industrials,Conglomerates,1.63,2025/06/22,249,100.0,"MA20, MA50, MA200, RSI, MACD, OBV, Trend",69.23076923076923,7.6923076923076925,61.53846153846153,0,0,True,True,True,True,False,True,False,True,False,False,True,False,False,False,False,False,False,False,False,True,False,False
OMF,Financial Services,Credit Services,6.63,2025/06/22,249,100.0,"MA20, MA50, MA200, RSI, MACD, OBV, Trend",69.23076923076923,7.6923076923076925,61.53846153846153,0,0,True,True,True,True,False,True,False,True,False,False,True,False,False,False,False,False,False,False,False,True,False,False
CRBG,Financial Services,Asset Management,19.27,2025/06/22,249,100.0,"MA20, MA50, MA200, RSI, MACD, OBV, Trend",69.23076923076923,7.6923076923076925,61.53846153846153,1,0,True,True,True,True,False,True,False,True,False,False,True,False,False,False,False,False,False,False,False,True,False,False
MAIN,Financial Services,Asset Management,5.46,2025/06/22,249,100.0,"MA20, MA50, MA200, RSI, MACD, OBV, Trend",69.23076923076923,7.6923076923076925,61.53846153846153,0,0,True,True,True,True,False,True,False,True,True,False,False,False,False,False,False,False,False,False,False,False,False,True
ETY,Financial Services,Asset Management,2.41,2025/06/22,249,100.0,"MA20, MA50, MA200, RSI, MACD, OBV, Trend",69.23076923076923,7.6923076923076925,61.53846153846153,0,0,True,True,True,True,False,True,False,True,False,False,True,False,False,False,False,False,False,False,False,True,False,False
WBA,Healthcare,Pharmaceutical Retailers,8.88,2025/06/22,249,100.0,"MA20, MA50, MA200, RSI, MACD, OBV, Trend",69.23076923076923,7.6923076923076925,61.53846153846153,0,0,True,True,True,True,False,True,False,True,False,False,True,False,False,False,False,False,False,False,False,True,False,False
IDXX,Healthcare,Diagnostics & Research,34.56,2025/06/22,249,100.0,"MA20, MA50, MA200, RSI, MACD, OBV, Trend",69.23076923076923,7.6923076923076925,61.53846153846153,1,0,True,True,True,True,False,True,False,True,False,False,True,False,False,False,False,False,False,False,False,True,False,False
HCA,Healthcare,Medical Care Facilities,83.57,2025/06/22,249,100.0,"MA20, MA50, MA200, RSI, MACD, OBV, Trend",69.23076923076923,7.6923076923076925,61.53846153846153,1,0,True,True,True,True,False,True,False,True,False,False,True,False,False,False,False,False,False,False,False,True,False,False
X,Basic Materials,Steel,8.3,2025/06/22,249,100.0,"MA20, MA50, MA200, RSI, MACD, OBV, Trend",69.23076923076923,7.6923076923076925,61.53846153846153,0,0,True,True,True,True,False,True,False,True,False,False,True,False,False,False,False,False,False,False,False,True,False,False
BSBR,Financial Services,Banks - Regional,33.65,2025/06/22,249,100.0,"MA20, MA50, MA200, RSI, MACD, OBV, Trend",69.23076923076923,7.6923076923076925,61.53846153846153,0,0,True,True,True,True,False,False,False,True,True,False,True,False,False,False,False,False,True,False,False,False,False,False
EQNR,Energy,Oil & Gas Integrated,65.3,2025/06/22,249,100.0,"MA20, MA50, MA200, RSI, MACD, OBV, Trend",69.23076923076923,7.6923076923076925,61.53846153846153,0,0,True,True,True,True,False,True,False,False,True,True,False,False,False,False,False,False,False,False,False,False,False,True
O,Real Estate,REIT - Retail,47.82,2025/06/22,249,100.0,"MA20, MA50, MA200, RSI, MACD, OBV, Trend",69.23076923076923,7.6923076923076925,61.53846153846153,0,1,True,True,True,True,False,True,False,True,True,False,False,False,False,False,False,False,False,False,False,False,False,True
FSK,Financial Services,Asset Management,6.55,2025/06/22,249,100.0,"MA20, MA50, MA200, RSI, MACD, OBV, Trend",69.23076923076923,7.6923076923076925,61.53846153846153,0,0,True,True,True,True,False,True,False,True,False,False,True,False,False,False,False,False,False,False,False,True,False,False
PAAS,Basic Materials,Gold,8.44,2025/06/22,249,100.0,"MA20, MA50, MA200, RSI, MACD, OBV, Trend",69.23076923076923,7.6923076923076925,61.53846153846153,0,0,True,True,True,True,False,False,False,True,True,False,True,False,False,False,False,False,True,False,False,False,False,False
ASND,Healthcare,Biotechnology,7.81,2025/06/22,249,100.0,"MA20, MA50, MA200, RSI, MACD, OBV, Trend",69.23076923076923,7.6923076923076925,61.53846153846153,0,0,True,True,True,True,False,True,False,True,True,False,False,False,False,False,False,False,False,False,False,False,False,True
WMB,Energy,Oil & Gas Midstream,67.57,2025/06/22,249,100.0,"MA20, MA50, MA200, RSI, MACD, OBV, Trend",69.23076923076923,7.6923076923076925,61.53846153846153,0,0,True,True,True,True,False,True,False,True,False,False,True,False,False,False,False,False,False,False,False,True,False,False
AIG,Financial Services,Insurance - Diversified,45.95,2025/06/22,249,100.0,"MA20, MA50, MA200, RSI, MACD, OBV, Trend",69.23076923076923,7.6923076923076925,61.53846153846153,1,0,True,True,True,True,False,True,False,True,False,False,True,False,False,False,False,False,False,False,False,True,False,False
PTGX,Healthcare,Biotechnology,2.25,2025/06/22,249,100.0,"MA20, MA50, MA200, RSI, MACD, OBV, Trend",69.23076923076923,7.6923076923076925,61.53846153846153,0,1,True,True,True,True,False,True,False,True,False,False,True,False,False,False,False,False,False,False,False,True,False,False
EPR,Real Estate,REIT - Specialty,3.49,2025/06/22,249,100.0,"MA20, MA50, MA200, RSI, MACD, OBV, Trend",69.23076923076923,7.6923076923076925,61.53846153846153,1,0,True,True,True,True,False,True,True,False,False,False,True,False,False,False,False,False,False,False,False,True,False,False
COF,Financial Services,Credit Services,77.66,2025/06/22,249,100.0,"MA20, MA50, MA200, RSI, MACD, OBV, Trend",69.23076923076923,7.6923076923076925,61.53846153846153,0,0,True,True,True,True,False,True,False,True,False,False,True,False,False,False,False,False,False,False,False,True,False,False
GB,Technology,Software - Infrastructure,1.39,2025/06/22,249,100.0,"MA20, MA50, MA200, RSI, MACD, OBV, Trend",69.23076923076923,7.6923076923076925,61.53846153846153,0,0,True,True,True,True,False,False,False,True,True,False,True,False,False,False,False,False,True,False,False,False,False,False
WLYB,Communication Services,Publishing,2.2,2025/06/22,249,100.0,"MA20, MA50, MA200, RSI, MACD, OBV, Trend",73.07692307692307,11.538461538461538,61.538461538461526,3,1,True,True,True,False,True,True,True,False,True,False,True,False,False,False,True,False,False,False,False,False,False,False
NOC,Industrials,Aerospace & Defense,70.54,2025/06/22,249,100.0,"MA20, MA50, MA200, RSI, MACD, OBV, Trend",73.07692307692307,11.538461538461538,61.538461538461526,1,0,True,True,True,False,False,True,True,True,True,False,True,False,False,False,True,False,False,False,False,False,False,False
SKM,Communication Services,Telecom Services,8.18,2025/06/22,249,100.0,"MA20, MA50, MA200, RSI, MACD, OBV, Trend",73.07692307692307,11.538461538461538,61.538461538461526,0,0,True,True,True,False,False,True,False,True,True,True,True,False,False,False,True,False,False,False,False,False,False,False
SATS,Technology,Communication Equipment,7.91,2025/06/22,249,100.0,"MA20, MA50, MA200, RSI, MACD, OBV, Trend",73.07692307692307,11.538461538461538,61.538461538461526,1,0,True,True,True,False,False,True,False,True,True,True,True,False,False,False,True,False,False,False,False,False,False,False
VITL,Consumer Defensive,Farm Products,1.92,2025/06/22,249,100.0,"MA20, MA50, MA200, RSI, MACD, OBV, Trend",73.07692307692307,11.538461538461538,61.538461538461526,0,0,True,True,True,False,False,True,False,True,True,True,True,False,False,False,True,False,False,False,False,False,False,False
EVRG,Utilities,Utilities - Regulated Electric,14.78,2025/06/22,249,100.0,"MA20, MA50, MA200, RSI, MACD, OBV, Trend",65.38461538461539,7.6923076923076925,57.69230769230769,1,0,True,True,True,False,False,False,True,True,True,False,True,False,False,False,False,False,True,False,False,False,False,False
GSAT,Communication Services,Telecom Services,2.9,2025/06/22,249,100.0,"MA20, MA50, MA200, RSI, MACD, OBV, Trend",65.38461538461539,7.6923076923076925,57.69230769230769,0,0,True,True,True,False,False,False,True,False,True,True,True,False,False,False,False,False,True,False,False,False,False,False
VSAT,Technology,Communication Equipment,1.24,2025/06/22,249,100.0,"MA20, MA50, MA200, RSI, MACD, OBV, Trend",65.38461538461539,7.6923076923076925,57.69230769230769,2,0,True,True,True,False,True,False,False,False,True,True,True,False,False,False,False,False,True,False,False,False,False,False
CSQ,Financial Services,Asset Management,2.94,2025/06/22,249,100.0,"MA20, MA50, MA200, RSI, MACD, OBV, Trend",65.38461538461539,7.6923076923076925,57.69230769230769,0,0,True,True,True,False,False,True,True,True,False,False,True,False,False,False,False,False,False,False,False,True,False,False
NVDA,Technology,Semiconductors,3052.68,2025/06/22,249,100.0,"MA20, MA50, MA200, RSI, MACD, OBV, Trend",65.38461538461539,7.6923076923076925,57.69230769230769,0,0,True,True,True,False,False,True,False,True,False,True,True,False,False,False,False,False,False,False,False,True,False,False
MGY,Energy,Oil & Gas E&P,4.66,2025/06/22,249,100.0,"MA20, MA50, MA200, RSI, MACD, OBV, Trend",65.38461538461539,7.6923076923076925,57.69230769230769,1,0,True,True,True,False,False,True,False,True,True,True,False,False,False,False,False,False,False,False,False,False,False,True
BG,Consumer Defensive,Farm Products,10.63,2025/06/22,249,100.0,"MA20, MA50, MA200, RSI, MACD, OBV, Trend",65.38461538461539,7.6923076923076925,57.69230769230769,1,0,True,True,True,False,False,True,False,True,True,True,False,False,False,False,False,False,False,False,False,False,False,True
VNO,Real Estate,REIT - Office,8.98,2025/06/22,249,100.0,"MA20, MA50, MA200, RSI, MACD, OBV, Trend",65.38461538461539,7.6923076923076925,57.69230769230769,0,0,True,True,True,False,False,True,True,True,False,False,True,False,False,False,False,False,False,False,False,True,False,False
SNV,Financial Services,Banks - Regional,7.96,2025/06/22,249,100.0,"MA20, MA50, MA200, RSI, MACD, OBV, Trend",65.38461538461539,7.6923076923076925,57.69230769230769,1,0,True,True,True,False,False,True,True,True,False,False,True,False,False,False,False,False,False,False,False,True,False,False
SO,Utilities,Utilities - Regulated Electric,91.98,2025/06/22,249,100.0,"MA20, MA50, MA200, RSI, MACD, OBV, Trend",65.38461538461539,7.6923076923076925,57.69230769230769,0,0,True,True,True,False,False,True,True,True,False,False,True,False,False,False,False,False,False,False,False,True,False,False
RRR,Consumer Cyclical,Resorts & Casinos,5.03,2025/06/22,249,100.0,"MA20, MA50, MA200, RSI, MACD, OBV, Trend",65.38461538461539,7.6923076923076925,57.69230769230769,0,0,True,True,True,False,False,True,False,True,False,True,True,False,False,False,False,False,False,False,False,True,False,False
ADNT,Consumer Cyclical,Auto Parts,1.53,2025/06/22,249,100.0,"MA20, MA50, MA200, RSI, MACD, OBV, Trend",65.38461538461539,7.6923076923076925,57.69230769230769,1,0,True,True,True,False,False,False,True,False,True,True,True,False,False,False,False,False,True,False,False,False,False,False
VRT,Industrials,Electrical Equipment & Parts,43.92,2025/06/22,249,100.0,"MA20, MA50, MA200, RSI, MACD, OBV, Trend",65.38461538461539,7.6923076923076925,57.69230769230769,0,0,True,True,True,False,False,True,False,True,False,True,True,False,False,False,False,False,False,False,False,True,False,False
BIGZ,Financial Services,Asset Management,1.75,2025/06/22,249,100.0,"MA20, MA50, MA200, RSI, MACD, OBV, Trend",65.38461538461539,7.6923076923076925,57.69230769230769,0,0,True,True,True,False,False,True,False,True,False,True,True,False,False,False,False,False,False,False,False,True,False,False
TRMB,Technology,Scientific & Technical Instruments,18.42,2025/06/22,249,100.0,"MA20, MA50, MA200, RSI, MACD, OBV, Trend",65.38461538461539,7.6923076923076925,57.69230769230769,1,0,True,True,True,False,False,True,True,True,False,False,True,False,False,False,False,False,False,False,False,True,False,False
NMIH,Financial Services,Insurance - Specialty,3.06,2025/06/22,249,100.0,"MA20, MA50, MA200, RSI, MACD, OBV, Trend",65.38461538461539,7.6923076923076925,57.69230769230769,0,0,True,True,True,False,False,True,True,True,False,False,True,False,False,False,False,False,False,False,False,True,False,False
OVV,Energy,Oil & Gas E&P,11.42,2025/06/22,249,100.0,"MA20, MA50, MA200, RSI, MACD, OBV, Trend",65.38461538461539,7.6923076923076925,57.69230769230769,0,0,True,True,True,False,False,False,False,True,True,True,True,False,False,False,False,False,True,False,False,False,False,False
PRM,Basic Materials,Specialty Chemicals,1.83,2025/06/22,249,100.0,"MA20, MA50, MA200, RSI, MACD, OBV, Trend",65.38461538461539,7.6923076923076925,57.69230769230769,1,0,True,True,True,False,False,True,True,True,False,False,True,False,False,False,False,False,False,False,False,True,False,False
AIR,Industrials,Aerospace & Defense,2.47,2025/06/22,249,100.0,"MA20, MA50, MA200, RSI, MACD, OBV, Trend",65.38461538461539,7.6923076923076925,57.69230769230769,1,0,True,True,True,False,False,True,False,True,False,True,True,False,False,False,False,False,False,False,False,True,False,False
EWBC,Financial Services,Banks - Regional,14.25,2025/06/22,249,100.0,"MA20, MA50, MA200, RSI, MACD, OBV, Trend",65.38461538461539,7.6923076923076925,57.69230769230769,1,0,True,True,True,False,False,True,True,True,False,False,True,False,False,False,False,False,False,False,False,True,False,False
CBRE,Real Estate,Real Estate Services,44.29,2025/06/22,249,100.0,"MA20, MA50, MA200, RSI, MACD, OBV, Trend",65.38461538461539,7.6923076923076925,57.69230769230769,0,0,True,True,True,False,False,False,True,True,True,False,True,False,False,False,False,False,True,False,False,False,False,False
CUZ,Real Estate,REIT - Office,5.12,2025/06/22,249,100.0,"MA20, MA50, MA200, RSI, MACD, OBV, Trend",65.38461538461539,7.6923076923076925,57.69230769230769,0,0,True,True,True,False,False,False,True,True,True,False,True,False,False,False,False,False,True,False,False,False,False,False
FTDR,Consumer Cyclical,Personal Services,4.7,2025/06/22,249,100.0,"MA20, MA50, MA200, RSI, MACD, OBV, Trend",65.38461538461539,7.6923076923076925,57.69230769230769,1,0,True,True,True,False,False,True,True,True,False,False,True,False,False,False,False,False,False,False,False,True,False,False
CG,Financial Services,Asset Management,20.14,2025/06/22,249,100.0,"MA20, MA50, MA200, RSI, MACD, OBV, Trend",65.38461538461539,7.6923076923076925,57.69230769230769,1,0,True,True,True,False,False,True,True,True,False,False,True,False,False,False,False,False,False,False,False,True,False,False
NAC,Financial Services,Asset Management,1.64,2025/06/22,249,100.0,"MA20, MA50, MA200, RSI, MACD, OBV, Trend",65.38461538461539,7.6923076923076925,57.69230769230769,0,0,True,True,True,False,False,False,False,True,True,True,True,False,False,False,False,False,True,False,False,False,False,False
WDS,Energy,Oil & Gas E&P,29.16,2025/06/22,249,100.0,"MA20, MA50, MA200, RSI, MACD, OBV, Trend",65.38461538461539,7.6923076923076925,57.69230769230769,1,2,True,True,True,False,False,True,False,False,True,True,True,False,False,False,False,True,False,False,False,False,False,False
VAL,Energy,Oil & Gas Equipment & Services,3.41,2025/06/22,249,100.0,"MA20, MA50, MA200, RSI, MACD, OBV, Trend",65.38461538461539,7.6923076923076925,57.69230769230769,0,0,True,True,True,False,False,False,False,True,True,True,True,False,False,False,False,False,True,False,False,False,False,False
FSS,Industrials,Pollution & Treatment Controls,6.01,2025/06/22,249,100.0,"MA20, MA50, MA200, RSI, MACD, OBV, Trend",65.38461538461539,7.6923076923076925,57.69230769230769,0,0,True,True,True,False,False,True,False,True,False,True,True,False,False,False,False,False,False,False,False,True,False,False
MODG,Consumer Cyclical,Leisure,1.44,2025/06/22,249,100.0,"MA20, MA50, MA200, RSI, MACD, OBV, Trend",65.38461538461539,7.6923076923076925,57.69230769230769,0,0,True,True,True,False,False,False,False,True,True,True,True,False,False,False,False,False,True,False,False,False,False,False
DELL,Technology,Computer Hardware,72.28,2025/06/22,249,100.0,"MA20, MA50, MA200, RSI, MACD, OBV, Trend",65.38461538461539,7.6923076923076925,57.69230769230769,0,0,True,True,True,False,False,True,False,True,False,True,True,False,False,False,False,False,False,False,False,True,False,False
GXO,Industrials,Integrated Freight & Logistics,5.43,2025/06/22,249,100.0,"MA20, MA50, MA200, RSI, MACD, OBV, Trend",57.692307692307686,0.0,57.692307692307686,1,0,True,True,True,False,False,True,False,False,True,False,True,False,False,False,False,False,False,False,False,False,False,False
TX,Basic Materials,Steel,5.89,2025/06/22,249,100.0,"MA20, MA50, MA200, RSI, MACD, OBV, Trend",69.23076923076923,11.538461538461538,57.692307692307686,2,0,True,True,False,False,True,True,False,True,True,True,True,False,False,True,False,False,False,False,False,False,False,False
LILAK,Communication Services,Telecom Services,1.21,2025/06/22,249,100.0,"MA20, MA50, MA200, RSI, MACD, OBV, Trend",69.23076923076923,11.538461538461538,57.692307692307686,2,0,True,True,False,False,True,True,False,True,True,True,True,False,False,True,False,False,False,False,False,False,False,False
OXY,Energy,Oil & Gas E&P,43.77,2025/06/22,249,100.0,"MA20, MA50, MA200, RSI, MACD, OBV, Trend",69.23076923076923,11.538461538461538,57.692307692307686,2,1,True,True,False,False,True,True,False,True,True,True,True,False,False,True,False,False,False,False,False,False,False,False
MDT,Healthcare,Medical Devices,116.46,2025/06/22,249,100.0,"MA20, MA50, MA200, RSI, MACD, OBV, Trend",69.23076923076923,11.538461538461538,57.692307692307686,0,0,True,True,False,False,False,True,True,True,True,True,True,False,False,True,False,False,False,False,False,False,False,False
CCJ,Energy,Uranium,22.01,2025/06/22,249,100.0,"MA20, MA50, MA200, RSI, MACD, OBV, Trend",61.53846153846154,7.6923076923076925,53.84615384615385,1,0,True,True,True,True,False,False,False,False,True,False,True,False,False,False,False,False,True,False,False,False,False,False
APH,Technology,Electronic Components,85.33,2025/06/22,249,100.0,"MA20, MA50, MA200, RSI, MACD, OBV, Trend",61.53846153846154,7.6923076923076925,53.84615384615385,0,0,True,True,True,True,False,True,False,False,False,False,True,False,False,False,False,False,False,False,False,True,False,False
AVGO,Technology,Semiconductors,1037.17,2025/06/22,249,100.0,"MA20, MA50, MA200, RSI, MACD, OBV, Trend",69.23076923076923,15.384615384615385,53.84615384615384,0,0,True,True,True,True,False,False,True,True,False,False,True,False,False,False,False,False,True,False,False,True,False,False
RKLB,Industrials,Aerospace & Defense,13.04,2025/06/22,249,100.0,"MA20, MA50, MA200, RSI, MACD, OBV, Trend",69.23076923076923,15.384615384615385,53.84615384615384,1,0,True,True,True,True,False,False,True,True,False,False,True,False,False,False,False,False,True,False,False,True,False,False
GLNG,Energy,Oil & Gas Midstream,4.25,2025/06/22,249,100.0,"MA20, MA50, MA200, RSI, MACD, OBV, Trend",69.23076923076923,15.384615384615385,53.84615384615384,0,0,True,True,True,True,False,False,False,True,False,True,True,False,False,False,False,False,True,False,False,True,False,False
GEV,Utilities,Utilities - Renewable,102.79,2025/06/22,249,100.0,"MA20, MA50, MA200, RSI, MACD, OBV, Trend",69.23076923076923,15.384615384615385,53.84615384615384,0,0,True,True,True,True,False,False,True,True,False,False,True,False,False,False,False,False,True,False,False,True,False,False
TD,Financial Services,Banks - Diversified,100.1,2025/06/22,249,100.0,"MA20, MA50, MA200, RSI, MACD, OBV, Trend",69.23076923076923,15.384615384615385,53.84615384615384,0,0,True,True,True,True,False,False,True,False,False,True,True,False,False,False,False,False,True,False,False,True,False,False
SCHW,Financial Services,Capital Markets,151.42,2025/06/22,249,100.0,"MA20, MA50, MA200, RSI, MACD, OBV, Trend",69.23076923076923,15.384615384615385,53.84615384615384,0,0,True,True,True,True,False,True,False,True,False,True,False,False,False,False,False,False,False,False,False,True,False,True
NFLX,Communication Services,Entertainment,417.82,2025/06/22,249,100.0,"MA20, MA50, MA200, RSI, MACD, OBV, Trend",69.23076923076923,15.384615384615385,53.84615384615384,0,0,True,True,True,True,False,False,True,True,False,False,True,False,False,False,False,False,True,False,False,True,False,False
VSEC,Industrials,Aerospace & Defense,2.09,2025/06/22,249,100.0,"MA20, MA50, MA200, RSI, MACD, OBV, Trend",69.23076923076923,15.384615384615385,53.84615384615384,0,0,True,True,True,True,False,False,True,True,False,False,True,False,False,False,False,False,True,False,False,True,False,False
KGC,Basic Materials,Gold,14.18,2025/06/22,249,100.0,"MA20, MA50, MA200, RSI, MACD, OBV, Trend",69.23076923076923,15.384615384615385,53.84615384615384,0,0,True,True,True,True,False,True,True,True,False,False,False,False,False,False,False,False,False,False,False,True,False,True
AGNCN,Real Estate,REIT - Mortgage,8.8,2025/06/22,249,100.0,"MA20, MA50, MA200, RSI, MACD, OBV, Trend",69.23076923076923,15.384615384615385,53.84615384615384,0,0,True,True,True,True,False,True,False,True,True,False,False,False,False,False,False,False,False,True,False,False,False,True
MTZ,Industrials,Engineering & Construction,11.5,2025/06/22,249,100.0,"MA20, MA50, MA200, RSI, MACD, OBV, Trend",69.23076923076923,15.384615384615385,53.84615384615384,0,1,True,True,True,True,False,True,False,True,False,True,False,False,False,False,False,False,False,False,False,True,False,True
PLYA,Consumer Cyclical,Resorts & Casinos,1.49,2025/06/22,249,100.0,"MA20, MA50, MA200, RSI, MACD, OBV, Trend",69.23076923076923,15.384615384615385,53.84615384615384,0,0,True,True,True,True,False,False,True,True,False,False,True,False,False,False,False,False,True,False,False,True,False,False
FTF,Financial Services,Asset Management,1.89,2025/06/22,249,100.0,"MA20, MA50, MA200, RSI, MACD, OBV, Trend",69.23076923076923,15.384615384615385,53.84615384615384,0,0,True,True,True,True,False,False,True,True,False,False,True,False,False,False,False,False,True,False,False,True,False,False
HOOD,Financial Services,Capital Markets,45.92,2025/06/22,249,100.0,"MA20, MA50, MA200, RSI, MACD, OBV, Trend",69.23076923076923,15.384615384615385,53.84615384615384,0,0,True,True,True,True,False,False,True,False,False,True,True,False,False,False,False,False,True,False,False,True,False,False
CCEP,Consumer Defensive,Beverages - Non-Alcoholic,36.21,2025/06/22,249,100.0,"MA20, MA50, MA200, RSI, MACD, OBV, Trend",69.23076923076923,15.384615384615385,53.84615384615384,0,0,True,True,True,True,False,True,False,True,False,True,False,False,False,False,False,False,False,False,False,True,False,True
CRS,Industrials,Metal Fabrication,9.65,2025/06/22,249,100.0,"MA20, MA50, MA200, RSI, MACD, OBV, Trend",69.23076923076923,15.384615384615385,53.84615384615384,0,0,True,True,True,True,False,False,True,True,False,False,True,False,False,False,False,False,True,False,False,True,False,False
BNT,Financial Services,Insurance - Diversified,10.73,2025/06/22,249,100.0,"MA20, MA50, MA200, RSI, MACD, OBV, Trend",69.23076923076923,15.384615384615385,53.84615384615384,0,1,True,True,True,True,False,True,True,True,False,False,False,False,False,False,False,False,False,False,False,True,False,True
VOD,Communication Services,Telecom Services,21.73,2025/06/22,249,100.0,"MA20, MA50, MA200, RSI, MACD, OBV, Trend",69.23076923076923,15.384615384615385,53.84615384615384,1,0,True,True,True,True,False,True,False,True,False,True,False,False,False,False,False,False,False,False,False,True,False,True
AER,Industrials,Rental & Leasing Services,18.14,2025/06/22,249,100.0,"MA20, MA50, MA200, RSI, MACD, OBV, Trend",69.23076923076923,15.384615384615385,53.84615384615384,0,0,True,True,True,True,False,False,True,True,False,False,True,False,False,False,False,False,True,False,False,True,False,False
BBDO,Financial Services,Banks - Regional,20.18,2025/06/22,249,100.0,"MA20, MA50, MA200, RSI, MACD, OBV, Trend",69.23076923076923,15.384615384615385,53.84615384615384,0,0,True,True,True,True,False,False,False,True,True,True,False,False,False,False,False,False,True,False,False,False,False,True
AKRO,Healthcare,Biotechnology,4.12,2025/06/22,249,100.0,"MA20, MA50, MA200, RSI, MACD, OBV, Trend",69.23076923076923,15.384615384615385,53.84615384615384,0,0,True,True,True,True,False,False,True,True,False,False,True,False,False,False,False,False,True,False,False,True,False,False
IDCC,Technology,Software - Application,4.64,2025/06/22,249,100.0,"MA20, MA50, MA200, RSI, MACD, OBV, Trend",69.23076923076923,15.384615384615385,53.84615384615384,0,0,True,True,True,True,False,False,True,True,False,False,True,False,False,False,False,False,True,False,False,True,False,False
BECN,Industrials,Industrial Distribution,7.32,2025/06/22,213,100.0,"MA20, MA50, MA200, RSI, MACD, OBV, Trend",69.23076923076923,15.384615384615385,53.84615384615384,0,1,True,True,True,True,False,True,False,True,False,True,False,False,False,False,False,False,False,False,False,True,False,True
IFS,Financial Services,Banks - Regional,3.41,2025/06/22,249,100.0,"MA20, MA50, MA200, RSI, MACD, OBV, Trend",69.23076923076923,15.384615384615385,53.84615384615384,1,0,True,True,True,True,False,False,True,True,False,False,True,False,False,False,False,False,True,False,False,True,False,False
STWD,Real Estate,REIT - Mortgage,6.71,2025/06/22,249,100.0,"MA20, MA50, MA200, RSI, MACD, OBV, Trend",69.23076923076923,15.384615384615385,53.84615384615384,0,0,True,True,True,True,False,False,True,True,False,False,True,False,False,False,False,False,True,False,False,True,False,False
SAND,Basic Materials,Gold,1.74,2025/06/22,249,100.0,"MA20, MA50, MA200, RSI, MACD, OBV, Trend",69.23076923076923,15.384615384615385,53.84615384615384,0,0,True,True,True,True,False,True,True,True,False,False,False,False,False,False,False,False,False,False,False,True,False,True
NTCT,Technology,Software - Infrastructure,1.71,2025/06/22,249,100.0,"MA20, MA50, MA200, RSI, MACD, OBV, Trend",69.23076923076923,15.384615384615385,53.84615384615384,0,1,True,True,True,True,False,True,False,True,False,True,False,False,False,False,False,False,False,False,False,True,False,True
WWD,Industrials,Aerospace & Defense,11.0,2025/06/22,249,100.0,"MA20, MA50, MA200, RSI, MACD, OBV, Trend",69.23076923076923,15.384615384615385,53.84615384615384,0,0,True,True,True,True,False,False,True,False,False,True,True,False,False,False,False,False,True,False,False,True,False,False
AEM,Basic Materials,Gold,47.62,2025/06/22,249,100.0,"MA20, MA50, MA200, RSI, MACD, OBV, Trend",69.23076923076923,15.384615384615385,53.84615384615384,0,0,True,True,True,True,False,False,True,True,True,False,False,False,False,False,False,False,True,False,False,False,False,True
HWM,Industrials,Aerospace & Defense,51.42,2025/06/22,249,100.0,"MA20, MA50, MA200, RSI, MACD, OBV, Trend",69.23076923076923,15.384615384615385,53.84615384615384,0,0,True,True,True,True,False,False,True,True,False,False,True,False,False,False,False,False,True,False,False,True,False,False
BTG,Basic Materials,Gold,3.23,2025/06/22,249,100.0,"MA20, MA50, MA200, RSI, MACD, OBV, Trend",69.23076923076923,15.384615384615385,53.84615384615384,0,0,True,True,True,True,False,True,True,True,False,False,False,False,False,False,False,False,False,False,False,True,False,True
CIB,Financial Services,Banks - Regional,9.63,2025/06/22,249,100.0,"MA20, MA50, MA200, RSI, MACD, OBV, Trend",69.23076923076923,15.384615384615385,53.84615384615384,0,0,True,True,True,True,False,False,True,True,False,False,True,False,False,False,False,False,True,False,False,True,False,False
MRCY,Industrials,Aerospace & Defense,2.49,2025/06/22,249,100.0,"MA20, MA50, MA200, RSI, MACD, OBV, Trend",69.23076923076923,15.384615384615385,53.84615384615384,0,0,True,True,True,True,False,True,True,True,False,False,False,False,False,False,False,False,False,False,False,True,False,True
IRTC,Healthcare,Medical Devices,3.41,2025/06/22,249,100.0,"MA20, MA50, MA200, RSI, MACD, OBV, Trend",69.23076923076923,15.384615384615385,53.84615384615384,0,0,True,True,True,True,False,False,True,True,False,False,True,False,False,False,False,False,True,False,False,True,False,False
PDI,Financial Services,Asset Management,6.76,2025/06/22,249,100.0,"MA20, MA50, MA200, RSI, MACD, OBV, Trend",69.23076923076923,15.384615384615385,53.84615384615384,0,0,True,True,True,True,False,False,True,True,False,False,True,False,False,False,False,False,True,False,False,True,False,False
MKL,Financial Services,Insurance - Property & Casualty,23.52,2025/06/22,249,100.0,"MA20, MA50, MA200, RSI, MACD, OBV, Trend",69.23076923076923,15.384615384615385,53.84615384615384,0,0,True,True,True,True,False,False,True,True,False,False,True,False,False,False,False,False,True,False,False,True,False,False
ATEN,Technology,Software - Infrastructure,1.45,2025/06/22,249,100.0,"MA20, MA50, MA200, RSI, MACD, OBV, Trend",69.23076923076923,15.384615384615385,53.84615384615384,0,1,True,True,True,True,False,True,True,True,False,False,False,False,False,False,False,False,False,False,False,True,False,True
STNE,Technology,Software - Infrastructure,2.72,2025/06/22,249,100.0,"MA20, MA50, MA200, RSI, MACD, OBV, Trend",69.23076923076923,15.384615384615385,53.84615384615384,0,1,True,True,True,True,False,False,False,True,True,True,False,False,False,False,False,False,True,False,False,False,False,True
CM,Financial Services,Banks - Diversified,60.46,2025/06/22,249,100.0,"MA20, MA50, MA200, RSI, MACD, OBV, Trend",69.23076923076923,15.384615384615385,53.84615384615384,0,0,True,True,True,True,False,True,True,True,False,False,False,False,False,False,False,False,False,False,False,True,False,True
GDV,Financial Services,Asset Management,2.23,2025/06/22,249,100.0,"MA20, MA50, MA200, RSI, MACD, OBV, Trend",69.23076923076923,15.384615384615385,53.84615384615384,0,0,True,True,True,True,False,False,True,True,False,False,True,False,False,False,False,False,True,False,False,True,False,False
HESM,Energy,Oil & Gas Midstream,8.83,2025/06/22,249,100.0,"MA20, MA50, MA200, RSI, MACD, OBV, Trend",69.23076923076923,15.384615384615385,53.84615384615384,0,1,True,True,True,True,False,True,False,True,False,True,False,False,False,False,False,False,False,False,False,True,False,True
FUTU,Financial Services,Capital Markets,13.33,2025/06/22,249,100.0,"MA20, MA50, MA200, RSI, MACD, OBV, Trend",69.23076923076923,15.384615384615385,53.84615384615384,0,0,True,True,True,True,False,False,True,True,True,False,False,False,False,False,False,False,True,False,False,False,False,True
BAP,Financial Services,Banks - Regional,14.54,2025/06/22,249,100.0,"MA20, MA50, MA200, RSI, MACD, OBV, Trend",69.23076923076923,15.384615384615385,53.84615384615384,0,0,True,True,True,True,False,False,True,True,False,False,True,False,False,False,False,False,True,False,False,True,False,False
MIR,Industrials,Specialty Industrial Machinery,3.68,2025/06/22,249,100.0,"MA20, MA50, MA200, RSI, MACD, OBV, Trend",69.23076923076923,15.384615384615385,53.84615384615384,0,0,True,True,True,True,False,False,True,True,False,False,True,False,False,False,False,False,True,False,False,True,False,False
BHF,Financial Services,Insurance - Life,3.66,2025/06/22,249,100.0,"MA20, MA50, MA200, RSI, MACD, OBV, Trend",69.23076923076923,15.384615384615385,53.84615384615384,0,0,True,True,True,True,False,True,True,True,False,False,False,False,False,False,False,False,False,False,False,True,False,True
KNSA,Healthcare,Drug Manufacturers - Specialty & Generic,1.42,2025/06/22,249,100.0,"MA20, MA50, MA200, RSI, MACD, OBV, Trend",69.23076923076923,15.384615384615385,53.84615384615384,0,1,True,True,True,True,False,False,True,True,False,False,True,False,False,False,False,False,True,False,False,True,False,False
ICE,Financial Services,Financial Data & Stock Exchanges,91.77,2025/06/22,249,100.0,"MA20, MA50, MA200, RSI, MACD, OBV, Trend",69.23076923076923,15.384615384615385,53.84615384615384,0,0,True,True,True,True,False,True,False,True,False,True,False,False,False,False,False,False,False,False,False,True,False,True
FSM,Basic Materials,Gold,1.59,2025/06/22,249,100.0,"MA20, MA50, MA200, RSI, MACD, OBV, Trend",69.23076923076923,15.384615384615385,53.84615384615384,0,0,True,True,True,True,False,False,True,True,False,False,True,False,False,False,False,False,True,False,False,True,False,False
RMD,Healthcare,Medical Instruments & Supplies,34.69,2025/06/22,249,100.0,"MA20, MA50, MA200, RSI, MACD, OBV, Trend",69.23076923076923,15.384615384615385,53.84615384615384,0,0,True,True,True,True,False,False,True,True,False,False,True,False,False,False,False,False,True,False,False,True,False,False
DNOW,Industrials,Industrial Distribution,1.57,2025/06/22,249,100.0,"MA20, MA50, MA200, RSI, MACD, OBV, Trend",61.53846153846154,11.538461538461538,50.0,1,0,True,False,True,False,False,True,False,True,True,True,True,False,True,False,False,False,False,False,False,False,False,False
SM,Energy,Oil & Gas E&P,4.34,2025/06/22,249,100.0,"MA20, MA50, MA200, RSI, MACD, OBV, Trend",61.53846153846154,11.538461538461538,50.0,0,0,True,True,False,False,False,True,False,True,True,True,True,False,False,True,False,False,False,False,False,False,False,False
NUE,Basic Materials,Steel,30.16,2025/06/22,249,100.0,"MA20, MA50, MA200, RSI, MACD, OBV, Trend",61.53846153846154,11.538461538461538,50.0,0,0,True,True,False,False,False,True,False,True,True,True,True,False,False,True,False,False,False,False,False,False,False,False
CMRE,Industrials,Marine Shipping,1.41,2025/06/22,249,100.0,"MA20, MA50, MA200, RSI, MACD, OBV, Trend",61.53846153846154,11.538461538461538,50.0,0,0,True,True,False,False,False,True,False,True,True,True,True,False,False,True,False,False,False,False,False,False,False,False
APO,Financial Services,Asset Management,97.18,2025/06/22,249,100.0,"MA20, MA50, MA200, RSI, MACD, OBV, Trend",61.53846153846154,11.538461538461538,50.0,0,0,True,True,False,False,False,True,True,True,True,False,True,False,False,True,False,False,False,False,False,False,False,False
ORI,Financial Services,Insurance - Property & Casualty,9.28,2025/06/22,249,100.0,"MA20, MA50, MA200, RSI, MACD, OBV, Trend",61.53846153846154,11.538461538461538,50.0,0,0,True,False,True,False,False,True,True,True,True,False,True,False,True,False,False,False,False,False,False,False,False,False
GKOS,Healthcare,Medical Devices,8.7,2025/06/22,249,100.0,"MA20, MA50, MA200, RSI, MACD, OBV, Trend",61.53846153846154,11.538461538461538,50.0,1,0,True,True,False,False,False,True,False,True,True,True,True,False,False,True,False,False,False,False,False,False,False,False
PENN,Consumer Cyclical,Resorts & Casinos,3.14,2025/06/22,249,100.0,"MA20, MA50, MA200, RSI, MACD, OBV, Trend",61.53846153846154,11.538461538461538,50.0,0,0,True,True,False,False,False,True,False,True,True,True,True,False,False,True,False,False,False,False,False,False,False,False
HAL,Energy,Oil & Gas Equipment & Services,22.86,2025/06/22,249,100.0,"MA20, MA50, MA200, RSI, MACD, OBV, Trend",61.53846153846154,11.538461538461538,50.0,0,0,True,True,False,False,False,True,False,True,True,True,True,False,False,True,False,False,False,False,False,False,False,False
CIVI,Energy,Oil & Gas E&P,4.9,2025/06/22,249,100.0,"MA20, MA50, MA200, RSI, MACD, OBV, Trend",61.53846153846154,11.538461538461538,50.0,1,0,True,True,False,False,False,True,False,True,True,True,True,False,False,True,False,False,False,False,False,False,False,False
NOV,Energy,Oil & Gas Equipment & Services,5.62,2025/06/22,249,100.0,"MA20, MA50, MA200, RSI, MACD, OBV, Trend",61.53846153846154,11.538461538461538,50.0,0,0,True,True,False,False,False,True,False,True,True,True,True,False,False,True,False,False,False,False,False,False,False,False
AESI,Energy,Oil & Gas Equipment & Services,3.81,2025/06/22,249,100.0,"MA20, MA50, MA200, RSI, MACD, OBV, Trend",61.53846153846154,11.538461538461538,50.0,0,0,True,True,False,False,False,True,False,True,True,True,True,False,False,True,False,False,False,False,False,False,False,False
JNPR,Technology,Communication Equipment,11.54,2025/06/22,249,100.0,"MA20, MA50, MA200, RSI, MACD, OBV, Trend",61.53846153846154,11.538461538461538,50.0,1,0,True,True,False,False,False,True,False,True,True,True,True,False,False,True,False,False,False,False,False,False,False,False
CLMT,Energy,Oil & Gas E&P,1.52,2025/06/22,249,100.0,"MA20, MA50, MA200, RSI, MACD, OBV, Trend",61.53846153846154,11.538461538461538,50.0,2,0,True,True,False,False,True,True,False,False,True,True,True,False,False,True,False,False,False,False,False,False,False,False
BKR,Energy,Oil & Gas Equipment & Services,45.7,2025/06/22,249,100.0,"MA20, MA50, MA200, RSI, MACD, OBV, Trend",61.53846153846154,11.538461538461538,50.0,1,0,True,True,False,False,False,True,False,True,True,True,True,False,False,True,False,False,False,False,False,False,False,False
MUR,Energy,Oil & Gas E&P,3.88,2025/06/22,249,100.0,"MA20, MA50, MA200, RSI, MACD, OBV, Trend",61.53846153846154,11.538461538461538,50.0,0,0,True,True,False,False,False,True,False,True,True,True,True,False,False,True,False,False,False,False,False,False,False,False
SXI,Industrials,Specialty Industrial Machinery,2.21,2025/06/22,249,100.0,"MA20, MA50, MA200, RSI, MACD, OBV, Trend",61.53846153846154,11.538461538461538,50.0,2,0,True,True,False,False,True,True,False,True,True,False,True,False,False,True,False,False,False,False,False,False,False,False
PBF,Energy,Oil & Gas Refining & Marketing,3.37,2025/06/22,249,100.0,"MA20, MA50, MA200, RSI, MACD, OBV, Trend",61.53846153846154,11.538461538461538,50.0,0,0,True,True,False,False,False,True,False,True,True,True,True,False,False,True,False,False,False,False,False,False,False,False
BHC,Healthcare,Drug Manufacturers - Specialty & Generic,2.74,2025/06/22,249,100.0,"MA20, MA50, MA200, RSI, MACD, OBV, Trend",61.53846153846154,11.538461538461538,50.0,4,1,True,True,False,False,True,True,False,False,True,True,True,False,False,True,False,False,False,False,False,False,False,False
MEOH,Basic Materials,Chemicals,3.52,2025/06/22,249,100.0,"MA20, MA50, MA200, RSI, MACD, OBV, Trend",61.53846153846154,11.538461538461538,50.0,2,1,True,True,False,False,True,True,False,False,True,True,True,False,False,True,False,False,False,False,False,False,False,False
DT,Technology,Software - Application,17.29,2025/06/22,249,100.0,"MA20, MA50, MA200, RSI, MACD, OBV, Trend",65.38461538461539,15.384615384615385,50.0,0,0,True,True,True,False,False,True,True,True,False,True,False,False,False,False,False,False,False,False,False,True,False,True
AMG,Financial Services,Asset Management,5.68,2025/06/22,249,100.0,"MA20, MA50, MA200, RSI, MACD, OBV, Trend",65.38461538461539,15.384615384615385,50.0,0,1,True,True,True,False,False,True,True,True,False,True,False,False,False,False,False,False,False,False,False,True,False,True
HLX,Energy,Oil & Gas Equipment & Services,1.22,2025/06/22,249,100.0,"MA20, MA50, MA200, RSI, MACD, OBV, Trend",61.53846153846154,11.538461538461538,50.0,1,0,True,True,False,False,False,True,False,True,True,True,True,False,False,True,False,False,False,False,False,False,False,False
VTLE,Energy,Oil & Gas E&P,1.22,2025/06/22,249,100.0,"MA20, MA50, MA200, RSI, MACD, OBV, Trend",61.53846153846154,11.538461538461538,50.0,0,0,True,True,False,False,False,True,False,True,True,True,True,False,False,True,False,False,False,False,False,False,False,False
MXL,Technology,Semiconductors,1.51,2025/06/22,249,100.0,"MA20, MA50, MA200, RSI, MACD, OBV, Trend",61.53846153846154,11.538461538461538,50.0,0,0,True,True,False,False,False,True,False,True,True,True,True,False,False,True,False,False,False,False,False,False,False,False
ADM,Consumer Defensive,Farm Products,24.52,2025/06/22,249,100.0,"MA20, MA50, MA200, RSI, MACD, OBV, Trend",65.38461538461539,15.384615384615385,50.0,2,1,True,True,True,False,True,True,False,False,True,True,False,False,False,False,False,False,False,True,False,False,False,True
APA,Energy,Oil & Gas E&P,8.11,2025/06/22,249,100.0,"MA20, MA50, MA200, RSI, MACD, OBV, Trend",61.53846153846154,11.538461538461538,50.0,0,0,True,True,False,False,False,True,False,True,True,True,True,False,False,True,False,False,False,False,False,False,False,False
RCI,Communication Services,Telecom Services,15.23,2025/06/22,249,100.0,"MA20, MA50, MA200, RSI, MACD, OBV, Trend",61.53846153846154,11.538461538461538,50.0,0,0,True,True,False,False,False,True,False,True,True,True,True,False,False,True,False,False,False,False,False,False,False,False
TNK,Energy,Oil & Gas Midstream,1.44,2025/06/22,249,100.0,"MA20, MA50, MA200, RSI, MACD, OBV, Trend",65.38461538461539,15.384615384615385,50.0,0,0,True,True,True,False,False,True,False,True,True,True,False,False,False,False,False,False,False,True,False,False,False,True
ILMN,Healthcare,Diagnostics & Research,21.05,2025/06/22,249,100.0,"MA20, MA50, MA200, RSI, MACD, OBV, Trend",61.53846153846154,11.538461538461538,50.0,0,0,True,True,False,False,False,True,False,True,True,True,True,False,False,True,False,False,False,False,False,False,False,False
OII,Energy,Oil & Gas Equipment & Services,2.51,2025/06/22,249,100.0,"MA20, MA50, MA200, RSI, MACD, OBV, Trend",61.53846153846154,11.538461538461538,50.0,0,0,True,True,False,False,False,True,False,True,True,True,True,False,False,True,False,False,False,False,False,False,False,False
W,Consumer Cyclical,Internet Retail,6.06,2025/06/22,249,100.0,"MA20, MA50, MA200, RSI, MACD, OBV, Trend",57.692307692307686,7.6923076923076925,49.99999999999999,0,0,True,True,True,False,False,False,False,False,True,True,True,False,False,False,False,False,True,False,False,False,False,False
LECO,Industrials,Tools & Accessories,11.22,2025/06/22,249,100.0,"MA20, MA50, MA200, RSI, MACD, OBV, Trend",57.692307692307686,7.6923076923076925,49.99999999999999,1,0,True,True,True,False,False,True,False,True,False,False,True,False,False,False,False,False,False,False,False,True,False,False
NVMI,Technology,Semiconductor Equipment & Materials,7.12,2025/06/22,249,100.0,"MA20, MA50, MA200, RSI, MACD, OBV, Trend",57.692307692307686,7.6923076923076925,49.99999999999999,0,0,True,True,True,False,False,False,False,True,True,False,True,False,False,False,False,False,True,False,False,False,False,False
NVST,Healthcare,Medical Instruments & Supplies,3.53,2025/06/22,249,100.0,"MA20, MA50, MA200, RSI, MACD, OBV, Trend",57.692307692307686,7.6923076923076925,49.99999999999999,0,0,True,True,True,False,False,True,False,True,False,False,True,False,False,False,False,False,False,False,False,True,False,False
MAT,Consumer Cyclical,Leisure,6.28,2025/06/22,249,100.0,"MA20, MA50, MA200, RSI, MACD, OBV, Trend",57.692307692307686,7.6923076923076925,49.99999999999999,1,0,True,True,True,False,False,True,False,True,False,False,True,False,False,False,False,False,False,False,False,True,False,False
BILI,Communication Services,Electronic Gaming & Multimedia,7.15,2025/06/22,249,100.0,"MA20, MA50, MA200, RSI, MACD, OBV, Trend",57.692307692307686,7.6923076923076925,49.99999999999999,1,0,True,True,True,False,False,False,False,True,True,False,True,False,False,False,False,False,True,False,False,False,False,False
INFA,Technology,Software - Infrastructure,7.84,2025/06/22,249,100.0,"MA20, MA50, MA200, RSI, MACD, OBV, Trend",57.692307692307686,7.6923076923076925,49.99999999999999,0,0,True,True,True,False,False,True,True,False,False,False,True,False,False,False,False,False,False,False,False,True,False,False
AX,Financial Services,Banks - Regional,3.99,2025/06/22,249,100.0,"MA20, MA50, MA200, RSI, MACD, OBV, Trend",57.692307692307686,7.6923076923076925,49.99999999999999,1,0,True,True,True,False,False,True,False,True,False,False,True,False,False,False,False,False,False,False,False,True,False,False
WCC,Industrials,Industrial Distribution,9.07,2025/06/22,249,100.0,"MA20, MA50, MA200, RSI, MACD, OBV, Trend",57.692307692307686,7.6923076923076925,49.99999999999999,1,0,True,True,True,False,False,True,False,True,False,False,True,False,False,False,False,False,False,False,False,True,False,False
SYY,Consumer Defensive,Food Distribution,35.67,2025/06/22,249,100.0,"MA20, MA50, MA200, RSI, MACD, OBV, Trend",57.692307692307686,7.6923076923076925,49.99999999999999,0,0,True,True,True,False,False,True,False,True,False,False,True,False,False,False,False,False,False,False,False,True,False,False
AXP,Financial Services,Credit Services,223.9,2025/06/22,249,100.0,"MA20, MA50, MA200, RSI, MACD, OBV, Trend",57.692307692307686,7.6923076923076925,49.99999999999999,1,0,True,True,True,False,False,True,False,True,False,False,True,False,False,False,False,False,False,False,False,True,False,False
AVAV,Industrials,Aerospace & Defense,5.08,2025/06/22,249,100.0,"MA20, MA50, MA200, RSI, MACD, OBV, Trend",57.692307692307686,7.6923076923076925,49.99999999999999,0,0,True,True,True,False,False,True,False,True,False,False,True,False,False,False,False,False,False,False,False,True,False,False
CIM,Real Estate,REIT - Mortgage,1.2,2025/06/22,249,100.0,"MA20, MA50, MA200, RSI, MACD, OBV, Trend",57.692307692307686,7.6923076923076925,49.99999999999999,0,0,True,True,True,False,False,True,False,True,False,False,True,False,False,False,False,False,False,False,False,True,False,False
NFJ,Financial Services,Asset Management,1.24,2025/06/22,249,100.0,"MA20, MA50, MA200, RSI, MACD, OBV, Trend",57.692307692307686,7.6923076923076925,49.99999999999999,0,0,True,True,True,False,False,True,False,True,False,False,True,False,False,False,False,False,False,False,False,True,False,False
NNN,Real Estate,REIT - Retail,7.39,2025/06/22,249,100.0,"MA20, MA50, MA200, RSI, MACD, OBV, Trend",57.692307692307686,7.6923076923076925,49.99999999999999,0,0,True,True,True,False,False,False,False,True,True,False,True,False,False,False,False,False,True,False,False,False,False,False
CAT,Industrials,Farm & Heavy Construction Machinery,179.33,2025/06/22,249,100.0,"MA20, MA50, MA200, RSI, MACD, OBV, Trend",57.692307692307686,7.6923076923076925,49.99999999999999,1,0,True,True,True,False,False,True,False,True,False,False,True,False,False,False,False,False,False,False,False,True,False,False
ARM,Technology,Semiconductors,167.69,2025/06/22,249,100.0,"MA20, MA50, MA200, RSI, MACD, OBV, Trend",57.692307692307686,7.6923076923076925,49.99999999999999,0,0,True,True,True,False,False,False,False,True,True,False,True,False,False,False,False,False,True,False,False,False,False,False
BAC,Financial Services,Banks - Diversified,352.38,2025/06/22,249,100.0,"MA20, MA50, MA200, RSI, MACD, OBV, Trend",57.692307692307686,7.6923076923076925,49.99999999999999,0,0,True,True,True,False,False,True,False,True,False,False,True,False,False,False,False,False,False,False,False,True,False,False
IRDM,Communication Services,Telecom Services,3.27,2025/06/22,249,100.0,"MA20, MA50, MA200, RSI, MACD, OBV, Trend",57.692307692307686,7.6923076923076925,49.99999999999999,0,1,True,True,True,False,False,False,False,True,True,False,True,False,False,False,False,False,True,False,False,False,False,False
EXTR,Technology,Communication Equipment,2.1,2025/06/22,249,100.0,"MA20, MA50, MA200, RSI, MACD, OBV, Trend",57.692307692307686,7.6923076923076925,49.99999999999999,0,0,True,True,True,False,False,True,False,True,False,False,True,False,False,False,False,False,False,False,False,True,False,False
ITT,Industrials,Specialty Industrial Machinery,12.38,2025/06/22,249,100.0,"MA20, MA50, MA200, RSI, MACD, OBV, Trend",57.692307692307686,7.6923076923076925,49.99999999999999,1,0,True,True,True,False,False,True,False,True,False,False,True,False,False,False,False,False,False,False,False,True,False,False
SUI,Real Estate,REIT - Residential,16.77,2025/06/22,249,100.0,"MA20, MA50, MA200, RSI, MACD, OBV, Trend",57.692307692307686,7.6923076923076925,49.99999999999999,0,0,True,True,True,False,False,False,False,True,True,False,True,False,False,False,False,False,True,False,False,False,False,False
OZK,Financial Services,Banks - Regional,5.76,2025/06/22,249,100.0,"MA20, MA50, MA200, RSI, MACD, OBV, Trend",57.692307692307686,7.6923076923076925,49.99999999999999,0,0,True,True,True,False,False,True,False,True,False,False,True,False,False,False,False,False,False,False,False,True,False,False
LAD,Consumer Cyclical,Auto & Truck Dealerships,10.02,2025/06/22,249,100.0,"MA20, MA50, MA200, RSI, MACD, OBV, Trend",57.692307692307686,7.6923076923076925,49.99999999999999,0,0,True,True,True,False,False,False,False,True,True,False,True,False,False,False,False,False,True,False,False,False,False,False
SYF,Financial Services,Credit Services,26.78,2025/06/22,249,100.0,"MA20, MA50, MA200, RSI, MACD, OBV, Trend",57.692307692307686,7.6923076923076925,49.99999999999999,1,0,True,True,True,False,False,False,False,True,True,False,True,False,False,False,False,False,True,False,False,False,False,False
BKE,Consumer Cyclical,Apparel Retail,2.42,2025/06/22,249,100.0,"MA20, MA50, MA200, RSI, MACD, OBV, Trend",57.692307692307686,7.6923076923076925,49.99999999999999,0,0,True,True,True,False,False,True,False,False,False,True,True,False,False,False,False,False,False,False,False,True,False,False
WTFC,Financial Services,Banks - Regional,8.7,2025/06/22,249,100.0,"MA20, MA50, MA200, RSI, MACD, OBV, Trend",57.692307692307686,7.6923076923076925,49.99999999999999,1,0,True,True,True,False,False,True,False,True,False,False,True,False,False,False,False,False,False,False,False,True,False,False
CACI,Technology,Information Technology Services,8.66,2025/06/22,249,100.0,"MA20, MA50, MA200, RSI, MACD, OBV, Trend",57.692307692307686,7.6923076923076925,49.99999999999999,0,0,True,True,True,False,False,True,False,True,True,False,False,False,False,False,False,False,False,False,False,False,False,True
ALLY,Financial Services,Credit Services,11.9,2025/06/22,249,100.0,"MA20, MA50, MA200, RSI, MACD, OBV, Trend",57.692307692307686,7.6923076923076925,49.99999999999999,0,0,True,True,True,False,False,False,False,True,True,False,True,False,False,False,False,False,True,False,False,False,False,False
HSIC,Healthcare,Medical Distribution,9.93,2025/06/22,249,100.0,"MA20, MA50, MA200, RSI, MACD, OBV, Trend",57.692307692307686,7.6923076923076925,49.99999999999999,0,0,True,True,True,False,False,True,False,True,False,False,True,False,False,False,False,False,False,False,False,True,False,False
FLNC,Utilities,Utilities - Renewable,2.36,2025/06/22,249,100.0,"MA20, MA50, MA200, RSI, MACD, OBV, Trend",69.23076923076923,19.230769230769234,49.99999999999999,2,0,True,True,False,False,True,True,False,True,True,True,True,False,False,True,False,False,False,True,False,False,False,False
RJF,Financial Services,Asset Management,34.47,2025/06/22,249,100.0,"MA20, MA50, MA200, RSI, MACD, OBV, Trend",57.692307692307686,7.6923076923076925,49.99999999999999,0,0,True,True,True,False,False,True,False,True,False,False,True,False,False,False,False,False,False,False,False,True,False,False
VIST,Energy,Oil & Gas E&P,5.31,2025/06/22,249,100.0,"MA20, MA50, MA200, RSI, MACD, OBV, Trend",57.692307692307686,7.6923076923076925,49.99999999999999,1,0,True,True,True,False,False,True,False,True,False,False,True,False,False,False,False,False,False,False,False,True,False,False
BE,Industrials,Electrical Equipment & Parts,5.39,2025/06/22,249,100.0,"MA20, MA50, MA200, RSI, MACD, OBV, Trend",57.692307692307686,7.6923076923076925,49.99999999999999,0,0,True,True,True,False,False,False,False,True,True,False,True,False,False,False,False,False,True,False,False,False,False,False
ALEX,Real Estate,REIT - Retail,1.3,2025/06/22,249,100.0,"MA20, MA50, MA200, RSI, MACD, OBV, Trend",57.692307692307686,7.6923076923076925,49.99999999999999,0,1,True,True,True,False,False,True,False,True,False,False,True,False,False,False,False,False,False,False,False,True,False,False
AORT,Healthcare,Medical Devices,1.32,2025/06/22,249,100.0,"MA20, MA50, MA200, RSI, MACD, OBV, Trend",57.692307692307686,7.6923076923076925,49.99999999999999,0,0,True,True,True,False,False,True,False,True,False,False,True,False,False,False,False,False,False,False,False,True,False,False
NSC,Industrials,Railroads,57.78,2025/06/22,249,100.0,"MA20, MA50, MA200, RSI, MACD, OBV, Trend",57.692307692307686,7.6923076923076925,49.99999999999999,0,0,True,True,True,False,False,True,False,True,False,False,True,False,False,False,False,False,False,False,False,True,False,False
LXP,Real Estate,REIT - Industrial,2.46,2025/06/22,249,100.0,"MA20, MA50, MA200, RSI, MACD, OBV, Trend",57.692307692307686,7.6923076923076925,49.99999999999999,0,0,True,True,True,False,False,True,False,True,False,False,True,False,False,False,False,False,False,False,False,True,False,False
SHAK,Consumer Cyclical,Restaurants,5.02,2025/06/22,249,100.0,"MA20, MA50, MA200, RSI, MACD, OBV, Trend",57.692307692307686,7.6923076923076925,49.99999999999999,0,0,True,True,True,False,False,True,False,True,False,False,True,False,False,False,False,False,False,False,False,True,False,False
DOOO,Consumer Cyclical,Recreational Vehicles,3.51,2025/06/22,249,100.0,"MA20, MA50, MA200, RSI, MACD, OBV, Trend",57.692307692307686,7.6923076923076925,49.99999999999999,0,0,True,True,True,False,False,True,False,True,False,False,True,False,False,False,False,False,False,False,False,True,False,False
FRO,Energy,Oil & Gas Midstream,3.89,2025/06/22,249,100.0,"MA20, MA50, MA200, RSI, MACD, OBV, Trend",57.692307692307686,7.6923076923076925,49.99999999999999,1,1,True,True,True,False,False,True,False,True,True,False,False,False,False,False,False,False,False,False,False,False,False,True
SIG,Consumer Cyclical,Luxury Goods,2.58,2025/06/22,249,100.0,"MA20, MA50, MA200, RSI, MACD, OBV, Trend",57.692307692307686,7.6923076923076925,49.99999999999999,0,0,True,True,True,False,False,False,False,True,True,False,True,False,False,False,False,False,True,False,False,False,False,False
GRFS,Healthcare,Drug Manufacturers - General,5.48,2025/06/22,249,100.0,"MA20, MA50, MA200, RSI, MACD, OBV, Trend",57.692307692307686,7.6923076923076925,49.99999999999999,0,0,True,True,True,False,False,True,False,True,False,False,True,False,False,False,False,False,False,False,False,True,False,False
LPL,Technology,Consumer Electronics,3.23,2025/06/22,249,100.0,"MA20, MA50, MA200, RSI, MACD, OBV, Trend",57.692307692307686,7.6923076923076925,49.99999999999999,0,0,True,True,True,False,False,False,False,True,True,False,True,False,False,False,False,False,True,False,False,False,False,False
TAC,Utilities,Utilities - Independent Power Producers,3.44,2025/06/22,249,100.0,"MA20, MA50, MA200, RSI, MACD, OBV, Trend",57.692307692307686,7.6923076923076925,49.99999999999999,1,0,True,True,True,False,False,False,False,True,True,False,True,False,False,False,False,False,True,False,False,False,False,False
AFRM,Technology,Software - Infrastructure,19.28,2025/06/22,249,100.0,"MA20, MA50, MA200, RSI, MACD, OBV, Trend",57.692307692307686,7.6923076923076925,49.99999999999999,0,0,True,True,True,False,False,False,False,True,True,False,True,False,False,False,False,False,True,False,False,False,False,False
BPYPP,Real Estate,Real Estate Services,10.01,2025/06/22,249,100.0,"MA20, MA50, MA200, RSI, MACD, OBV, Trend",57.692307692307686,7.6923076923076925,49.99999999999999,0,0,True,True,True,False,False,True,False,True,True,False,False,False,False,False,False,False,False,False,False,False,False,True
SBAC,Real Estate,REIT - Specialty,21.24,2025/06/22,249,100.0,"MA20, MA50, MA200, RSI, MACD, OBV, Trend",57.692307692307686,7.6923076923076925,49.99999999999999,0,0,True,True,True,False,False,True,False,True,True,False,False,False,False,False,False,False,False,False,False,False,False,True
MSGE,Consumer Cyclical,Leisure,1.76,2025/06/22,249,100.0,"MA20, MA50, MA200, RSI, MACD, OBV, Trend",57.692307692307686,7.6923076923076925,49.99999999999999,0,0,True,True,True,False,False,True,False,True,False,False,True,False,False,False,False,False,False,False,False,True,False,False
STR,Energy,Oil & Gas E&P,3.08,2025/06/22,249,100.0,"MA20, MA50, MA200, RSI, MACD, OBV, Trend",57.692307692307686,7.6923076923076925,49.99999999999999,0,0,True,True,True,False,False,False,False,True,True,False,True,False,False,False,False,False,True,False,False,False,False,False
MTB,Financial Services,Banks - Regional,33.39,2025/06/22,249,100.0,"MA20, MA50, MA200, RSI, MACD, OBV, Trend",57.692307692307686,7.6923076923076925,49.99999999999999,1,0,True,True,True,False,False,True,False,True,False,False,True,False,False,False,False,False,False,False,False,True,False,False
INVH,Real Estate,REIT - Residential,19.08,2025/06/22,249,100.0,"MA20, MA50, MA200, RSI, MACD, OBV, Trend",57.692307692307686,7.6923076923076925,49.99999999999999,0,0,True,True,True,False,False,True,False,True,True,False,False,False,False,False,False,False,False,False,False,False,False,True
INCY,Healthcare,Biotechnology,14.29,2025/06/22,249,100.0,"MA20, MA50, MA200, RSI, MACD, OBV, Trend",57.692307692307686,7.6923076923076925,49.99999999999999,0,0,True,True,True,False,False,True,False,True,False,False,True,False,False,False,False,False,False,False,False,True,False,False
ERO,Basic Materials,Copper,1.39,2025/06/22,249,100.0,"MA20, MA50, MA200, RSI, MACD, OBV, Trend",57.692307692307686,7.6923076923076925,49.99999999999999,0,0,True,True,True,False,False,True,False,True,False,False,True,False,False,False,False,False,False,False,False,True,False,False
ADEA,Technology,Software - Application,1.4,2025/06/22,249,100.0,"MA20, MA50, MA200, RSI, MACD, OBV, Trend",57.692307692307686,7.6923076923076925,49.99999999999999,1,0,True,True,True,False,False,True,False,True,False,False,True,False,False,False,False,False,False,False,False,True,False,False
NWSA,Communication Services,Entertainment,16.62,2025/06/22,249,100.0,"MA20, MA50, MA200, RSI, MACD, OBV, Trend",57.692307692307686,7.6923076923076925,49.99999999999999,1,0,True,True,True,False,False,True,False,True,False,False,True,False,False,False,False,False,False,False,False,True,False,False
MCRI,Consumer Cyclical,Resorts & Casinos,1.57,2025/06/22,249,100.0,"MA20, MA50, MA200, RSI, MACD, OBV, Trend",57.692307692307686,7.6923076923076925,49.99999999999999,1,0,True,True,True,False,False,True,False,True,False,False,True,False,False,False,False,False,False,False,False,True,False,False
CCL,Consumer Cyclical,Travel Services,37.41,2025/06/22,249,100.0,"MA20, MA50, MA200, RSI, MACD, OBV, Trend",57.692307692307686,7.6923076923076925,49.99999999999999,0,0,True,True,True,False,False,True,False,True,False,False,True,False,False,False,False,False,False,False,False,True,False,False
BOOT,Consumer Cyclical,Apparel Retail,4.92,2025/06/22,249,100.0,"MA20, MA50, MA200, RSI, MACD, OBV, Trend",57.692307692307686,7.6923076923076925,49.99999999999999,0,0,True,True,True,False,False,True,False,True,False,False,True,False,False,False,False,False,False,False,False,True,False,False
CUK,Consumer Cyclical,Leisure,31.76,2025/06/22,249,100.0,"MA20, MA50, MA200, RSI, MACD, OBV, Trend",57.692307692307686,7.6923076923076925,49.99999999999999,0,1,True,True,True,False,False,True,False,True,False,False,True,False,False,False,False,False,False,False,False,True,False,False
TNL,Consumer Cyclical,Travel Services,3.72,2025/06/22,249,100.0,"MA20, MA50, MA200, RSI, MACD, OBV, Trend",57.692307692307686,7.6923076923076925,49.99999999999999,1,0,True,True,True,False,False,True,False,True,False,False,True,False,False,False,False,False,False,False,False,True,False,False
MCY,Financial Services,Insurance - Property & Casualty,2.76,2025/06/22,249,100.0,"MA20, MA50, MA200, RSI, MACD, OBV, Trend",57.692307692307686,7.6923076923076925,49.99999999999999,0,0,True,True,True,False,False,True,False,True,False,False,True,False,False,False,False,False,False,False,False,True,False,False
CLM,Financial Services,Asset Management,2.15,2025/06/22,249,100.0,"MA20, MA50, MA200, RSI, MACD, OBV, Trend",57.692307692307686,7.6923076923076925,49.99999999999999,0,1,True,True,True,False,False,True,False,True,False,False,True,False,False,False,False,False,False,False,False,True,False,False
CUBI,Financial Services,Banks - Regional,1.79,2025/06/22,249,100.0,"MA20, MA50, MA200, RSI, MACD, OBV, Trend",57.692307692307686,7.6923076923076925,49.99999999999999,1,0,True,True,True,False,False,True,False,True,False,False,True,False,False,False,False,False,False,False,False,True,False,False
REZI,Industrials,Industrial Distribution,3.38,2025/06/22,249,100.0,"MA20, MA50, MA200, RSI, MACD, OBV, Trend",57.692307692307686,7.6923076923076925,49.99999999999999,1,0,True,True,True,False,False,True,False,True,False,False,True,False,False,False,False,False,False,False,False,True,False,False
PJT,Financial Services,Capital Markets,6.49,2025/06/22,249,100.0,"MA20, MA50, MA200, RSI, MACD, OBV, Trend",57.692307692307686,7.6923076923076925,49.99999999999999,1,0,True,True,True,False,False,True,False,True,False,False,True,False,False,False,False,False,False,False,False,True,False,False
WRBY,Healthcare,Medical Instruments & Supplies,3.33,2025/06/22,249,100.0,"MA20, MA50, MA200, RSI, MACD, OBV, Trend",57.692307692307686,7.6923076923076925,49.99999999999999,0,0,True,True,True,False,False,True,False,True,False,False,True,False,False,False,False,False,False,False,False,True,False,False
GATX,Industrials,Rental & Leasing Services,5.88,2025/06/22,249,100.0,"MA20, MA50, MA200, RSI, MACD, OBV, Trend",57.692307692307686,7.6923076923076925,49.99999999999999,0,0,True,True,True,False,False,True,False,True,False,False,True,False,False,False,False,False,False,False,False,True,False,False
EGP,Real Estate,REIT - Industrial,8.4,2025/06/22,249,100.0,"MA20, MA50, MA200, RSI, MACD, OBV, Trend",57.692307692307686,7.6923076923076925,49.99999999999999,1,0,True,True,True,False,False,True,False,True,False,False,True,False,False,False,False,False,False,False,False,True,False,False
SRRK,Healthcare,Biotechnology,3.78,2025/06/22,249,100.0,"MA20, MA50, MA200, RSI, MACD, OBV, Trend",57.692307692307686,7.6923076923076925,49.99999999999999,1,1,True,True,True,False,False,True,False,True,True,False,False,False,False,False,False,False,False,False,False,False,False,True
SLAB,Technology,Semiconductors,4.4,2025/06/22,249,100.0,"MA20, MA50, MA200, RSI, MACD, OBV, Trend",57.692307692307686,7.6923076923076925,49.99999999999999,1,0,True,True,True,False,False,False,False,True,True,False,True,False,False,False,False,False,True,False,False,False,False,False
T,Communication Services,Telecom Services,170.29,2025/06/22,249,100.0,"MA20, MA50, MA200, RSI, MACD, OBV, Trend",65.38461538461539,19.230769230769234,46.15384615384615,0,0,False,True,True,True,False,True,True,True,False,False,True,True,False,False,False,False,False,False,False,True,False,False
DIS,Communication Services,Entertainment,205.13,2025/06/22,249,100.0,"MA20, MA50, MA200, RSI, MACD, OBV, Trend",61.53846153846154,15.384615384615385,46.15384615384615,0,0,True,True,True,True,False,True,False,True,False,False,False,False,False,False,False,False,False,False,False,True,False,True
MUFG,Financial Services,Banks - Diversified,148.91,2025/06/22,249,100.0,"MA20, MA50, MA200, RSI, MACD, OBV, Trend",65.38461538461539,19.230769230769234,46.15384615384615,0,0,False,True,True,True,False,True,True,True,False,False,True,True,False,False,False,False,False,False,False,True,False,False
EVV,Financial Services,Asset Management,1.19,2025/06/22,249,100.0,"MA20, MA50, MA200, RSI, MACD, OBV, Trend",61.53846153846154,15.384615384615385,46.15384615384615,0,0,True,True,True,True,False,False,False,True,False,False,True,False,False,False,False,False,True,False,False,True,False,False
CNH,Industrials,Farm & Heavy Construction Machinery,16.09,2025/06/22,249,100.0,"MA20, MA50, MA200, RSI, MACD, OBV, Trend",61.53846153846154,15.384615384615385,46.15384615384615,0,1,True,True,True,True,False,True,False,True,False,False,False,False,False,False,False,False,False,False,False,True,False,True
IDT,Communication Services,Telecom Services,1.19,2025/06/22,249,100.0,"MA20, MA50, MA200, RSI, MACD, OBV, Trend",61.53846153846154,15.384615384615385,46.15384615384615,0,1,True,True,True,True,False,True,False,True,False,False,False,False,False,False,False,False,False,False,False,True,False,True
RS,Basic Materials,Steel,15.67,2025/06/22,249,100.0,"MA20, MA50, MA200, RSI, MACD, OBV, Trend",61.53846153846154,15.384615384615385,46.15384615384615,0,1,True,True,True,True,False,True,False,True,False,False,False,False,False,False,False,False,False,False,False,True,False,True
RBC,Industrials,Tools & Accessories,10.97,2025/06/22,249,100.0,"MA20, MA50, MA200, RSI, MACD, OBV, Trend",61.53846153846154,15.384615384615385,46.15384615384615,0,0,True,True,True,True,False,True,False,True,False,False,False,False,False,False,False,False,False,False,False,True,False,True
AGCO,Industrials,Farm & Heavy Construction Machinery,7.94,2025/06/22,249,100.0,"MA20, MA50, MA200, RSI, MACD, OBV, Trend",61.53846153846154,15.384615384615385,46.15384615384615,0,0,True,True,True,True,False,True,False,True,False,False,False,False,False,False,False,False,False,False,False,True,False,True
ACMR,Technology,Semiconductor Equipment & Materials,1.29,2025/06/22,249,100.0,"MA20, MA50, MA200, RSI, MACD, OBV, Trend",61.53846153846154,15.384615384615385,46.15384615384615,0,0,True,True,True,True,False,False,False,True,False,False,True,False,False,False,False,False,True,False,False,True,False,False
DE,Industrials,Farm & Heavy Construction Machinery,129.79,2025/06/22,249,100.0,"MA20, MA50, MA200, RSI, MACD, OBV, Trend",61.53846153846154,15.384615384615385,46.15384615384615,0,0,True,True,True,True,False,False,False,True,False,False,True,False,False,False,False,False,True,False,False,True,False,False
CRWD,Technology,Software - Infrastructure,98.05,2025/06/22,249,100.0,"MA20, MA50, MA200, RSI, MACD, OBV, Trend",61.53846153846154,15.384615384615385,46.15384615384615,0,0,True,True,True,True,False,True,False,True,False,False,False,False,False,False,False,False,False,False,False,True,False,True
CME,Financial Services,Financial Data & Stock Exchanges,85.23,2025/06/22,249,100.0,"MA20, MA50, MA200, RSI, MACD, OBV, Trend",65.38461538461539,19.230769230769234,46.15384615384615,1,0,False,True,True,True,False,True,True,True,False,False,True,True,False,False,False,False,False,False,False,True,False,False
BPOP,Financial Services,Banks - Regional,7.22,2025/06/22,249,100.0,"MA20, MA50, MA200, RSI, MACD, OBV, Trend",61.53846153846154,15.384615384615385,46.15384615384615,0,0,True,True,True,True,False,False,False,True,False,False,True,False,False,False,False,False,True,False,False,True,False,False
PEGA,Technology,Software - Application,9.29,2025/06/22,249,100.0,"MA20, MA50, MA200, RSI, MACD, OBV, Trend",65.38461538461539,19.230769230769234,46.15384615384615,0,1,False,True,True,True,False,True,True,True,False,False,True,True,False,False,False,False,False,False,False,True,False,False
KEP,Utilities,Utilities - Regulated Electric,9.33,2025/06/22,249,100.0,"MA20, MA50, MA200, RSI, MACD, OBV, Trend",65.38461538461539,19.230769230769234,46.15384615384615,1,0,False,True,True,True,False,True,True,True,False,False,True,True,False,False,False,False,False,False,False,True,False,False
BDJ,Financial Services,Asset Management,1.6,2025/06/22,249,100.0,"MA20, MA50, MA200, RSI, MACD, OBV, Trend",61.53846153846154,15.384615384615385,46.15384615384615,0,0,True,True,True,True,False,False,False,True,False,False,True,False,False,False,False,False,True,False,False,True,False,False
PTCT,Healthcare,Biotechnology,3.54,2025/06/22,249,100.0,"MA20, MA50, MA200, RSI, MACD, OBV, Trend",61.53846153846154,15.384615384615385,46.15384615384615,0,1,True,True,True,True,False,True,False,True,False,False,False,False,False,False,False,False,False,False,False,True,False,True
CGAU,Basic Materials,Gold,1.34,2025/06/22,249,100.0,"MA20, MA50, MA200, RSI, MACD, OBV, Trend",65.38461538461539,19.230769230769234,46.15384615384615,0,0,False,True,True,True,False,True,True,True,False,False,True,True,False,False,False,False,False,False,False,True,False,False
MASI,Healthcare,Medical Devices,9.33,2025/06/22,249,100.0,"MA20, MA50, MA200, RSI, MACD, OBV, Trend",61.53846153846154,15.384615384615385,46.15384615384615,0,0,True,True,True,True,False,False,False,True,False,False,True,False,False,False,False,False,True,False,False,True,False,False
MPLX,Energy,Oil & Gas Midstream,52.99,2025/06/22,249,100.0,"MA20, MA50, MA200, RSI, MACD, OBV, Trend",61.53846153846154,15.384615384615385,46.15384615384615,1,0,True,True,True,True,False,True,False,True,False,False,False,False,False,False,False,False,False,False,False,True,False,True
AM,Energy,Oil & Gas Midstream,7.82,2025/06/22,249,100.0,"MA20, MA50, MA200, RSI, MACD, OBV, Trend",65.38461538461539,19.230769230769234,46.15384615384615,0,0,False,True,True,True,False,True,True,True,False,False,True,True,False,False,False,False,False,False,False,True,False,False
CBRL,Consumer Cyclical,Restaurants,1.45,2025/06/22,249,100.0,"MA20, MA50, MA200, RSI, MACD, OBV, Trend",61.53846153846154,15.384615384615385,46.15384615384615,1,1,True,True,True,True,False,False,False,True,False,False,True,False,False,False,False,False,True,False,False,True,False,False
JCI,Industrials,Building Products & Equipment,51.49,2025/06/22,249,100.0,"MA20, MA50, MA200, RSI, MACD, OBV, Trend",61.53846153846154,15.384615384615385,46.15384615384615,0,0,True,True,True,True,False,True,False,True,False,False,False,False,False,False,False,False,False,False,False,True,False,True
BVN,Basic Materials,Other Precious Metals & Mining,3.24,2025/06/22,249,100.0,"MA20, MA50, MA200, RSI, MACD, OBV, Trend",61.53846153846154,15.384615384615385,46.15384615384615,0,0,True,True,True,True,False,False,False,True,False,False,True,False,False,False,False,False,True,False,False,True,False,False
UGP,Energy,Oil & Gas Refining & Marketing,3.15,2025/06/22,249,100.0,"MA20, MA50, MA200, RSI, MACD, OBV, Trend",65.38461538461539,19.230769230769234,46.15384615384615,1,0,True,True,True,False,False,False,False,True,True,True,True,False,False,False,True,False,True,False,False,False,False,False
JOBY,Industrials,Airports & Air Services,6.32,2025/06/22,249,100.0,"MA20, MA50, MA200, RSI, MACD, OBV, Trend",61.53846153846154,15.384615384615385,46.15384615384615,1,0,True,True,True,True,False,False,False,True,False,False,True,False,False,False,False,False,True,False,False,True,False,False
DB,Financial Services,Banks - Regional,39.16,2025/06/22,249,100.0,"MA20, MA50, MA200, RSI, MACD, OBV, Trend",65.38461538461539,19.230769230769234,46.15384615384615,1,0,False,True,True,True,False,True,True,True,False,False,True,True,False,False,False,False,False,False,False,True,False,False
EGO,Basic Materials,Gold,3.14,2025/06/22,249,100.0,"MA20, MA50, MA200, RSI, MACD, OBV, Trend",61.53846153846154,15.384615384615385,46.15384615384615,0,0,True,True,True,True,False,True,False,True,False,False,False,False,False,False,False,False,False,False,False,True,False,True
SXT,Basic Materials,Specialty Chemicals,3.2,2025/06/22,249,100.0,"MA20, MA50, MA200, RSI, MACD, OBV, Trend",61.53846153846154,15.384615384615385,46.15384615384615,0,0,True,True,True,True,False,True,False,True,False,False,False,False,False,False,False,False,False,False,False,True,False,True
EME,Industrials,Engineering & Construction,20.61,2025/06/22,249,100.0,"MA20, MA50, MA200, RSI, MACD, OBV, Trend",61.53846153846154,15.384615384615385,46.15384615384615,0,1,True,True,True,True,False,True,False,True,False,False,False,False,False,False,False,False,False,False,False,True,False,True
OSW,Consumer Cyclical,Leisure,2.22,2025/06/22,249,100.0,"MA20, MA50, MA200, RSI, MACD, OBV, Trend",61.53846153846154,15.384615384615385,46.15384615384615,0,0,True,True,True,True,False,False,False,True,False,False,True,False,False,False,False,False,True,False,False,True,False,False
KB,Financial Services,Banks - Regional,23.39,2025/06/22,249,100.0,"MA20, MA50, MA200, RSI, MACD, OBV, Trend",61.53846153846154,15.384615384615385,46.15384615384615,0,0,True,True,True,True,False,True,False,True,False,False,False,False,False,False,False,False,False,False,False,True,False,True
SBSW,Basic Materials,Other Precious Metals & Mining,2.74,2025/06/22,249,100.0,"MA20, MA50, MA200, RSI, MACD, OBV, Trend",61.53846153846154,15.384615384615385,46.15384615384615,0,0,True,True,True,True,False,False,False,True,False,False,True,False,False,False,False,False,True,False,False,True,False,False
REVG,Industrials,Farm & Heavy Construction Machinery,1.81,2025/06/22,249,100.0,"MA20, MA50, MA200, RSI, MACD, OBV, Trend",61.53846153846154,15.384615384615385,46.15384615384615,0,0,True,True,True,True,False,False,False,True,False,False,True,False,False,False,False,False,True,False,False,True,False,False
PL,Industrials,Aerospace & Defense,1.82,2025/06/22,249,100.0,"MA20, MA50, MA200, RSI, MACD, OBV, Trend",61.53846153846154,15.384615384615385,46.15384615384615,1,0,True,True,True,True,False,False,False,True,False,False,True,False,False,False,False,False,True,False,False,True,False,False
SNOW,Technology,Software - Application,59.91,2025/06/22,249,100.0,"MA20, MA50, MA200, RSI, MACD, OBV, Trend",61.53846153846154,15.384615384615385,46.15384615384615,0,0,True,True,True,True,False,False,True,False,False,False,True,False,False,False,False,False,True,False,False,True,False,False
NTES,Communication Services,Electronic Gaming & Multimedia,66.59,2025/06/22,249,100.0,"MA20, MA50, MA200, RSI, MACD, OBV, Trend",61.53846153846154,15.384615384615385,46.15384615384615,0,0,True,True,True,True,False,True,False,True,False,False,False,False,False,False,False,False,False,False,False,True,False,True
QGEN,Healthcare,Diagnostics & Research,9.65,2025/06/22,249,100.0,"MA20, MA50, MA200, RSI, MACD, OBV, Trend",61.53846153846154,15.384615384615385,46.15384615384615,0,0,True,True,True,True,False,False,False,True,False,False,True,False,False,False,False,False,True,False,False,True,False,False
TME,Communication Services,Internet Content & Information,19.52,2025/06/22,249,100.0,"MA20, MA50, MA200, RSI, MACD, OBV, Trend",61.53846153846154,15.384615384615385,46.15384615384615,0,1,True,True,True,True,False,True,False,True,False,False,False,False,False,False,False,False,False,False,False,True,False,True
VLYPP,Financial Services,Banks - Regional,3.12,2025/06/22,249,100.0,"MA20, MA50, MA200, RSI, MACD, OBV, Trend",61.53846153846154,15.384615384615385,46.15384615384615,0,0,True,True,True,True,False,True,False,True,False,False,False,False,False,False,False,False,False,False,False,True,False,True
VRN,Energy,Oil & Gas E&P,3.11,2025/06/22,221,100.0,"MA20, MA50, MA200, RSI, MACD, OBV, Trend",61.53846153846154,15.384615384615385,46.15384615384615,0,0,True,True,True,True,False,False,False,True,False,False,True,False,False,False,False,False,True,False,False,True,False,False
ACAD,Healthcare,Biotechnology,3.1,2025/06/22,249,100.0,"MA20, MA50, MA200, RSI, MACD, OBV, Trend",61.53846153846154,15.384615384615385,46.15384615384615,0,1,True,True,True,True,False,True,False,True,False,False,False,False,False,False,False,False,False,False,False,True,False,True
IESC,Industrials,Engineering & Construction,4.54,2025/06/22,249,100.0,"MA20, MA50, MA200, RSI, MACD, OBV, Trend",61.53846153846154,15.384615384615385,46.15384615384615,0,0,True,True,True,True,False,False,False,True,False,False,True,False,False,False,False,False,True,False,False,True,False,False
SVV,Consumer Cyclical,Specialty Retail,1.78,2025/06/22,249,100.0,"MA20, MA50, MA200, RSI, MACD, OBV, Trend",61.53846153846154,15.384615384615385,46.15384615384615,0,0,True,True,True,True,False,True,False,True,False,False,False,False,False,False,False,False,False,False,False,True,False,True
HEES,Industrials,Rental & Leasing Services,3.25,2025/06/22,236,100.0,"MA20, MA50, MA200, RSI, MACD, OBV, Trend",61.53846153846154,15.384615384615385,46.15384615384615,0,1,True,True,True,True,False,True,False,True,False,False,False,False,False,False,False,False,False,False,False,True,False,True
STN,Industrials,Engineering & Construction,8.85,2025/06/22,249,100.0,"MA20, MA50, MA200, RSI, MACD, OBV, Trend",61.53846153846154,15.384615384615385,46.15384615384615,0,0,True,True,True,True,False,True,False,True,False,False,False,False,False,False,False,False,False,False,False,True,False,True
MFG,Financial Services,Banks - Regional,70.41,2025/06/22,249,100.0,"MA20, MA50, MA200, RSI, MACD, OBV, Trend",65.38461538461539,19.230769230769234,46.15384615384615,0,0,False,True,True,True,False,True,True,True,False,False,True,True,False,False,False,False,False,False,False,True,False,False
UTF,Financial Services,Asset Management,2.36,2025/06/22,249,100.0,"MA20, MA50, MA200, RSI, MACD, OBV, Trend",61.53846153846154,15.384615384615385,46.15384615384615,0,0,True,True,True,True,False,False,False,True,False,False,True,False,False,False,False,False,True,False,False,True,False,False
DAN,Consumer Cyclical,Auto Parts,2.4,2025/06/22,249,100.0,"MA20, MA50, MA200, RSI, MACD, OBV, Trend",61.53846153846154,15.384615384615385,46.15384615384615,0,1,True,True,True,True,False,True,False,True,False,False,False,False,False,False,False,False,False,False,False,True,False,True
RGLD,Basic Materials,Gold,9.19,2025/06/22,249,100.0,"MA20, MA50, MA200, RSI, MACD, OBV, Trend",65.38461538461539,19.230769230769234,46.15384615384615,1,0,False,True,True,True,False,True,True,True,False,False,True,True,False,False,False,False,False,False,False,True,False,False
PHR,Healthcare,Health Information Services,1.65,2025/06/22,249,100.0,"MA20, MA50, MA200, RSI, MACD, OBV, Trend",61.53846153846154,15.384615384615385,46.15384615384615,0,1,True,True,True,True,False,False,False,True,False,False,True,False,False,False,False,False,True,False,False,True,False,False
ADX,Financial Services,Asset Management,2.29,2025/06/22,249,100.0,"MA20, MA50, MA200, RSI, MACD, OBV, Trend",61.53846153846154,15.384615384615385,46.15384615384615,1,0,True,True,True,True,False,False,False,True,False,False,True,False,False,False,False,False,True,False,False,True,False,False
KNSL,Financial Services,Insurance - Property & Casualty,10.29,2025/06/22,249,100.0,"MA20, MA50, MA200, RSI, MACD, OBV, Trend",61.53846153846154,15.384615384615385,46.15384615384615,0,0,True,True,True,True,False,False,False,True,False,False,True,False,False,False,False,False,True,False,False,True,False,False
NLY,Real Estate,REIT - Mortgage,11.84,2025/06/22,249,100.0,"MA20, MA50, MA200, RSI, MACD, OBV, Trend",61.53846153846154,15.384615384615385,46.15384615384615,0,0,True,True,True,True,False,True,False,False,True,False,False,False,False,False,False,False,False,False,True,False,False,True
ROK,Industrials,Specialty Industrial Machinery,31.47,2025/06/22,249,100.0,"MA20, MA50, MA200, RSI, MACD, OBV, Trend",61.53846153846154,15.384615384615385,46.15384615384615,0,0,True,True,True,True,False,False,False,True,False,False,True,False,False,False,False,False,True,False,False,True,False,False
FIVE,Consumer Cyclical,Specialty Retail,5.16,2025/06/22,249,100.0,"MA20, MA50, MA200, RSI, MACD, OBV, Trend",61.53846153846154,15.384615384615385,46.15384615384615,0,0,True,True,True,True,False,False,False,True,False,False,True,False,False,False,False,False,True,False,False,True,False,False
ESGR,Financial Services,Insurance - Diversified,4.8,2025/06/22,249,100.0,"MA20, MA50, MA200, RSI, MACD, OBV, Trend",61.53846153846154,15.384615384615385,46.15384615384615,1,0,True,True,True,True,False,False,False,True,True,False,False,False,False,False,False,False,True,False,False,False,False,True
TEL,Technology,Electronic Components,44.15,2025/06/22,249,100.0,"MA20, MA50, MA200, RSI, MACD, OBV, Trend",61.53846153846154,15.384615384615385,46.15384615384615,1,0,True,True,True,True,False,False,False,True,False,False,True,False,False,False,False,False,True,False,False,True,False,False
USFD,Consumer Defensive,Food Distribution,16.52,2025/06/22,249,100.0,"MA20, MA50, MA200, RSI, MACD, OBV, Trend",65.38461538461539,19.230769230769234,46.15384615384615,1,0,False,True,True,True,False,True,True,True,False,False,True,True,False,False,False,False,False,False,False,True,False,False
FHI,Financial Services,Asset Management,3.25,2025/06/22,249,100.0,"MA20, MA50, MA200, RSI, MACD, OBV, Trend",61.53846153846154,15.384615384615385,46.15384615384615,0,0,True,True,True,True,False,False,False,True,False,False,True,False,False,False,False,False,True,False,False,True,False,False
AVAL,Financial Services,Banks - Regional,2.91,2025/06/22,249,100.0,"MA20, MA50, MA200, RSI, MACD, OBV, Trend",61.53846153846154,15.384615384615385,46.15384615384615,1,1,True,True,True,True,False,True,False,True,False,False,False,False,False,False,False,False,False,False,False,True,False,True
SHG,Financial Services,Banks - Regional,17.63,2025/06/22,249,100.0,"MA20, MA50, MA200, RSI, MACD, OBV, Trend",61.53846153846154,15.384615384615385,46.15384615384615,0,0,True,True,True,True,False,False,False,True,False,False,True,False,False,False,False,False,True,False,False,True,False,False
GILD,Healthcare,Drug Manufacturers - General,121.14,2025/06/22,249,100.0,"MA20, MA50, MA200, RSI, MACD, OBV, Trend",65.38461538461539,19.230769230769234,46.15384615384615,1,0,False,True,True,True,False,True,True,True,False,False,True,True,False,False,False,False,False,False,False,True,False,False
STVN,Healthcare,Medical Instruments & Supplies,6.12,2025/06/22,249,100.0,"MA20, MA50, MA200, RSI, MACD, OBV, Trend",61.53846153846154,15.384615384615385,46.15384615384615,1,0,True,True,True,True,False,True,False,True,False,False,False,False,False,False,False,False,False,False,False,True,False,True
FFIV,Technology,Software - Infrastructure,17.25,2025/06/22,249,100.0,"MA20, MA50, MA200, RSI, MACD, OBV, Trend",65.38461538461539,19.230769230769234,46.15384615384615,1,0,False,True,True,True,False,True,True,True,False,False,True,True,False,False,False,False,False,False,False,True,False,False
ATGE,Consumer Defensive,Education & Training Services,4.02,2025/06/22,249,100.0,"MA20, MA50, MA200, RSI, MACD, OBV, Trend",65.38461538461539,19.230769230769234,46.15384615384615,1,0,False,True,True,True,False,True,True,True,False,False,True,True,False,False,False,False,False,False,False,True,False,False
GOLF,Consumer Cyclical,Leisure,4.03,2025/06/22,249,100.0,"MA20, MA50, MA200, RSI, MACD, OBV, Trend",61.53846153846154,15.384615384615385,46.15384615384615,0,0,True,True,True,True,False,True,False,True,False,False,False,False,False,False,False,False,False,False,False,True,False,True
AXS,Financial Services,Insurance - Specialty,7.55,2025/06/22,249,100.0,"MA20, MA50, MA200, RSI, MACD, OBV, Trend",65.38461538461539,19.230769230769234,46.15384615384615,1,0,False,True,True,True,False,True,True,True,False,False,True,True,False,False,False,False,False,False,False,True,False,False
META,Communication Services,Internet Content & Information,1740.62,2025/06/22,249,100.0,"MA20, MA50, MA200, RSI, MACD, OBV, Trend",61.53846153846154,15.384615384615385,46.15384615384615,0,0,True,True,True,True,False,True,False,True,False,False,False,False,False,False,False,False,False,False,False,True,False,True
SBS,Utilities,Utilities - Regulated Water,11.15,2025/06/22,249,100.0,"MA20, MA50, MA200, RSI, MACD, OBV, Trend",69.23076923076923,23.076923076923077,46.153846153846146,0,0,True,True,True,True,False,False,True,True,False,True,False,False,False,False,False,False,True,False,False,True,False,True
TRGP,Energy,Oil & Gas Midstream,42.91,2025/06/22,249,100.0,"MA20, MA50, MA200, RSI, MACD, OBV, Trend",69.23076923076923,23.076923076923077,46.153846153846146,0,0,True,True,False,False,False,True,True,True,True,True,True,False,False,True,True,False,False,False,False,False,False,False
TGNA,Communication Services,Broadcasting,2.94,2025/06/22,249,100.0,"MA20, MA50, MA200, RSI, MACD, OBV, Trend",53.84615384615385,11.538461538461538,42.30769230769231,1,0,True,True,False,False,False,True,False,True,True,False,True,False,False,True,False,False,False,False,False,False,False,False
NMM,Industrials,Marine Shipping,1.26,2025/06/22,249,100.0,"MA20, MA50, MA200, RSI, MACD, OBV, Trend",61.53846153846154,19.230769230769234,42.30769230769231,1,2,True,True,False,False,False,True,False,True,True,True,True,False,False,True,False,True,False,False,False,False,False,False
BRX,Real Estate,REIT - Retail,7.87,2025/06/22,249,100.0,"MA20, MA50, MA200, RSI, MACD, OBV, Trend",53.84615384615385,11.538461538461538,42.30769230769231,0,0,True,True,False,False,False,True,False,True,True,False,True,False,False,True,False,False,False,False,False,False,False,False
UPS,Industrials,Integrated Freight & Logistics,97.48,2025/06/22,249,100.0,"MA20, MA50, MA200, RSI, MACD, OBV, Trend",53.84615384615385,11.538461538461538,42.30769230769231,1,0,True,True,False,False,False,True,False,True,True,False,True,False,False,True,False,False,False,False,False,False,False,False
WHR,Consumer Cyclical,"Furnishings, Fixtures & Appliances",5.79,2025/06/22,249,100.0,"MA20, MA50, MA200, RSI, MACD, OBV, Trend",53.84615384615385,11.538461538461538,42.30769230769231,1,0,True,True,False,False,False,True,False,False,True,True,True,False,False,True,False,False,False,False,False,False,False,False
IIPR,Real Estate,REIT - Industrial,2.03,2025/06/22,249,100.0,"MA20, MA50, MA200, RSI, MACD, OBV, Trend",53.84615384615385,11.538461538461538,42.30769230769231,0,0,True,True,False,False,False,True,False,True,True,False,True,False,False,True,False,False,False,False,False,False,False,False
CDNA,Healthcare,Diagnostics & Research,1.25,2025/06/22,249,100.0,"MA20, MA50, MA200, RSI, MACD, OBV, Trend",53.84615384615385,11.538461538461538,42.30769230769231,0,0,True,True,False,False,False,True,False,True,True,False,True,False,False,True,False,False,False,False,False,False,False,False
CMG,Consumer Cyclical,Restaurants,79.51,2025/06/22,249,100.0,"MA20, MA50, MA200, RSI, MACD, OBV, Trend",53.84615384615385,11.538461538461538,42.30769230769231,0,0,True,True,False,False,False,True,False,True,True,False,True,False,False,True,False,False,False,False,False,False,False,False
AMRX,Healthcare,Drug Manufacturers - Specialty & Generic,3.96,2025/06/22,249,100.0,"MA20, MA50, MA200, RSI, MACD, OBV, Trend",53.84615384615385,11.538461538461538,42.30769230769231,0,0,True,True,False,False,False,True,False,True,True,False,True,False,False,True,False,False,False,False,False,False,False,False
CRGY,Energy,Oil & Gas Integrated,3.91,2025/06/22,249,100.0,"MA20, MA50, MA200, RSI, MACD, OBV, Trend",53.84615384615385,11.538461538461538,42.30769230769231,0,0,True,True,False,False,False,True,False,True,True,False,True,False,False,True,False,False,False,False,False,False,False,False
BNL,Real Estate,REIT - Diversified,3.11,2025/06/22,249,100.0,"MA20, MA50, MA200, RSI, MACD, OBV, Trend",53.84615384615385,11.538461538461538,42.30769230769231,0,0,True,True,False,False,False,True,False,True,True,False,True,False,False,True,False,False,False,False,False,False,False,False
FANG,Energy,Oil & Gas E&P,47.99,2025/06/22,249,100.0,"MA20, MA50, MA200, RSI, MACD, OBV, Trend",53.84615384615385,11.538461538461538,42.30769230769231,1,0,True,True,False,False,False,True,False,True,True,False,True,False,False,True,False,False,False,False,False,False,False,False
JLL,Real Estate,Real Estate Services,13.42,2025/06/22,249,100.0,"MA20, MA50, MA200, RSI, MACD, OBV, Trend",53.84615384615385,11.538461538461538,42.30769230769231,0,0,True,True,False,False,False,True,False,True,True,False,True,False,False,True,False,False,False,False,False,False,False,False
UE,Real Estate,REIT - Retail,2.75,2025/06/22,249,100.0,"MA20, MA50, MA200, RSI, MACD, OBV, Trend",53.84615384615385,11.538461538461538,42.30769230769231,0,0,True,True,False,False,False,True,False,True,True,False,True,False,False,True,False,False,False,False,False,False,False,False
GRBK,Consumer Cyclical,Residential Construction,2.77,2025/06/22,249,100.0,"MA20, MA50, MA200, RSI, MACD, OBV, Trend",53.84615384615385,11.538461538461538,42.30769230769231,0,0,True,True,False,False,False,True,False,True,True,False,True,False,False,True,False,False,False,False,False,False,False,False
NE,Energy,Oil & Gas Drilling,5.14,2025/06/22,249,100.0,"MA20, MA50, MA200, RSI, MACD, OBV, Trend",50.0,7.6923076923076925,42.30769230769231,0,0,True,True,True,False,False,False,False,False,True,False,True,False,False,False,False,False,True,False,False,False,False,False
IRM,Real Estate,REIT - Specialty,29.81,2025/06/22,249,100.0,"MA20, MA50, MA200, RSI, MACD, OBV, Trend",61.53846153846154,19.230769230769234,42.30769230769231,0,0,True,True,False,False,False,True,True,True,False,True,True,False,False,True,False,False,False,False,False,True,False,False
NATL,Technology,Software - Application,2.31,2025/06/22,249,100.0,"MA20, MA50, MA200, RSI, MACD, OBV, Trend",53.84615384615385,11.538461538461538,42.30769230769231,1,0,True,True,False,False,False,True,False,True,True,False,True,False,False,True,False,False,False,False,False,False,False,False
DNN,Energy,Uranium,1.7,2025/06/22,249,100.0,"MA20, MA50, MA200, RSI, MACD, OBV, Trend",53.84615384615385,11.538461538461538,42.30769230769231,1,0,True,True,False,False,False,True,False,True,True,False,True,False,False,True,False,False,False,False,False,False,False,False
AYI,Industrials,Electrical Equipment & Parts,10.29,2025/06/22,249,100.0,"MA20, MA50, MA200, RSI, MACD, OBV, Trend",53.84615384615385,11.538461538461538,42.30769230769231,1,0,True,True,False,False,False,True,False,True,True,False,True,False,False,True,False,False,False,False,False,False,False,False
COP,Energy,Oil & Gas E&P,127.84,2025/06/22,249,100.0,"MA20, MA50, MA200, RSI, MACD, OBV, Trend",53.84615384615385,11.538461538461538,42.30769230769231,1,0,True,True,False,False,False,True,False,True,True,False,True,False,False,True,False,False,False,False,False,False,False,False
TRMD,Energy,Oil & Gas Midstream,1.94,2025/06/22,249,100.0,"MA20, MA50, MA200, RSI, MACD, OBV, Trend",61.53846153846154,19.230769230769234,42.30769230769231,0,0,True,True,False,False,False,True,False,True,True,True,True,False,False,True,False,False,False,True,False,False,False,False
IRON,Healthcare,Biotechnology,1.91,2025/06/22,249,100.0,"MA20, MA50, MA200, RSI, MACD, OBV, Trend",53.84615384615385,11.538461538461538,42.30769230769231,0,0,True,True,False,False,False,True,False,True,True,False,True,False,False,True,False,False,False,False,False,False,False,False
LC,Financial Services,Banks - Regional,1.53,2025/06/22,249,100.0,"MA20, MA50, MA200, RSI, MACD, OBV, Trend",53.84615384615385,11.538461538461538,42.30769230769231,0,0,True,True,False,False,False,True,False,True,True,False,True,False,False,True,False,False,False,False,False,False,False,False
VVV,Consumer Cyclical,Auto & Truck Dealerships,4.76,2025/06/22,249,100.0,"MA20, MA50, MA200, RSI, MACD, OBV, Trend",53.84615384615385,11.538461538461538,42.30769230769231,0,0,True,True,False,False,False,True,False,True,True,False,True,False,False,True,False,False,False,False,False,False,False,False
WTTR,Energy,Oil & Gas Equipment & Services,1.49,2025/06/22,249,100.0,"MA20, MA50, MA200, RSI, MACD, OBV, Trend",61.53846153846154,19.230769230769234,42.30769230769231,0,0,True,True,False,False,False,True,True,True,True,True,False,False,False,True,False,False,False,False,False,False,False,True
KOS,Energy,Oil & Gas E&P,1.5,2025/06/22,249,100.0,"MA20, MA50, MA200, RSI, MACD, OBV, Trend",53.84615384615385,11.538461538461538,42.30769230769231,1,0,True,True,False,False,False,True,False,True,True,False,True,False,False,True,False,False,False,False,False,False,False,False
BLD,Industrials,Engineering & Construction,10.39,2025/06/22,249,100.0,"MA20, MA50, MA200, RSI, MACD, OBV, Trend",53.84615384615385,11.538461538461538,42.30769230769231,0,0,True,True,False,False,False,True,False,True,True,False,True,False,False,True,False,False,False,False,False,False,False,False
MEDP,Healthcare,Diagnostics & Research,10.85,2025/06/22,249,100.0,"MA20, MA50, MA200, RSI, MACD, OBV, Trend",53.84615384615385,11.538461538461538,42.30769230769231,1,0,True,True,False,False,False,True,False,True,True,False,True,False,False,True,False,False,False,False,False,False,False,False
PEB,Real Estate,REIT - Hotel & Motel,1.57,2025/06/22,249,100.0,"MA20, MA50, MA200, RSI, MACD, OBV, Trend",53.84615384615385,11.538461538461538,42.30769230769231,0,0,True,True,False,False,False,True,False,True,True,False,True,False,False,True,False,False,False,False,False,False,False,False
PEG,Utilities,Utilities - Regulated Electric,41.62,2025/06/22,249,100.0,"MA20, MA50, MA200, RSI, MACD, OBV, Trend",53.84615384615385,11.538461538461538,42.30769230769231,0,0,True,True,False,False,False,True,False,True,True,False,True,False,False,True,False,False,False,False,False,False,False,False
KDP,Consumer Defensive,Beverages - Non-Alcoholic,43.54,2025/06/22,249,100.0,"MA20, MA50, MA200, RSI, MACD, OBV, Trend",53.84615384615385,11.538461538461538,42.30769230769231,0,0,True,False,True,False,False,True,False,True,True,False,True,False,True,False,False,False,False,False,False,False,False,False
DVN,Energy,Oil & Gas E&P,22.4,2025/06/22,249,100.0,"MA20, MA50, MA200, RSI, MACD, OBV, Trend",53.84615384615385,11.538461538461538,42.30769230769231,0,0,True,True,False,False,False,True,False,True,True,False,True,False,False,True,False,False,False,False,False,False,False,False
STNG,Energy,Oil & Gas Midstream,2.41,2025/06/22,249,100.0,"MA20, MA50, MA200, RSI, MACD, OBV, Trend",69.23076923076923,26.923076923076923,42.30769230769231,2,2,True,True,False,False,True,True,False,True,True,True,True,False,False,True,False,True,False,True,False,False,False,False
AZTA,Healthcare,Medical Instruments & Supplies,2.47,2025/06/22,249,100.0,"MA20, MA50, MA200, RSI, MACD, OBV, Trend",53.84615384615385,11.538461538461538,42.30769230769231,0,0,True,True,False,False,False,True,False,True,True,False,True,False,False,True,False,False,False,False,False,False,False,False
RIG,Energy,Oil & Gas Drilling,3.43,2025/06/22,249,100.0,"MA20, MA50, MA200, RSI, MACD, OBV, Trend",53.84615384615385,11.538461538461538,42.30769230769231,0,0,True,True,False,False,False,True,False,True,True,False,True,False,False,True,False,False,False,False,False,False,False,False
DNB,Financial Services,Financial Data & Stock Exchanges,5.43,2025/06/22,249,100.0,"MA20, MA50, MA200, RSI, MACD, OBV, Trend",53.84615384615385,11.538461538461538,42.30769230769231,0,1,True,True,False,False,False,True,False,True,True,False,True,False,False,True,False,False,False,False,False,False,False,False
PACS,Healthcare,Medical Care Facilities,2.25,2025/06/22,249,100.0,"MA20, MA50, MA200, RSI, MACD, OBV, Trend",61.53846153846154,19.230769230769234,42.30769230769231,2,1,True,True,False,False,True,True,False,False,True,True,True,False,False,True,False,False,False,True,False,False,False,False
EXPI,Real Estate,Real Estate Services,1.77,2025/06/22,249,100.0,"MA20, MA50, MA200, RSI, MACD, OBV, Trend",53.84615384615385,11.538461538461538,42.30769230769231,1,0,True,True,False,False,False,True,False,True,True,False,True,False,False,True,False,False,False,False,False,False,False,False
HHH,Real Estate,Real Estate - Diversified,3.83,2025/06/22,249,100.0,"MA20, MA50, MA200, RSI, MACD, OBV, Trend",53.84615384615385,11.538461538461538,42.30769230769231,0,0,True,True,False,False,False,True,False,True,True,False,True,False,False,True,False,False,False,False,False,False,False,False
MANU,Communication Services,Entertainment,2.69,2025/06/22,249,100.0,"MA20, MA50, MA200, RSI, MACD, OBV, Trend",50.0,7.6923076923076925,42.30769230769231,0,0,True,True,True,False,False,False,False,False,True,False,True,False,False,False,False,False,True,False,False,False,False,False
PTEN,Energy,Oil & Gas Drilling,3.15,2025/06/22,249,100.0,"MA20, MA50, MA200, RSI, MACD, OBV, Trend",53.84615384615385,11.538461538461538,42.30769230769231,0,0,True,True,False,False,False,True,False,True,True,False,True,False,False,True,False,False,False,False,False,False,False,False
TALO,Energy,Oil & Gas E&P,1.79,2025/06/22,249,100.0,"MA20, MA50, MA200, RSI, MACD, OBV, Trend",61.53846153846154,19.230769230769234,42.30769230769231,2,0,True,True,False,False,True,False,False,True,True,True,True,False,False,True,False,False,True,False,False,False,False,False
JXN,Financial Services,Insurance - Life,6.96,2025/06/22,249,100.0,"MA20, MA50, MA200, RSI, MACD, OBV, Trend",61.53846153846154,19.230769230769234,42.30769230769231,0,1,True,True,False,False,False,True,True,True,True,True,False,False,False,True,False,False,False,False,False,False,False,True
AIN,Consumer Cyclical,Textile Manufacturing,2.53,2025/06/22,249,100.0,"MA20, MA50, MA200, RSI, MACD, OBV, Trend",53.84615384615385,11.538461538461538,42.30769230769231,1,0,True,True,False,False,False,True,False,True,True,False,True,False,False,True,False,False,False,False,False,False,False,False
FLR,Industrials,Engineering & Construction,8.27,2025/06/22,249,100.0,"MA20, MA50, MA200, RSI, MACD, OBV, Trend",50.0,7.6923076923076925,42.30769230769231,1,0,True,True,True,False,False,False,False,False,True,False,True,False,False,False,False,False,True,False,False,False,False,False
ZETA,Technology,Software - Infrastructure,4.36,2025/06/22,249,100.0,"MA20, MA50, MA200, RSI, MACD, OBV, Trend",53.84615384615385,11.538461538461538,42.30769230769231,1,0,True,True,False,False,False,True,False,True,True,False,True,False,False,True,False,False,False,False,False,False,False,False
LSCC,Technology,Semiconductors,7.87,2025/06/22,249,100.0,"MA20, MA50, MA200, RSI, MACD, OBV, Trend",53.84615384615385,11.538461538461538,42.30769230769231,0,0,True,True,False,False,False,True,False,True,True,False,True,False,False,True,False,False,False,False,False,False,False,False
NOG,Energy,Oil & Gas E&P,3.71,2025/06/22,249,100.0,"MA20, MA50, MA200, RSI, MACD, OBV, Trend",53.84615384615385,11.538461538461538,42.30769230769231,1,0,True,True,False,False,False,True,False,True,True,False,True,False,False,True,False,False,False,False,False,False,False,False
IAC,Communication Services,Internet Content & Information,3.65,2025/06/22,249,100.0,"MA20, MA50, MA200, RSI, MACD, OBV, Trend",53.84615384615385,11.538461538461538,42.30769230769231,1,0,True,True,False,False,False,True,False,True,True,False,True,False,False,True,False,False,False,False,False,False,False,False
CXT,Industrials,Specialty Industrial Machinery,3.67,2025/06/22,249,100.0,"MA20, MA50, MA200, RSI, MACD, OBV, Trend",61.53846153846154,19.230769230769234,42.30769230769231,2,0,True,True,False,False,True,True,False,True,False,True,True,False,False,True,False,False,False,False,False,True,False,False
TER,Technology,Semiconductor Equipment & Materials,18.86,2025/06/22,249,100.0,"MA20, MA50, MA200, RSI, MACD, OBV, Trend",53.84615384615385,11.538461538461538,42.30769230769231,1,0,True,True,False,False,False,True,False,True,True,False,True,False,False,True,False,False,False,False,False,False,False,False
AGIO,Healthcare,Biotechnology,1.96,2025/06/22,249,100.0,"MA20, MA50, MA200, RSI, MACD, OBV, Trend",53.84615384615385,11.538461538461538,42.30769230769231,0,1,True,True,False,False,False,True,False,True,True,False,True,False,False,True,False,False,False,False,False,False,False,False
CIGI,Real Estate,Real Estate Services,7.22,2025/06/22,249,100.0,"MA20, MA50, MA200, RSI, MACD, OBV, Trend",53.84615384615385,11.538461538461538,42.30769230769231,0,0,True,True,False,False,False,True,False,True,True,False,True,False,False,True,False,False,False,False,False,False,False,False
SPH,Utilities,Utilities - Regulated Gas,1.36,2025/06/22,249,100.0,"MA20, MA50, MA200, RSI, MACD, OBV, Trend",53.84615384615385,11.538461538461538,42.30769230769231,1,1,True,False,True,False,False,True,False,True,True,False,True,False,True,False,False,False,False,False,False,False,False,False
CVE,Energy,Oil & Gas Integrated,26.58,2025/06/22,249,100.0,"MA20, MA50, MA200, RSI, MACD, OBV, Trend",53.84615384615385,11.538461538461538,42.30769230769231,0,0,True,True,False,False,False,True,False,True,True,False,True,False,False,True,False,False,False,False,False,False,False,False
BFS,Real Estate,REIT - Retail,1.26,2025/06/22,249,100.0,"MA20, MA50, MA200, RSI, MACD, OBV, Trend",53.84615384615385,11.538461538461538,42.30769230769231,0,1,True,True,False,False,False,True,False,True,True,False,True,False,False,True,False,False,False,False,False,False,False,False
CAMT,Technology,Semiconductor Equipment & Materials,4.29,2025/06/22,249,100.0,"MA20, MA50, MA200, RSI, MACD, OBV, Trend",53.84615384615385,11.538461538461538,42.30769230769231,0,0,True,True,False,False,False,True,False,True,True,False,True,False,False,True,False,False,False,False,False,False,False,False
ABG,Consumer Cyclical,Auto & Truck Dealerships,5.81,2025/06/22,249,100.0,"MA20, MA50, MA200, RSI, MACD, OBV, Trend",53.84615384615385,11.538461538461538,42.30769230769231,1,0,True,True,False,False,False,True,False,True,True,False,True,False,False,True,False,False,False,False,False,False,False,False
PFE,Healthcare,Drug Manufacturers - General,150.29,2025/06/22,249,100.0,"MA20, MA50, MA200, RSI, MACD, OBV, Trend",53.84615384615385,11.538461538461538,42.30769230769231,0,0,True,True,False,False,False,True,False,True,True,False,True,False,False,True,False,False,False,False,False,False,False,False
DLR,Real Estate,REIT - Specialty,55.4,2025/06/22,249,100.0,"MA20, MA50, MA200, RSI, MACD, OBV, Trend",57.692307692307686,15.384615384615385,42.3076923076923,0,0,True,True,True,False,False,False,False,True,False,True,True,False,False,False,False,False,True,False,False,True,False,False
QQQX,Financial Services,Asset Management,1.34,2025/06/22,249,100.0,"MA20, MA50, MA200, RSI, MACD, OBV, Trend",57.692307692307686,15.384615384615385,42.3076923076923,0,0,True,True,True,False,False,False,True,True,False,False,True,False,False,False,False,False,True,False,False,True,False,False
NBIX,Healthcare,Drug Manufacturers - Specialty & Generic,15.37,2025/06/22,249,100.0,"MA20, MA50, MA200, RSI, MACD, OBV, Trend",57.692307692307686,15.384615384615385,42.3076923076923,0,0,True,True,True,False,False,True,False,True,False,True,False,False,False,False,False,False,False,False,False,True,False,True
QTWO,Technology,Software - Application,5.75,2025/06/22,249,100.0,"MA20, MA50, MA200, RSI, MACD, OBV, Trend",57.692307692307686,15.384615384615385,42.3076923076923,0,1,True,True,True,False,False,True,True,True,False,False,False,False,False,False,False,False,False,False,False,True,False,True
KYMR,Healthcare,Biotechnology,2.56,2025/06/22,249,100.0,"MA20, MA50, MA200, RSI, MACD, OBV, Trend",57.692307692307686,15.384615384615385,42.3076923076923,0,0,True,True,True,False,False,False,True,True,False,False,True,False,False,False,False,False,True,False,False,True,False,False
NMR,Financial Services,Capital Markets,19.54,2025/06/22,249,100.0,"MA20, MA50, MA200, RSI, MACD, OBV, Trend",57.692307692307686,15.384615384615385,42.3076923076923,0,0,True,True,True,False,False,True,False,True,False,True,False,False,False,False,False,False,False,False,False,True,False,True
BXMX,Financial Services,Asset Management,1.48,2025/06/22,249,100.0,"MA20, MA50, MA200, RSI, MACD, OBV, Trend",57.692307692307686,15.384615384615385,42.3076923076923,0,0,True,True,True,False,False,False,True,True,False,False,True,False,False,False,False,False,True,False,False,True,False,False
BEP,Utilities,Utilities - Renewable,14.47,2025/06/22,249,100.0,"MA20, MA50, MA200, RSI, MACD, OBV, Trend",57.692307692307686,15.384615384615385,42.3076923076923,2,0,True,True,True,False,True,False,False,True,False,False,True,False,False,False,False,False,True,False,False,True,False,False
HGV,Consumer Cyclical,Resorts & Casinos,4.06,2025/06/22,249,100.0,"MA20, MA50, MA200, RSI, MACD, OBV, Trend",57.692307692307686,15.384615384615385,42.3076923076923,1,0,True,True,True,False,False,True,False,True,False,False,True,False,False,False,False,False,False,True,False,True,False,False
BSTZ,Financial Services,Asset Management,1.53,2025/06/22,249,100.0,"MA20, MA50, MA200, RSI, MACD, OBV, Trend",57.692307692307686,15.384615384615385,42.3076923076923,0,0,True,True,True,False,False,True,False,True,False,True,False,False,False,False,False,False,False,False,False,True,False,True
NVEE,Industrials,Engineering & Construction,1.23,2025/06/22,249,100.0,"MA20, MA50, MA200, RSI, MACD, OBV, Trend",57.692307692307686,15.384615384615385,42.3076923076923,0,0,True,True,True,False,False,False,False,True,False,True,True,False,False,False,False,False,True,False,False,True,False,False
GLW,Technology,Electronic Components,44.54,2025/06/22,249,100.0,"MA20, MA50, MA200, RSI, MACD, OBV, Trend",57.692307692307686,15.384615384615385,42.3076923076923,0,0,True,True,True,False,False,True,True,True,False,False,False,False,False,False,False,False,False,False,False,True,False,True
STAG,Real Estate,REIT - Industrial,6.36,2025/06/22,249,100.0,"MA20, MA50, MA200, RSI, MACD, OBV, Trend",57.692307692307686,15.384615384615385,42.3076923076923,0,0,True,True,True,False,False,False,True,True,False,False,True,False,False,False,False,False,True,False,False,True,False,False
NVT,Industrials,Electrical Equipment & Parts,10.73,2025/06/22,249,100.0,"MA20, MA50, MA200, RSI, MACD, OBV, Trend",57.692307692307686,15.384615384615385,42.3076923076923,0,0,True,True,True,False,False,False,False,True,False,True,True,False,False,False,False,False,True,False,False,True,False,False
HYT,Financial Services,Asset Management,1.43,2025/06/22,249,100.0,"MA20, MA50, MA200, RSI, MACD, OBV, Trend",61.53846153846154,23.076923076923077,38.46153846153847,0,0,True,True,True,True,False,False,False,True,False,True,False,False,False,False,False,False,True,False,False,True,False,True
GHC,Consumer Defensive,Education & Training Services,4.03,2025/06/22,249,100.0,"MA20, MA50, MA200, RSI, MACD, OBV, Trend",61.53846153846154,23.076923076923077,38.46153846153847,0,4,True,True,True,True,False,True,False,True,False,False,False,False,False,False,False,True,False,False,False,True,False,True
OKLO,Utilities,Utilities - Regulated Electric,5.69,2025/06/22,249,100.0,"MA20, MA50, MA200, RSI, MACD, OBV, Trend",61.53846153846154,23.076923076923077,38.46153846153847,1,0,True,True,True,True,False,False,True,True,False,False,False,False,False,False,False,False,True,False,False,True,False,True
UTG,Financial Services,Asset Management,2.89,2025/06/22,249,100.0,"MA20, MA50, MA200, RSI, MACD, OBV, Trend",61.53846153846154,23.076923076923077,38.46153846153847,0,0,True,True,True,True,False,False,True,True,False,False,False,False,False,False,False,False,True,False,False,True,False,True
LUCK,Consumer Cyclical,Leisure,1.56,2025/06/22,249,100.0,"MA20, MA50, MA200, RSI, MACD, OBV, Trend",61.53846153846154,23.076923076923077,38.46153846153847,0,0,True,True,False,False,False,True,False,True,True,True,True,False,False,True,True,False,False,False,False,False,False,False
DRS,Industrials,Aerospace & Defense,9.34,2025/06/22,249,100.0,"MA20, MA50, MA200, RSI, MACD, OBV, Trend",61.53846153846154,23.076923076923077,38.46153846153847,0,2,True,True,True,True,False,True,False,True,False,False,False,False,False,False,False,True,False,False,False,True,False,True
MSGS,Communication Services,Entertainment,5.28,2025/06/22,249,100.0,"MA20, MA50, MA200, RSI, MACD, OBV, Trend",61.53846153846154,23.076923076923077,38.46153846153847,2,0,True,True,False,False,True,True,False,True,True,False,True,False,False,True,True,False,False,False,False,False,False,False
GEL,Energy,Oil & Gas Midstream,1.29,2025/06/22,249,100.0,"MA20, MA50, MA200, RSI, MACD, OBV, Trend",61.53846153846154,23.076923076923077,38.46153846153847,1,2,True,True,True,True,False,True,False,True,False,False,False,False,False,False,False,True,False,False,False,True,False,True
RES,Energy,Oil & Gas Equipment & Services,1.32,2025/06/22,249,100.0,"MA20, MA50, MA200, RSI, MACD, OBV, Trend",61.53846153846154,23.076923076923077,38.46153846153847,0,0,True,True,False,False,False,True,False,True,True,True,True,False,False,True,True,False,False,False,False,False,False,False
LILA,Communication Services,Telecom Services,1.21,2025/06/22,249,100.0,"MA20, MA50, MA200, RSI, MACD, OBV, Trend",61.53846153846154,23.076923076923077,38.46153846153847,0,0,True,True,False,False,False,True,False,True,True,True,True,False,False,True,True,False,False,False,False,False,False,False
VRSN,Technology,Software - Infrastructure,20.66,2025/06/22,249,100.0,"MA20, MA50, MA200, RSI, MACD, OBV, Trend",61.53846153846154,23.076923076923077,38.46153846153847,0,0,True,True,True,True,False,False,True,True,False,False,False,False,False,False,False,False,True,False,False,True,False,True
AGO,Financial Services,Insurance - Specialty,4.86,2025/06/22,249,100.0,"MA20, MA50, MA200, RSI, MACD, OBV, Trend",61.53846153846154,23.076923076923077,38.46153846153847,1,0,True,True,False,False,False,True,False,True,True,True,True,False,False,True,True,False,False,False,False,False,False,False
JBGS,Real Estate,REIT - Office,1.31,2025/06/22,249,100.0,"MA20, MA50, MA200, RSI, MACD, OBV, Trend",61.53846153846154,23.076923076923077,38.46153846153847,0,2,True,True,True,True,False,True,False,True,False,False,False,False,False,False,False,True,False,False,False,True,False,True
TPC,Industrials,Engineering & Construction,1.26,2025/06/22,249,100.0,"MA20, MA50, MA200, RSI, MACD, OBV, Trend",53.84615384615385,15.384615384615385,38.46153846153846,0,0,True,True,True,True,False,False,False,False,False,False,True,False,False,False,False,False,True,False,False,True,False,False
BPMC,Healthcare,Biotechnology,7.15,2025/06/22,249,100.0,"MA20, MA50, MA200, RSI, MACD, OBV, Trend",53.84615384615385,15.384615384615385,38.46153846153846,0,0,True,True,True,True,False,False,False,False,False,False,True,False,False,False,False,False,True,False,False,True,False,False
TR,Consumer Defensive,Confectioners,2.12,2025/06/22,249,100.0,"MA20, MA50, MA200, RSI, MACD, OBV, Trend",57.692307692307686,19.230769230769234,38.46153846153845,0,0,False,True,True,True,False,True,False,True,False,False,True,True,False,False,False,False,False,False,False,True,False,False
HDB,Financial Services,Banks - Regional,154.64,2025/06/22,249,100.0,"MA20, MA50, MA200, RSI, MACD, OBV, Trend",57.692307692307686,19.230769230769234,38.46153846153845,0,0,False,True,True,True,False,True,False,True,False,False,True,True,False,False,False,False,False,False,False,True,False,False
AL,Industrials,Rental & Leasing Services,5.18,2025/06/22,249,100.0,"MA20, MA50, MA200, RSI, MACD, OBV, Trend",57.692307692307686,19.230769230769234,38.46153846153845,0,0,False,True,True,True,False,True,False,True,False,False,True,True,False,False,False,False,False,False,False,True,False,False
CNK,Communication Services,Entertainment,3.53,2025/06/22,249,100.0,"MA20, MA50, MA200, RSI, MACD, OBV, Trend",57.692307692307686,19.230769230769234,38.46153846153845,1,0,False,True,True,True,False,True,False,True,False,False,True,True,False,False,False,False,False,False,False,True,False,False
NTB,Financial Services,Banks - Diversified,1.63,2025/06/22,249,100.0,"MA20, MA50, MA200, RSI, MACD, OBV, Trend",57.692307692307686,19.230769230769234,38.46153846153845,0,0,False,True,True,True,False,True,False,True,False,False,True,True,False,False,False,False,False,False,False,True,False,False
SEIC,Financial Services,Asset Management,10.98,2025/06/22,249,100.0,"MA20, MA50, MA200, RSI, MACD, OBV, Trend",57.692307692307686,19.230769230769234,38.46153846153845,0,0,False,True,True,True,False,True,False,True,False,False,True,True,False,False,False,False,False,False,False,True,False,False
MGM,Consumer Cyclical,Resorts & Casinos,10.27,2025/06/22,249,100.0,"MA20, MA50, MA200, RSI, MACD, OBV, Trend",53.84615384615385,19.230769230769234,34.61538461538461,0,1,True,True,False,False,False,True,False,True,True,True,False,False,False,True,False,False,False,False,False,False,False,True
WKC,Energy,Oil & Gas Refining & Marketing,1.64,2025/06/22,249,100.0,"MA20, MA50, MA200, RSI, MACD, OBV, Trend",50.0,15.384615384615385,34.61538461538461,0,1,True,True,True,False,False,True,False,True,False,False,False,False,False,False,False,False,False,False,False,True,False,True
ACLS,Technology,Semiconductor Equipment & Materials,2.28,2025/06/22,249,100.0,"MA20, MA50, MA200, RSI, MACD, OBV, Trend",53.84615384615385,19.230769230769234,34.61538461538461,2,0,True,True,False,False,True,False,False,True,True,False,True,False,False,True,False,False,True,False,False,False,False,False
PRGS,Technology,Software - Infrastructure,2.49,2025/06/22,249,100.0,"MA20, MA50, MA200, RSI, MACD, OBV, Trend",53.84615384615385,19.230769230769234,34.61538461538461,0,1,False,True,True,False,False,True,True,True,False,False,True,True,False,False,False,False,False,False,False,True,False,False
JBTM,Industrials,Specialty Industrial Machinery,6.83,2025/06/22,249,100.0,"MA20, MA50, MA200, RSI, MACD, OBV, Trend",50.0,15.384615384615385,34.61538461538461,0,0,True,True,True,False,False,True,False,True,False,False,False,False,False,False,False,False,False,False,False,True,False,True
GEN,Technology,Software - Infrastructure,17.19,2025/06/22,249,100.0,"MA20, MA50, MA200, RSI, MACD, OBV, Trend",50.0,15.384615384615385,34.61538461538461,0,1,True,True,True,False,False,True,False,True,False,False,False,False,False,False,False,False,False,False,False,True,False,True
ARW,Technology,Electronics & Computer Distribution,6.13,2025/06/22,249,100.0,"MA20, MA50, MA200, RSI, MACD, OBV, Trend",57.692307692307686,23.076923076923077,34.61538461538461,0,0,True,True,True,False,False,True,False,True,False,True,False,False,False,False,False,False,False,True,False,True,False,True
COHR,Technology,Scientific & Technical Instruments,14.0,2025/06/22,249,100.0,"MA20, MA50, MA200, RSI, MACD, OBV, Trend",53.84615384615385,19.230769230769234,34.61538461538461,0,0,True,True,False,False,False,True,True,True,False,False,True,False,False,True,False,False,False,False,False,True,False,False
PATK,Consumer Cyclical,"Furnishings, Fixtures & Appliances",3.26,2025/06/22,249,100.0,"MA20, MA50, MA200, RSI, MACD, OBV, Trend",50.0,15.384615384615385,34.61538461538461,0,0,True,True,True,False,False,True,False,True,False,False,False,False,False,False,False,False,False,False,False,True,False,True
SUZ,Basic Materials,Paper & Paper Products,13.38,2025/06/22,249,100.0,"MA20, MA50, MA200, RSI, MACD, OBV, Trend",53.84615384615385,19.230769230769234,34.61538461538461,0,0,True,True,False,False,False,False,False,True,True,True,True,False,False,True,False,False,True,False,False,False,False,False
CET,Financial Services,Asset Management,1.35,2025/06/22,249,100.0,"MA20, MA50, MA200, RSI, MACD, OBV, Trend",50.0,15.384615384615385,34.61538461538461,0,0,True,True,True,False,False,True,False,True,False,False,False,False,False,False,False,False,False,False,False,True,False,True
AMZN,Consumer Cyclical,Internet Retail,2499.21,2025/06/22,249,100.0,"MA20, MA50, MA200, RSI, MACD, OBV, Trend",50.0,15.384615384615385,34.61538461538461,0,0,True,True,True,False,False,True,False,True,False,False,False,False,False,False,False,False,False,False,False,True,False,True
TSM,Technology,Semiconductors,1085.65,2025/06/22,249,100.0,"MA20, MA50, MA200, RSI, MACD, OBV, Trend",50.0,15.384615384615385,34.61538461538461,0,0,True,True,True,False,False,False,False,True,False,False,True,False,False,False,False,False,True,False,False,True,False,False
AVT,Technology,Electronics & Computer Distribution,4.49,2025/06/22,249,100.0,"MA20, MA50, MA200, RSI, MACD, OBV, Trend",50.0,15.384615384615385,34.61538461538461,1,0,True,True,True,False,False,True,False,True,False,False,False,False,False,False,False,False,False,False,False,True,False,True
QRVO,Technology,Semiconductors,7.75,2025/06/22,249,100.0,"MA20, MA50, MA200, RSI, MACD, OBV, Trend",50.0,15.384615384615385,34.61538461538461,0,1,True,True,True,False,False,True,False,True,False,False,False,False,False,False,False,False,False,False,False,True,False,True
GEF,Consumer Cyclical,Packaging & Containers,2.93,2025/06/22,249,100.0,"MA20, MA50, MA200, RSI, MACD, OBV, Trend",50.0,15.384615384615385,34.61538461538461,0,1,True,True,True,False,False,False,False,True,True,False,False,False,False,False,False,False,True,False,False,False,False,True
DDS,Consumer Cyclical,Department Stores,7.49,2025/06/22,249,100.0,"MA20, MA50, MA200, RSI, MACD, OBV, Trend",50.0,15.384615384615385,34.61538461538461,0,0,True,True,True,False,False,True,False,True,False,False,False,False,False,False,False,False,False,False,False,True,False,True
MRVL,Technology,Semiconductors,97.66,2025/06/22,249,100.0,"MA20, MA50, MA200, RSI, MACD, OBV, Trend",53.84615384615385,19.230769230769234,34.61538461538461,1,0,True,True,False,False,False,True,False,True,True,True,False,False,False,True,False,False,False,False,False,False,False,True
PKX,Basic Materials,Steel,13.68,2025/06/22,249,100.0,"MA20, MA50, MA200, RSI, MACD, OBV, Trend",53.84615384615385,19.230769230769234,34.61538461538461,0,0,True,True,False,False,False,True,False,True,True,False,True,False,False,True,False,False,False,True,False,False,False,False
NCLH,Consumer Cyclical,Travel Services,12.47,2025/06/22,249,100.0,"MA20, MA50, MA200, RSI, MACD, OBV, Trend",53.84615384615385,19.230769230769234,34.61538461538461,0,0,True,True,False,False,False,True,True,True,False,False,True,False,False,True,False,False,False,False,False,True,False,False
ESRT,Real Estate,REIT - Diversified,2.75,2025/06/22,249,100.0,"MA20, MA50, MA200, RSI, MACD, OBV, Trend",53.84615384615385,19.230769230769234,34.61538461538461,1,0,True,True,False,False,False,False,False,True,True,True,True,False,False,True,False,False,True,False,False,False,False,False
PRIM,Industrials,Engineering & Construction,4.12,2025/06/22,249,100.0,"MA20, MA50, MA200, RSI, MACD, OBV, Trend",50.0,15.384615384615385,34.61538461538461,0,0,True,True,True,False,False,True,False,True,False,False,False,False,False,False,False,False,False,False,False,True,False,True
LBRT,Energy,Oil & Gas Equipment & Services,2.99,2025/06/22,249,100.0,"MA20, MA50, MA200, RSI, MACD, OBV, Trend",53.84615384615385,19.230769230769234,34.61538461538461,0,0,True,True,False,False,False,True,False,True,True,True,False,False,False,True,False,False,False,False,False,False,False,True
ADSK,Technology,Software - Application,67.1,2025/06/22,249,100.0,"MA20, MA50, MA200, RSI, MACD, OBV, Trend",50.0,15.384615384615385,34.61538461538461,0,0,True,True,True,False,False,True,False,True,False,False,False,False,False,False,False,False,False,False,False,True,False,True
ELF,Consumer Defensive,Household & Personal Products,5.63,2025/06/22,249,100.0,"MA20, MA50, MA200, RSI, MACD, OBV, Trend",50.0,15.384615384615385,34.61538461538461,0,0,True,True,True,False,False,False,False,True,False,False,True,False,False,False,False,False,True,False,False,True,False,False
CHRD,Energy,Oil & Gas E&P,7.07,2025/06/22,249,100.0,"MA20, MA50, MA200, RSI, MACD, OBV, Trend",53.84615384615385,19.230769230769234,34.61538461538461,0,1,True,True,False,False,False,True,False,True,True,True,False,False,False,True,False,False,False,False,False,False,False,True
HBAN,Financial Services,Banks - Regional,25.0,2025/06/22,249,100.0,"MA20, MA50, MA200, RSI, MACD, OBV, Trend",50.0,15.384615384615385,34.61538461538461,0,1,True,True,True,False,False,False,False,True,False,False,True,False,False,False,False,False,True,False,False,True,False,False
ETN,Industrials,Specialty Industrial Machinery,129.01,2025/06/22,249,100.0,"MA20, MA50, MA200, RSI, MACD, OBV, Trend",50.0,15.384615384615385,34.61538461538461,0,1,True,True,True,False,False,True,False,True,False,False,False,False,False,False,False,False,False,False,False,True,False,True
AMAT,Technology,Semiconductor Equipment & Materials,147.68,2025/06/22,249,100.0,"MA20, MA50, MA200, RSI, MACD, OBV, Trend",53.84615384615385,19.230769230769234,34.61538461538461,0,1,True,True,False,False,False,True,False,True,True,True,False,False,False,True,False,False,False,False,False,False,False,True
ADI,Technology,Semiconductors,105.13,2025/06/22,249,100.0,"MA20, MA50, MA200, RSI, MACD, OBV, Trend",50.0,15.384615384615385,34.61538461538461,0,0,True,True,True,False,False,True,False,True,False,False,False,False,False,False,False,False,False,False,False,True,False,True
NEE,Utilities,Utilities - Regulated Electric,147.16,2025/06/22,249,100.0,"MA20, MA50, MA200, RSI, MACD, OBV, Trend",53.84615384615385,19.230769230769234,34.61538461538461,0,0,True,True,False,False,False,True,False,True,False,True,True,False,False,True,False,False,False,False,False,True,False,False
MRC,Energy,Oil & Gas Equipment & Services,1.29,2025/06/22,249,100.0,"MA20, MA50, MA200, RSI, MACD, OBV, Trend",50.0,15.384615384615385,34.61538461538461,0,0,True,True,True,False,False,False,False,True,False,False,True,False,False,False,False,False,True,False,False,True,False,False
RDY,Healthcare,Drug Manufacturers - Specialty & Generic,11.51,2025/06/22,249,100.0,"MA20, MA50, MA200, RSI, MACD, OBV, Trend",50.0,15.384615384615385,34.61538461538461,0,0,True,True,True,False,False,False,False,True,False,False,True,False,False,False,False,False,True,False,False,True,False,False
SDRL,Energy,Oil & Gas Drilling,2.34,2025/06/22,249,100.0,"MA20, MA50, MA200, RSI, MACD, OBV, Trend",53.84615384615385,19.230769230769234,34.61538461538461,1,1,True,True,False,False,False,True,False,True,True,True,False,False,False,True,False,False,False,False,False,False,False,True
PZZA,Consumer Cyclical,Restaurants,1.29,2025/06/22,249,100.0,"MA20, MA50, MA200, RSI, MACD, OBV, Trend",50.0,15.384615384615385,34.61538461538461,1,0,True,True,True,False,False,False,False,True,False,False,True,False,False,False,False,False,True,False,False,True,False,False
BIPC,Utilities,Utilities - Regulated Gas,4.99,2025/06/22,249,100.0,"MA20, MA50, MA200, RSI, MACD, OBV, Trend",50.0,15.384615384615385,34.61538461538461,0,0,True,True,True,False,False,False,False,True,False,False,True,False,False,False,False,False,True,False,False,True,False,False
ARMK,Industrials,Specialty Business Services,10.31,2025/06/22,249,100.0,"MA20, MA50, MA200, RSI, MACD, OBV, Trend",50.0,15.384615384615385,34.61538461538461,0,0,True,True,True,False,False,False,False,True,False,False,True,False,False,False,False,False,True,False,False,True,False,False
FIS,Technology,Information Technology Services,43.86,2025/06/22,249,100.0,"MA20, MA50, MA200, RSI, MACD, OBV, Trend",50.0,15.384615384615385,34.61538461538461,0,0,True,True,True,False,False,True,False,True,False,False,False,False,False,False,False,False,False,False,False,True,False,True
KEX,Industrials,Marine Shipping,6.27,2025/06/22,249,100.0,"MA20, MA50, MA200, RSI, MACD, OBV, Trend",50.0,15.384615384615385,34.61538461538461,0,0,True,True,True,False,False,True,False,True,False,False,False,False,False,False,False,False,False,False,False,True,False,True
TXN,Technology,Semiconductors,168.4,2025/06/22,249,100.0,"MA20, MA50, MA200, RSI, MACD, OBV, Trend",50.0,15.384615384615385,34.61538461538461,0,0,True,True,True,False,False,True,False,True,False,False,False,False,False,False,False,False,False,False,False,True,False,True
MET,Financial Services,Insurance - Life,59.9,2025/06/22,249,100.0,"MA20, MA50, MA200, RSI, MACD, OBV, Trend",53.84615384615385,19.230769230769234,34.61538461538461,1,0,True,True,False,False,False,True,True,True,False,False,True,False,False,True,False,False,False,False,False,True,False,False
CSX,Industrials,Railroads,63.39,2025/06/22,249,100.0,"MA20, MA50, MA200, RSI, MACD, OBV, Trend",50.0,15.384615384615385,34.61538461538461,0,0,True,True,True,False,False,True,False,True,False,False,False,False,False,False,False,False,False,False,False,True,False,True
MSA,Industrials,Security & Protection Services,6.48,2025/06/22,249,100.0,"MA20, MA50, MA200, RSI, MACD, OBV, Trend",50.0,15.384615384615385,34.61538461538461,0,1,True,True,True,False,False,True,False,True,False,False,False,False,False,False,False,False,False,False,False,True,False,True
SLB,Energy,Oil & Gas Equipment & Services,56.43,2025/06/22,249,100.0,"MA20, MA50, MA200, RSI, MACD, OBV, Trend",53.84615384615385,19.230769230769234,34.61538461538461,0,1,True,True,False,False,False,True,False,True,True,True,False,False,False,True,False,False,False,False,False,False,False,True
STM,Technology,Semiconductors,20.13,2025/06/22,249,100.0,"MA20, MA50, MA200, RSI, MACD, OBV, Trend",50.0,15.384615384615385,34.61538461538461,0,0,True,True,True,False,False,False,False,True,False,False,True,False,False,False,False,False,True,False,False,True,False,False
XPRO,Energy,Oil & Gas Equipment & Services,1.48,2025/06/22,249,100.0,"MA20, MA50, MA200, RSI, MACD, OBV, Trend",53.84615384615385,19.230769230769234,34.61538461538461,1,0,True,True,False,False,False,True,False,True,True,False,True,False,False,True,False,False,False,True,False,False,False,False
NXE,Energy,Uranium,3.85,2025/06/22,249,100.0,"MA20, MA50, MA200, RSI, MACD, OBV, Trend",50.0,15.384615384615385,34.61538461538461,0,0,True,True,True,False,False,True,False,True,False,False,False,False,False,False,False,False,False,False,False,True,False,True
ATS,Industrials,Specialty Industrial Machinery,2.65,2025/06/22,249,100.0,"MA20, MA50, MA200, RSI, MACD, OBV, Trend",50.0,15.384615384615385,34.61538461538461,0,0,True,True,True,False,False,False,False,True,False,False,True,False,False,False,False,False,True,False,False,True,False,False
IREN,Financial Services,Capital Markets,2.19,2025/06/22,249,100.0,"MA20, MA50, MA200, RSI, MACD, OBV, Trend",50.0,15.384615384615385,34.61538461538461,0,0,True,True,True,False,False,False,False,True,False,False,True,False,False,False,False,False,True,False,False,True,False,False
AVDX,Technology,Software - Infrastructure,2.19,2025/06/22,249,100.0,"MA20, MA50, MA200, RSI, MACD, OBV, Trend",53.84615384615385,19.230769230769234,34.61538461538461,0,0,False,True,True,False,False,True,True,True,False,False,True,True,False,False,False,False,False,False,False,True,False,False
PLUS,Technology,Software - Application,2.14,2025/06/22,249,100.0,"MA20, MA50, MA200, RSI, MACD, OBV, Trend",53.84615384615385,19.230769230769234,34.61538461538461,1,0,True,True,False,False,False,True,True,True,False,False,True,False,False,True,False,False,False,False,False,True,False,False
ESS,Real Estate,REIT - Residential,18.95,2025/06/22,249,100.0,"MA20, MA50, MA200, RSI, MACD, OBV, Trend",53.84615384615385,19.230769230769234,34.61538461538461,0,0,True,True,False,False,False,False,True,True,True,False,True,False,False,True,False,False,True,False,False,False,False,False
HBM,Basic Materials,Copper,3.26,2025/06/22,249,100.0,"MA20, MA50, MA200, RSI, MACD, OBV, Trend",50.0,15.384615384615385,34.61538461538461,0,0,True,True,True,False,False,False,False,True,False,False,True,False,False,False,False,False,True,False,False,True,False,False
EVT,Financial Services,Asset Management,1.83,2025/06/22,249,100.0,"MA20, MA50, MA200, RSI, MACD, OBV, Trend",50.0,15.384615384615385,34.61538461538461,0,0,True,True,True,False,False,False,False,True,False,False,True,False,False,False,False,False,True,False,False,True,False,False
CDLR,Industrials,Engineering & Construction,1.85,2025/06/22,249,100.0,"MA20, MA50, MA200, RSI, MACD, OBV, Trend",53.84615384615385,19.230769230769234,34.61538461538461,0,1,True,True,False,False,False,True,True,False,True,False,True,False,False,True,False,False,False,False,True,False,False,False
HL,Basic Materials,Other Precious Metals & Mining,3.62,2025/06/22,249,100.0,"MA20, MA50, MA200, RSI, MACD, OBV, Trend",50.0,15.384615384615385,34.61538461538461,0,0,True,True,True,False,False,True,False,True,False,False,False,False,False,False,False,False,False,False,False,True,False,True
MCHP,Technology,Semiconductors,29.16,2025/06/22,249,100.0,"MA20, MA50, MA200, RSI, MACD, OBV, Trend",50.0,15.384615384615385,34.61538461538461,0,0,True,True,True,False,False,False,False,True,False,False,True,False,False,False,False,False,True,False,False,True,False,False
STX,Technology,Computer Hardware,20.4,2025/06/22,249,100.0,"MA20, MA50, MA200, RSI, MACD, OBV, Trend",53.84615384615385,23.076923076923077,30.76923076923077,0,0,True,True,True,True,False,False,False,False,False,True,False,False,False,False,False,False,True,False,False,True,False,True
AVTR,Healthcare,Medical Instruments & Supplies,15.16,2025/06/22,249,100.0,"MA20, MA50, MA200, RSI, MACD, OBV, Trend",53.84615384615385,23.076923076923077,30.76923076923077,1,0,True,True,False,False,False,True,False,True,True,False,True,False,False,True,True,False,False,False,False,False,False,False
RVTY,Healthcare,Diagnostics & Research,15.35,2025/06/22,249,100.0,"MA20, MA50, MA200, RSI, MACD, OBV, Trend",53.84615384615385,23.076923076923077,30.76923076923077,0,0,True,True,False,False,False,True,False,True,True,False,True,False,False,True,True,False,False,False,False,False,False,False
GLPI,Real Estate,REIT - Specialty,13.29,2025/06/22,249,100.0,"MA20, MA50, MA200, RSI, MACD, OBV, Trend",53.84615384615385,23.076923076923077,30.76923076923077,0,0,True,True,False,False,False,True,False,True,True,False,True,False,False,True,True,False,False,False,False,False,False,False
TMHC,Consumer Cyclical,Residential Construction,6.67,2025/06/22,249,100.0,"MA20, MA50, MA200, RSI, MACD, OBV, Trend",53.84615384615385,23.076923076923077,30.76923076923077,0,0,True,True,False,False,False,True,False,True,True,False,True,False,False,True,True,False,False,False,False,False,False,False
WEN,Consumer Cyclical,Restaurants,3.02,2025/06/22,249,100.0,"MA20, MA50, MA200, RSI, MACD, OBV, Trend",53.84615384615385,23.076923076923077,30.76923076923077,1,0,True,True,False,False,False,True,False,True,True,False,True,False,False,True,True,False,False,False,False,False,False,False
FSCO,Financial Services,Asset Management,1.35,2025/06/22,249,100.0,"MA20, MA50, MA200, RSI, MACD, OBV, Trend",53.84615384615385,23.076923076923077,30.76923076923077,0,0,True,True,True,True,False,False,False,True,False,False,False,False,False,False,False,False,True,False,False,True,False,True
CEG,Utilities,Utilities - Renewable,96.53,2025/06/22,249,100.0,"MA20, MA50, MA200, RSI, MACD, OBV, Trend",53.84615384615385,23.076923076923077,30.76923076923077,0,0,True,True,True,True,False,False,False,True,False,False,False,False,False,False,False,False,True,False,False,True,False,True
SMR,Industrials,Specialty Industrial Machinery,2.88,2025/06/22,249,100.0,"MA20, MA50, MA200, RSI, MACD, OBV, Trend",53.84615384615385,23.076923076923077,30.76923076923077,0,0,True,True,True,True,False,False,False,True,False,False,False,False,False,False,False,False,True,False,False,True,False,True
KW,Real Estate,Real Estate Services,1.24,2025/06/22,249,100.0,"MA20, MA50, MA200, RSI, MACD, OBV, Trend",53.84615384615385,23.076923076923077,30.76923076923077,0,1,True,True,False,False,False,True,False,True,True,False,True,False,False,True,True,False,False,False,False,False,False,False
IMKTA,Consumer Defensive,Grocery Stores,1.26,2025/06/22,249,100.0,"MA20, MA50, MA200, RSI, MACD, OBV, Trend",53.84615384615385,23.076923076923077,30.76923076923077,1,0,True,True,False,False,False,True,False,True,True,False,True,False,False,True,True,False,False,False,False,False,False,False
ITUB,Financial Services,Banks - Regional,53.19,2025/06/22,249,100.0,"MA20, MA50, MA200, RSI, MACD, OBV, Trend",53.84615384615385,23.076923076923077,30.76923076923077,0,0,True,True,True,True,False,False,False,True,False,False,False,False,False,False,False,False,True,False,False,True,False,True
KMX,Consumer Cyclical,Auto & Truck Dealerships,13.17,2025/06/22,249,100.0,"MA20, MA50, MA200, RSI, MACD, OBV, Trend",53.84615384615385,23.076923076923077,30.76923076923077,1,0,True,True,False,False,False,True,False,True,True,False,True,False,False,True,True,False,False,False,False,False,False,False
LDOS,Technology,Information Technology Services,18.95,2025/06/22,249,100.0,"MA20, MA50, MA200, RSI, MACD, OBV, Trend",53.84615384615385,23.076923076923077,30.76923076923077,1,0,True,True,False,False,False,True,False,True,True,False,True,False,False,True,True,False,False,False,False,False,False,False
MOS,Basic Materials,Agricultural Inputs,8.86,2025/06/22,249,100.0,"MA20, MA50, MA200, RSI, MACD, OBV, Trend",53.84615384615385,23.076923076923077,30.76923076923077,0,0,True,True,True,True,False,False,False,True,False,False,False,False,False,False,False,False,True,False,False,True,False,True
WLY,Communication Services,Publishing,2.22,2025/06/22,249,100.0,"MA20, MA50, MA200, RSI, MACD, OBV, Trend",61.53846153846154,30.76923076923077,30.76923076923077,2,1,True,True,False,False,True,True,False,True,True,False,True,False,False,True,True,False,False,False,False,False,True,False
MMI,Real Estate,Real Estate Services,1.48,2025/06/22,249,100.0,"MA20, MA50, MA200, RSI, MACD, OBV, Trend",53.84615384615385,23.076923076923077,30.76923076923077,0,1,True,True,False,False,False,True,False,True,True,False,True,False,False,True,True,False,False,False,False,False,False,False
CNM,Industrials,Industrial Distribution,11.33,2025/06/22,249,100.0,"MA20, MA50, MA200, RSI, MACD, OBV, Trend",53.84615384615385,23.076923076923077,30.76923076923077,1,1,True,True,True,True,False,False,False,True,False,False,False,False,False,False,False,False,True,False,False,True,False,True
SEI,Energy,Oil & Gas Equipment & Services,1.44,2025/06/22,249,100.0,"MA20, MA50, MA200, RSI, MACD, OBV, Trend",53.84615384615385,23.076923076923077,30.76923076923077,0,1,True,True,True,True,False,False,False,True,False,False,False,False,False,False,False,False,True,False,False,True,False,True
BLDR,Industrials,Building Products & Equipment,19.25,2025/06/22,249,100.0,"MA20, MA50, MA200, RSI, MACD, OBV, Trend",53.84615384615385,23.076923076923077,30.76923076923077,1,0,True,True,False,False,False,True,False,True,True,False,True,False,False,True,True,False,False,False,False,False,False,False
CDE,Basic Materials,Gold,2.64,2025/06/22,249,100.0,"MA20, MA50, MA200, RSI, MACD, OBV, Trend",53.84615384615385,23.076923076923077,30.76923076923077,0,0,True,True,True,True,False,False,False,True,False,False,False,False,False,False,False,False,True,False,False,True,False,True
RH,Consumer Cyclical,Specialty Retail,7.8,2025/06/22,249,100.0,"MA20, MA50, MA200, RSI, MACD, OBV, Trend",53.84615384615385,23.076923076923077,30.76923076923077,1,1,True,True,False,False,False,True,False,True,True,False,True,False,False,True,True,False,False,False,False,False,False,False
ICLR,Healthcare,Diagnostics & Research,16.44,2025/06/22,249,100.0,"MA20, MA50, MA200, RSI, MACD, OBV, Trend",53.84615384615385,23.076923076923077,30.76923076923077,0,0,True,True,False,False,False,True,False,True,True,False,True,False,False,True,True,False,False,False,False,False,False,False
BIO,Healthcare,Medical Devices,10.1,2025/06/22,249,100.0,"MA20, MA50, MA200, RSI, MACD, OBV, Trend",53.84615384615385,23.076923076923077,30.76923076923077,1,0,True,True,False,False,False,True,False,True,True,False,True,False,False,True,True,False,False,False,False,False,False,False
VEEV,Healthcare,Health Information Services,37.87,2025/06/22,249,100.0,"MA20, MA50, MA200, RSI, MACD, OBV, Trend",53.84615384615385,23.076923076923077,30.76923076923077,0,0,True,True,True,True,False,False,False,True,False,False,False,False,False,False,False,False,True,False,False,True,False,True
DHI,Consumer Cyclical,Residential Construction,45.53,2025/06/22,249,100.0,"MA20, MA50, MA200, RSI, MACD, OBV, Trend",53.84615384615385,23.076923076923077,30.76923076923077,0,0,True,True,False,False,False,True,False,True,True,False,True,False,False,True,True,False,False,False,False,False,False,False
CZR,Consumer Cyclical,Resorts & Casinos,7.66,2025/06/22,249,100.0,"MA20, MA50, MA200, RSI, MACD, OBV, Trend",53.84615384615385,23.076923076923077,30.76923076923077,0,0,True,True,False,False,False,True,False,True,True,False,True,False,False,True,True,False,False,False,False,False,False,False
BST,Financial Services,Asset Management,1.31,2025/06/22,249,100.0,"MA20, MA50, MA200, RSI, MACD, OBV, Trend",53.84615384615385,23.076923076923077,30.76923076923077,0,0,True,True,True,True,False,False,False,True,False,False,False,False,False,False,False,False,True,False,False,True,False,True
DG,Consumer Defensive,Discount Stores,15.63,2025/06/22,249,100.0,"MA20, MA50, MA200, RSI, MACD, OBV, Trend",53.84615384615385,23.076923076923077,30.76923076923077,0,0,True,True,True,True,False,False,False,True,False,False,False,False,False,False,False,False,True,False,False,True,False,True
IBP,Consumer Cyclical,Residential Construction,5.75,2025/06/22,249,100.0,"MA20, MA50, MA200, RSI, MACD, OBV, Trend",53.84615384615385,23.076923076923077,30.76923076923077,0,0,True,True,False,False,False,True,False,True,True,False,True,False,False,True,True,False,False,False,False,False,False,False
EVH,Healthcare,Health Information Services,1.22,2025/06/22,249,100.0,"MA20, MA50, MA200, RSI, MACD, OBV, Trend",53.84615384615385,23.076923076923077,30.76923076923077,1,0,True,True,False,False,False,True,False,True,True,False,True,False,False,True,True,False,False,False,False,False,False,False
EPRT,Real Estate,REIT - Diversified,5.66,2025/06/22,249,100.0,"MA20, MA50, MA200, RSI, MACD, OBV, Trend",57.692307692307686,26.923076923076923,30.769230769230763,0,1,False,True,True,True,False,True,True,True,False,False,False,True,False,False,False,False,False,False,False,True,False,True
WELL,Real Estate,REIT - Healthcare Facilities,84.98,2025/06/22,249,100.0,"MA20, MA50, MA200, RSI, MACD, OBV, Trend",57.692307692307686,26.923076923076923,30.769230769230763,0,1,False,True,True,True,False,True,True,True,False,False,False,True,False,False,False,False,False,False,False,True,False,True
ABT,Healthcare,Medical Devices,221.89,2025/06/22,249,100.0,"MA20, MA50, MA200, RSI, MACD, OBV, Trend",57.692307692307686,26.923076923076923,30.769230769230763,1,0,False,True,True,True,False,True,True,False,False,False,True,True,False,False,False,False,False,False,True,True,False,False
TXNM,Utilities,Utilities - Regulated Electric,4.36,2025/06/22,249,100.0,"MA20, MA50, MA200, RSI, MACD, OBV, Trend",57.692307692307686,26.923076923076923,30.769230769230763,0,0,False,True,True,True,False,True,True,True,False,False,False,True,False,False,False,False,False,False,False,True,False,True
GE,Industrials,Aerospace & Defense,218.57,2025/06/22,249,100.0,"MA20, MA50, MA200, RSI, MACD, OBV, Trend",57.692307692307686,26.923076923076923,30.769230769230763,0,0,False,True,True,True,False,False,True,True,False,False,True,True,False,False,False,False,True,False,False,True,False,False
WPM,Basic Materials,Gold,28.38,2025/06/22,249,100.0,"MA20, MA50, MA200, RSI, MACD, OBV, Trend",57.692307692307686,26.923076923076923,30.769230769230763,0,0,False,True,True,True,False,False,True,True,False,False,True,True,False,False,False,False,True,False,False,True,False,False
NRG,Utilities,Utilities - Independent Power Producers,20.75,2025/06/22,249,100.0,"MA20, MA50, MA200, RSI, MACD, OBV, Trend",57.692307692307686,26.923076923076923,30.769230769230763,0,1,False,True,True,True,False,True,True,True,False,False,False,True,False,False,False,False,False,False,False,True,False,True
SHOP,Technology,Software - Application,151.19,2025/06/22,249,100.0,"MA20, MA50, MA200, RSI, MACD, OBV, Trend",57.692307692307686,26.923076923076923,30.769230769230763,0,0,False,True,True,True,False,False,True,True,False,False,True,True,False,False,False,False,True,False,False,True,False,False
ES,Utilities,Utilities - Regulated Electric,21.13,2025/06/22,249,100.0,"MA20, MA50, MA200, RSI, MACD, OBV, Trend",57.692307692307686,26.923076923076923,30.769230769230763,0,0,False,True,True,True,False,True,True,False,False,False,True,True,False,False,False,False,False,False,True,True,False,False
EHC,Healthcare,Medical Care Facilities,10.0,2025/06/22,249,100.0,"MA20, MA50, MA200, RSI, MACD, OBV, Trend",57.692307692307686,26.923076923076923,30.769230769230763,0,1,False,True,True,True,False,True,True,True,False,False,False,True,False,False,False,False,False,False,False,True,False,True
CVNA,Consumer Cyclical,Auto & Truck Dealerships,28.94,2025/06/22,249,100.0,"MA20, MA50, MA200, RSI, MACD, OBV, Trend",57.692307692307686,26.923076923076923,30.769230769230763,0,0,False,True,True,True,False,True,True,True,False,False,False,True,False,False,False,False,False,False,False,True,False,True
SLF,Financial Services,Insurance - Diversified,33.18,2025/06/22,249,100.0,"MA20, MA50, MA200, RSI, MACD, OBV, Trend",57.692307692307686,26.923076923076923,30.769230769230763,0,0,False,True,True,True,False,False,True,True,False,False,True,True,False,False,False,False,True,False,False,True,False,False
ESE,Technology,Scientific & Technical Instruments,3.42,2025/06/22,249,100.0,"MA20, MA50, MA200, RSI, MACD, OBV, Trend",57.692307692307686,26.923076923076923,30.769230769230763,0,1,False,True,True,True,False,True,True,True,False,False,False,True,False,False,False,False,False,False,False,True,False,True
EVEX,Industrials,Aerospace & Defense,1.53,2025/06/22,249,100.0,"MA20, MA50, MA200, RSI, MACD, OBV, Trend",57.692307692307686,26.923076923076923,30.769230769230763,1,1,False,True,True,True,False,True,True,True,False,False,False,True,False,False,False,False,False,False,False,True,False,True
TWLO,Technology,Software - Infrastructure,22.48,2025/06/22,249,100.0,"MA20, MA50, MA200, RSI, MACD, OBV, Trend",57.692307692307686,26.923076923076923,30.769230769230763,0,0,False,True,True,True,False,True,True,True,False,False,False,True,False,False,False,False,False,False,False,True,False,True
TOST,Technology,Software - Infrastructure,23.24,2025/06/22,249,100.0,"MA20, MA50, MA200, RSI, MACD, OBV, Trend",57.692307692307686,26.923076923076923,30.769230769230763,0,0,False,True,True,True,False,True,True,True,False,False,False,True,False,False,False,False,False,False,False,True,False,True
HMN,Financial Services,Insurance - Property & Casualty,1.57,2025/06/22,249,100.0,"MA20, MA50, MA200, RSI, MACD, OBV, Trend",57.692307692307686,26.923076923076923,30.769230769230763,0,0,False,True,True,True,False,True,True,False,False,False,True,True,False,False,False,False,False,False,True,True,False,False
LTC,Real Estate,REIT - Healthcare Facilities,1.56,2025/06/22,249,100.0,"MA20, MA50, MA200, RSI, MACD, OBV, Trend",57.692307692307686,26.923076923076923,30.769230769230763,0,0,False,True,True,True,False,True,True,False,False,False,True,True,False,False,False,False,False,False,True,True,False,False
TW,Financial Services,Capital Markets,27.69,2025/06/22,249,100.0,"MA20, MA50, MA200, RSI, MACD, OBV, Trend",57.692307692307686,26.923076923076923,30.769230769230763,0,0,False,True,True,True,False,True,True,False,False,False,True,True,False,False,False,False,False,False,True,True,False,False
LYG,Financial Services,Banks - Regional,47.01,2025/06/22,249,100.0,"MA20, MA50, MA200, RSI, MACD, OBV, Trend",57.692307692307686,26.923076923076923,30.769230769230763,0,0,False,True,True,True,False,True,True,False,False,False,True,True,False,False,False,False,False,False,True,True,False,False
LIF,Technology,Software - Application,3.56,2025/06/22,249,100.0,"MA20, MA50, MA200, RSI, MACD, OBV, Trend",57.692307692307686,26.923076923076923,30.769230769230763,0,0,False,True,True,True,False,False,True,True,False,False,True,True,False,False,False,False,True,False,False,True,False,False
LTM,Industrials,Airlines,9.2,2025/06/22,227,100.0,"MA20, MA50, MA200, RSI, MACD, OBV, Trend",57.692307692307686,26.923076923076923,30.769230769230763,1,1,False,True,True,True,False,True,True,True,False,False,False,True,False,False,False,False,False,False,False,True,False,True
DBX,Technology,Software - Infrastructure,9.69,2025/06/22,249,100.0,"MA20, MA50, MA200, RSI, MACD, OBV, Trend",57.692307692307686,26.923076923076923,30.769230769230763,1,0,False,True,True,True,False,True,True,False,False,False,True,True,False,False,False,False,False,False,True,True,False,False
PBI,Industrials,Integrated Freight & Logistics,1.62,2025/06/22,249,100.0,"MA20, MA50, MA200, RSI, MACD, OBV, Trend",57.692307692307686,26.923076923076923,30.769230769230763,0,0,False,True,True,True,False,True,True,True,False,False,False,True,False,False,False,False,False,False,False,True,False,True
OMAB,Industrials,Airports & Air Services,3.87,2025/06/22,249,100.0,"MA20, MA50, MA200, RSI, MACD, OBV, Trend",57.692307692307686,26.923076923076923,30.769230769230763,0,0,False,True,True,True,False,True,True,True,False,False,False,True,False,False,False,False,False,False,False,True,False,True
ATAT,Consumer Cyclical,Lodging,3.88,2025/06/22,249,100.0,"MA20, MA50, MA200, RSI, MACD, OBV, Trend",57.692307692307686,26.923076923076923,30.769230769230763,0,0,False,True,True,True,False,True,True,True,False,False,False,True,False,False,False,False,False,False,False,True,False,True
CAE,Industrials,Aerospace & Defense,7.56,2025/06/22,249,100.0,"MA20, MA50, MA200, RSI, MACD, OBV, Trend",57.692307692307686,26.923076923076923,30.769230769230763,0,0,False,True,True,True,False,True,True,True,False,False,False,True,False,False,False,False,False,False,False,True,False,True
DAVE,Technology,Software - Application,1.23,2025/06/22,249,100.0,"MA20, MA50, MA200, RSI, MACD, OBV, Trend",57.692307692307686,26.923076923076923,30.769230769230763,0,1,False,True,True,True,False,True,True,True,False,False,False,True,False,False,False,False,False,False,False,True,False,True
RY,Financial Services,Banks - Diversified,172.9,2025/06/22,249,100.0,"MA20, MA50, MA200, RSI, MACD, OBV, Trend",57.692307692307686,26.923076923076923,30.769230769230763,0,0,False,True,True,True,False,False,True,True,False,False,True,True,False,False,False,False,True,False,False,True,False,False
TIGO,Communication Services,Telecom Services,4.52,2025/06/22,249,100.0,"MA20, MA50, MA200, RSI, MACD, OBV, Trend",57.692307692307686,26.923076923076923,30.769230769230763,0,0,False,True,True,True,False,True,True,False,False,False,True,True,False,False,False,False,False,False,True,True,False,False
BLX,Financial Services,Banks - Regional,1.38,2025/06/22,249,100.0,"MA20, MA50, MA200, RSI, MACD, OBV, Trend",57.692307692307686,26.923076923076923,30.769230769230763,0,0,False,True,True,True,False,True,True,True,False,False,False,True,False,False,False,False,False,False,False,True,False,True
RBA,Industrials,Specialty Business Services,16.53,2025/06/22,249,100.0,"MA20, MA50, MA200, RSI, MACD, OBV, Trend",57.692307692307686,26.923076923076923,30.769230769230763,0,0,False,True,True,True,False,True,True,False,False,False,True,True,False,False,False,False,False,False,True,True,False,False
ODD,Technology,Software - Infrastructure,2.73,2025/06/22,249,100.0,"MA20, MA50, MA200, RSI, MACD, OBV, Trend",57.692307692307686,26.923076923076923,30.769230769230763,1,0,False,True,True,True,False,False,True,True,False,False,True,True,False,False,False,False,True,False,False,True,False,False
NGG,Utilities,Utilities - Regulated Electric,60.08,2025/06/22,249,100.0,"MA20, MA50, MA200, RSI, MACD, OBV, Trend",57.692307692307686,26.923076923076923,30.769230769230763,0,0,False,True,True,True,False,True,True,True,False,False,False,True,False,False,False,False,False,False,False,True,False,True
UNM,Financial Services,Insurance - Life,13.92,2025/06/22,249,100.0,"MA20, MA50, MA200, RSI, MACD, OBV, Trend",57.692307692307686,26.923076923076923,30.769230769230763,1,0,False,True,True,True,False,True,True,False,False,False,True,True,False,False,False,False,False,False,True,True,False,False
CHEF,Consumer Defensive,Food Distribution,2.16,2025/06/22,249,100.0,"MA20, MA50, MA200, RSI, MACD, OBV, Trend",57.692307692307686,26.923076923076923,30.769230769230763,1,0,False,True,True,True,False,True,True,False,False,False,True,True,False,False,False,False,False,False,True,True,False,False
CBOE,Financial Services,Financial Data & Stock Exchanges,21.39,2025/06/22,249,100.0,"MA20, MA50, MA200, RSI, MACD, OBV, Trend",57.692307692307686,26.923076923076923,30.769230769230763,0,0,False,True,True,True,False,True,True,True,False,False,False,True,False,False,False,False,False,False,False,True,False,True
BCS,Financial Services,Banks - Diversified,52.85,2025/06/22,249,100.0,"MA20, MA50, MA200, RSI, MACD, OBV, Trend",57.692307692307686,26.923076923076923,30.769230769230763,0,0,False,True,True,True,False,True,True,True,False,False,False,True,False,False,False,False,False,False,False,True,False,True
LNG,Energy,Oil & Gas Midstream,50.18,2025/06/22,249,100.0,"MA20, MA50, MA200, RSI, MACD, OBV, Trend",57.692307692307686,26.923076923076923,30.769230769230763,0,1,False,True,True,True,False,False,True,True,False,False,True,True,False,False,False,False,True,False,False,True,False,False
TASK,Technology,Information Technology Services,1.47,2025/06/22,249,100.0,"MA20, MA50, MA200, RSI, MACD, OBV, Trend",57.692307692307686,26.923076923076923,30.769230769230763,0,0,False,True,True,True,False,True,True,True,False,False,False,True,False,False,False,False,False,False,False,True,False,True
FLG,Financial Services,Banks - Regional,4.91,2025/06/22,249,100.0,"MA20, MA50, MA200, RSI, MACD, OBV, Trend",50.0,23.076923076923077,26.923076923076923,0,0,True,True,True,False,False,True,False,False,False,False,True,False,False,False,False,False,False,False,True,True,True,False
CHX,Energy,Oil & Gas Equipment & Services,5.56,2025/06/22,249,100.0,"MA20, MA50, MA200, RSI, MACD, OBV, Trend",53.84615384615385,26.923076923076923,26.923076923076923,0,1,True,True,False,False,False,True,False,True,True,True,False,False,False,True,False,False,False,True,False,False,False,True
KFY,Industrials,Staffing & Employment Services,3.65,2025/06/22,249,100.0,"MA20, MA50, MA200, RSI, MACD, OBV, Trend",50.0,23.076923076923077,26.923076923076923,1,1,True,True,True,False,False,True,False,True,False,False,False,False,False,False,False,False,False,False,False,True,True,True
WBD,Communication Services,Entertainment,25.61,2025/06/22,249,100.0,"MA20, MA50, MA200, RSI, MACD, OBV, Trend",50.0,23.076923076923077,26.923076923076923,0,2,True,True,True,False,False,False,False,True,True,False,False,False,False,False,False,True,True,False,False,False,False,True
LEVI,Consumer Cyclical,Apparel Manufacturing,7.53,2025/06/22,249,100.0,"MA20, MA50, MA200, RSI, MACD, OBV, Trend",50.0,23.076923076923077,26.923076923076923,0,0,True,True,True,False,False,True,False,True,False,False,False,False,False,False,False,False,False,True,False,True,False,True
SNX,Technology,Electronics & Computer Distribution,12.06,2025/06/22,249,100.0,"MA20, MA50, MA200, RSI, MACD, OBV, Trend",50.0,23.076923076923077,26.923076923076923,0,1,True,True,True,False,False,True,False,True,False,False,False,False,False,False,False,False,False,True,False,True,False,True
KLIC,Technology,Semiconductor Equipment & Materials,2.38,2025/06/22,249,100.0,"MA20, MA50, MA200, RSI, MACD, OBV, Trend",46.15384615384615,19.230769230769234,26.92307692307692,1,0,True,True,False,False,False,False,False,True,True,False,True,False,False,True,False,False,True,False,False,False,False,False
PECO,Real Estate,REIT - Retail,5.0,2025/06/22,249,100.0,"MA20, MA50, MA200, RSI, MACD, OBV, Trend",46.15384615384615,19.230769230769234,26.92307692307692,0,0,True,True,False,False,False,True,False,True,False,False,True,False,False,True,False,False,False,False,False,True,False,False
KKR,Financial Services,Asset Management,154.17,2025/06/22,249,100.0,"MA20, MA50, MA200, RSI, MACD, OBV, Trend",46.15384615384615,19.230769230769234,26.92307692307692,0,0,True,True,False,False,False,True,False,True,False,False,True,False,False,True,False,False,False,False,False,True,False,False
LEGN,Healthcare,Biotechnology,6.99,2025/06/22,249,100.0,"MA20, MA50, MA200, RSI, MACD, OBV, Trend",46.15384615384615,19.230769230769234,26.92307692307692,0,0,True,True,False,False,False,False,False,True,True,False,True,False,False,True,False,False,True,False,False,False,False,False
PLUG,Industrials,Electrical Equipment & Parts,1.69,2025/06/22,249,100.0,"MA20, MA50, MA200, RSI, MACD, OBV, Trend",46.15384615384615,19.230769230769234,26.92307692307692,0,0,True,True,False,False,False,False,False,True,True,False,True,False,False,True,False,False,True,False,False,False,False,False
SBUX,Consumer Cyclical,Restaurants,122.32,2025/06/22,249,100.0,"MA20, MA50, MA200, RSI, MACD, OBV, Trend",46.15384615384615,19.230769230769234,26.92307692307692,0,0,True,True,False,False,False,False,False,True,True,False,True,False,False,True,False,False,True,False,False,False,False,False
AMGN,Healthcare,Drug Manufacturers - General,153.42,2025/06/22,249,100.0,"MA20, MA50, MA200, RSI, MACD, OBV, Trend",46.15384615384615,19.230769230769234,26.92307692307692,0,1,True,True,False,False,False,True,False,True,True,False,False,False,False,True,False,False,False,False,False,False,False,True
HPE,Technology,Communication Equipment,27.87,2025/06/22,249,100.0,"MA20, MA50, MA200, RSI, MACD, OBV, Trend",46.15384615384615,19.230769230769234,26.92307692307692,0,0,True,True,False,False,False,True,False,True,False,False,True,False,False,True,False,False,False,False,False,True,False,False
DHR,Healthcare,Diagnostics & Research,160.17,2025/06/22,249,100.0,"MA20, MA50, MA200, RSI, MACD, OBV, Trend",46.15384615384615,19.230769230769234,26.92307692307692,0,0,True,True,False,False,False,False,False,True,True,False,True,False,False,True,False,False,True,False,False,False,False,False
BLK,Financial Services,Asset Management,166.57,2025/06/22,249,100.0,"MA20, MA50, MA200, RSI, MACD, OBV, Trend",46.15384615384615,19.230769230769234,26.92307692307692,0,0,False,True,True,False,False,True,False,True,False,False,True,True,False,False,False,False,False,False,False,True,False,False
RF,Financial Services,Banks - Regional,22.39,2025/06/22,249,100.0,"MA20, MA50, MA200, RSI, MACD, OBV, Trend",46.15384615384615,19.230769230769234,26.92307692307692,1,0,True,True,False,False,False,True,False,True,False,False,True,False,False,True,False,False,False,False,False,True,False,False
ON,Technology,Semiconductors,22.29,2025/06/22,249,100.0,"MA20, MA50, MA200, RSI, MACD, OBV, Trend",46.15384615384615,19.230769230769234,26.92307692307692,0,0,True,True,False,False,False,False,False,True,True,False,True,False,False,True,False,False,True,False,False,False,False,False
SKX,Consumer Cyclical,Footwear & Accessories,11.37,2025/06/22,249,100.0,"MA20, MA50, MA200, RSI, MACD, OBV, Trend",46.15384615384615,19.230769230769234,26.92307692307692,0,0,True,True,False,False,False,True,False,True,False,False,True,False,False,True,False,False,False,False,False,True,False,False
TXG,Healthcare,Health Information Services,1.82,2025/06/22,249,100.0,"MA20, MA50, MA200, RSI, MACD, OBV, Trend",46.15384615384615,19.230769230769234,26.92307692307692,0,0,True,True,False,False,False,False,False,True,True,False,True,False,False,True,False,False,True,False,False,False,False,False
SCI,Consumer Cyclical,Personal Services,11.3,2025/06/22,249,100.0,"MA20, MA50, MA200, RSI, MACD, OBV, Trend",46.15384615384615,19.230769230769234,26.92307692307692,0,0,True,True,False,False,False,True,False,True,False,False,True,False,False,True,False,False,False,False,False,True,False,False
UAA,Consumer Cyclical,Apparel Manufacturing,3.44,2025/06/22,249,100.0,"MA20, MA50, MA200, RSI, MACD, OBV, Trend",46.15384615384615,19.230769230769234,26.92307692307692,0,0,True,True,False,False,False,True,False,True,False,False,True,False,False,True,False,False,False,False,False,True,False,False
GFS,Technology,Semiconductors,22.92,2025/06/22,249,100.0,"MA20, MA50, MA200, RSI, MACD, OBV, Trend",46.15384615384615,19.230769230769234,26.92307692307692,1,0,True,True,False,False,False,True,False,True,False,False,True,False,False,True,False,False,False,False,False,True,False,False
NEA,Financial Services,Asset Management,3.41,2025/06/22,249,100.0,"MA20, MA50, MA200, RSI, MACD, OBV, Trend",46.15384615384615,19.230769230769234,26.92307692307692,0,0,True,True,False,False,False,False,False,True,True,False,True,False,False,True,False,False,True,False,False,False,False,False
VRDN,Healthcare,Biotechnology,1.54,2025/06/22,249,100.0,"MA20, MA50, MA200, RSI, MACD, OBV, Trend",46.15384615384615,19.230769230769234,26.92307692307692,0,0,True,True,False,False,False,True,False,True,False,False,True,False,False,True,False,False,False,False,False,True,False,False
PHM,Consumer Cyclical,Residential Construction,23.33,2025/06/22,249,100.0,"MA20, MA50, MA200, RSI, MACD, OBV, Trend",46.15384615384615,19.230769230769234,26.92307692307692,0,0,True,True,False,False,False,True,False,True,False,False,True,False,False,True,False,False,False,False,False,True,False,False
IQV,Healthcare,Diagnostics & Research,36.55,2025/06/22,249,100.0,"MA20, MA50, MA200, RSI, MACD, OBV, Trend",46.15384615384615,19.230769230769234,26.92307692307692,0,0,True,True,False,False,False,False,False,True,True,False,True,False,False,True,False,False,True,False,False,False,False,False
FCNCA,Financial Services,Banks - Regional,29.83,2025/06/22,249,100.0,"MA20, MA50, MA200, RSI, MACD, OBV, Trend",46.15384615384615,19.230769230769234,26.92307692307692,0,0,True,True,False,False,False,True,False,True,False,False,True,False,False,True,False,False,False,False,False,True,False,False
WAL,Financial Services,Banks - Regional,9.67,2025/06/22,249,100.0,"MA20, MA50, MA200, RSI, MACD, OBV, Trend",46.15384615384615,19.230769230769234,26.92307692307692,0,0,True,True,False,False,False,True,False,True,False,False,True,False,False,True,False,False,False,False,False,True,False,False
ARQT,Healthcare,Biotechnology,1.6,2025/06/22,249,100.0,"MA20, MA50, MA200, RSI, MACD, OBV, Trend",46.15384615384615,19.230769230769234,26.92307692307692,0,0,True,False,True,False,False,True,False,True,True,False,False,False,True,False,False,False,False,False,False,False,False,True
REXR,Real Estate,REIT - Industrial,9.4,2025/06/22,249,100.0,"MA20, MA50, MA200, RSI, MACD, OBV, Trend",46.15384615384615,19.230769230769234,26.92307692307692,0,1,True,True,False,False,False,True,False,True,True,False,False,False,False,True,False,False,False,False,False,False,False,True
AVB,Real Estate,REIT - Residential,31.51,2025/06/22,249,100.0,"MA20, MA50, MA200, RSI, MACD, OBV, Trend",46.15384615384615,19.230769230769234,26.92307692307692,0,0,True,True,False,False,False,False,False,True,True,False,True,False,False,True,False,False,True,False,False,False,False,False
UA,Consumer Cyclical,Apparel Manufacturing,3.44,2025/06/22,249,100.0,"MA20, MA50, MA200, RSI, MACD, OBV, Trend",46.15384615384615,19.230769230769234,26.92307692307692,1,0,True,True,False,False,False,True,False,True,False,False,True,False,False,True,False,False,False,False,False,True,False,False
EFSC,Financial Services,Banks - Regional,2.21,2025/06/22,249,100.0,"MA20, MA50, MA200, RSI, MACD, OBV, Trend",46.15384615384615,19.230769230769234,26.92307692307692,1,0,True,True,False,False,False,True,False,True,False,False,True,False,False,True,False,False,False,False,False,True,False,False
AMKR,Technology,Semiconductor Equipment & Materials,6.13,2025/06/22,249,100.0,"MA20, MA50, MA200, RSI, MACD, OBV, Trend",46.15384615384615,19.230769230769234,26.92307692307692,0,0,True,True,False,False,False,False,False,True,True,False,True,False,False,True,False,False,True,False,False,False,False,False
ETSY,Consumer Cyclical,Internet Retail,6.18,2025/06/22,249,100.0,"MA20, MA50, MA200, RSI, MACD, OBV, Trend",46.15384615384615,19.230769230769234,26.92307692307692,0,0,False,True,True,False,False,True,False,True,False,False,True,True,False,False,False,False,False,False,False,True,False,False
NAVI,Financial Services,Credit Services,1.41,2025/06/22,249,100.0,"MA20, MA50, MA200, RSI, MACD, OBV, Trend",46.15384615384615,19.230769230769234,26.92307692307692,1,0,True,True,False,False,False,True,False,True,False,False,True,False,False,True,False,False,False,False,False,True,False,False
DSL,Financial Services,Asset Management,1.42,2025/06/22,249,100.0,"MA20, MA50, MA200, RSI, MACD, OBV, Trend",46.15384615384615,19.230769230769234,26.92307692307692,0,0,False,True,True,False,False,True,False,True,False,False,True,True,False,False,False,False,False,False,False,True,False,False
TDW,Energy,Oil & Gas Equipment & Services,2.88,2025/06/22,249,100.0,"MA20, MA50, MA200, RSI, MACD, OBV, Trend",46.15384615384615,19.230769230769234,26.92307692307692,1,1,True,True,False,False,False,False,False,True,True,False,True,False,False,True,False,False,True,False,False,False,False,False
PNC,Financial Services,Banks - Regional,79.56,2025/06/22,249,100.0,"MA20, MA50, MA200, RSI, MACD, OBV, Trend",46.15384615384615,19.230769230769234,26.92307692307692,1,0,True,True,False,False,False,True,False,True,False,False,True,False,False,True,False,False,False,False,False,True,False,False
HOLX,Healthcare,Medical Instruments & Supplies,16.28,2025/06/22,249,100.0,"MA20, MA50, MA200, RSI, MACD, OBV, Trend",46.15384615384615,19.230769230769234,26.92307692307692,0,0,True,True,False,False,False,True,False,True,False,False,True,False,False,True,False,False,False,False,False,True,False,False
FL,Consumer Cyclical,Apparel Retail,1.9,2025/06/22,249,100.0,"MA20, MA50, MA200, RSI, MACD, OBV, Trend",42.30769230769231,15.384615384615385,26.92307692307692,0,0,True,True,True,False,False,False,False,False,False,False,True,False,False,False,False,False,True,False,False,True,False,False
SF,Financial Services,Capital Markets,12.02,2025/06/22,249,100.0,"MA20, MA50, MA200, RSI, MACD, OBV, Trend",46.15384615384615,19.230769230769234,26.92307692307692,0,0,True,True,False,False,False,True,False,True,False,False,True,False,False,True,False,False,False,False,False,True,False,False
GOGL,Industrials,Marine Shipping,1.84,2025/06/22,249,100.0,"MA20, MA50, MA200, RSI, MACD, OBV, Trend",46.15384615384615,19.230769230769234,26.92307692307692,0,0,True,True,False,False,False,True,False,False,True,False,True,False,False,True,False,False,False,False,True,False,False,False
TOL,Consumer Cyclical,Residential Construction,13.57,2025/06/22,249,100.0,"MA20, MA50, MA200, RSI, MACD, OBV, Trend",46.15384615384615,19.230769230769234,26.92307692307692,1,0,True,True,False,False,False,True,False,True,False,False,True,False,False,True,False,False,False,False,False,True,False,False
TXT,Industrials,Aerospace & Defense,14.19,2025/06/22,249,100.0,"MA20, MA50, MA200, RSI, MACD, OBV, Trend",46.15384615384615,19.230769230769234,26.92307692307692,1,0,True,True,False,False,False,True,False,True,False,False,True,False,False,True,False,False,False,False,False,True,False,False
SWKS,Technology,Semiconductors,14.27,2025/06/22,249,100.0,"MA20, MA50, MA200, RSI, MACD, OBV, Trend",46.15384615384615,19.230769230769234,26.92307692307692,0,0,True,True,False,False,False,True,False,True,False,False,True,False,False,True,False,False,False,False,False,True,False,False
HST,Real Estate,REIT - Hotel & Motel,11.84,2025/06/22,249,100.0,"MA20, MA50, MA200, RSI, MACD, OBV, Trend",46.15384615384615,19.230769230769234,26.92307692307692,0,0,True,True,False,False,False,True,False,True,False,False,True,False,False,True,False,False,False,False,False,True,False,False
PRU,Financial Services,Insurance - Life,42.98,2025/06/22,249,100.0,"MA20, MA50, MA200, RSI, MACD, OBV, Trend",46.15384615384615,19.230769230769234,26.92307692307692,0,0,True,True,False,False,False,True,False,True,False,False,True,False,False,True,False,False,False,False,False,True,False,False
CRUS,Technology,Semiconductors,5.34,2025/06/22,249,100.0,"MA20, MA50, MA200, RSI, MACD, OBV, Trend",46.15384615384615,19.230769230769234,26.92307692307692,0,0,True,True,False,False,False,False,False,True,True,False,True,False,False,True,False,False,True,False,False,False,False,False
MOD,Consumer Cyclical,Auto Parts,5.33,2025/06/22,249,100.0,"MA20, MA50, MA200, RSI, MACD, OBV, Trend",46.15384615384615,19.230769230769234,26.92307692307692,0,0,True,True,False,False,False,False,False,True,True,False,True,False,False,True,False,False,True,False,False,False,False,False
THO,Consumer Cyclical,Recreational Vehicles,5.47,2025/06/22,249,100.0,"MA20, MA50, MA200, RSI, MACD, OBV, Trend",46.15384615384615,19.230769230769234,26.92307692307692,0,0,True,True,False,False,False,True,False,True,False,False,True,False,False,True,False,False,False,False,False,True,False,False
LFUS,Technology,Electronic Components,5.91,2025/06/22,249,100.0,"MA20, MA50, MA200, RSI, MACD, OBV, Trend",46.15384615384615,19.230769230769234,26.92307692307692,0,0,True,True,False,False,False,True,False,True,False,False,True,False,False,True,False,False,False,False,False,True,False,False
CDP,Real Estate,REIT - Office,3.38,2025/06/22,249,100.0,"MA20, MA50, MA200, RSI, MACD, OBV, Trend",46.15384615384615,19.230769230769234,26.92307692307692,0,0,True,True,False,False,False,True,False,True,True,False,False,False,False,True,False,False,False,False,False,False,False,True
HPK,Energy,Oil & Gas E&P,1.77,2025/06/22,249,100.0,"MA20, MA50, MA200, RSI, MACD, OBV, Trend",46.15384615384615,19.230769230769234,26.92307692307692,0,1,True,True,False,False,False,True,False,True,True,False,False,False,False,True,False,False,False,False,False,False,False,True
CRC,Energy,Oil & Gas E&P,4.5,2025/06/22,249,100.0,"MA20, MA50, MA200, RSI, MACD, OBV, Trend",46.15384615384615,19.230769230769234,26.92307692307692,1,0,True,True,False,False,False,True,False,True,False,False,True,False,False,True,False,False,False,False,False,True,False,False
HRL,Consumer Defensive,Packaged Foods,16.46,2025/06/22,249,100.0,"MA20, MA50, MA200, RSI, MACD, OBV, Trend",46.15384615384615,19.230769230769234,26.92307692307692,1,0,False,True,True,False,False,True,False,True,False,False,True,True,False,False,False,False,False,False,False,True,False,False
QS,Consumer Cyclical,Auto Parts,2.65,2025/06/22,249,100.0,"MA20, MA50, MA200, RSI, MACD, OBV, Trend",46.15384615384615,19.230769230769234,26.92307692307692,0,0,True,True,False,False,False,False,False,True,True,False,True,False,False,True,False,False,True,False,False,False,False,False
AAT,Real Estate,REIT - Diversified,1.87,2025/06/22,249,100.0,"MA20, MA50, MA200, RSI, MACD, OBV, Trend",46.15384615384615,19.230769230769234,26.92307692307692,0,1,True,True,False,False,False,True,False,True,True,False,False,False,False,True,False,False,False,False,False,False,False,True
DRH,Real Estate,REIT - Hotel & Motel,1.85,2025/06/22,249,100.0,"MA20, MA50, MA200, RSI, MACD, OBV, Trend",46.15384615384615,19.230769230769234,26.92307692307692,1,0,True,True,False,False,False,True,False,True,False,False,True,False,False,True,False,False,False,False,False,True,False,False
ASO,Consumer Cyclical,Specialty Retail,3.79,2025/06/22,249,100.0,"MA20, MA50, MA200, RSI, MACD, OBV, Trend",46.15384615384615,19.230769230769234,26.92307692307692,1,0,True,True,False,False,False,False,False,True,True,False,True,False,False,True,False,False,True,False,False,False,False,False
ALGN,Healthcare,Medical Instruments & Supplies,16.36,2025/06/22,249,100.0,"MA20, MA50, MA200, RSI, MACD, OBV, Trend",46.15384615384615,19.230769230769234,26.92307692307692,0,0,True,True,False,False,False,True,False,True,False,False,True,False,False,True,False,False,False,False,False,True,False,False
DEI,Real Estate,REIT - Office,3.64,2025/06/22,249,100.0,"MA20, MA50, MA200, RSI, MACD, OBV, Trend",46.15384615384615,19.230769230769234,26.92307692307692,0,0,True,True,False,False,False,False,False,True,True,False,True,False,False,True,False,False,True,False,False,False,False,False
BDC,Technology,Communication Equipment,4.7,2025/06/22,249,100.0,"MA20, MA50, MA200, RSI, MACD, OBV, Trend",46.15384615384615,19.230769230769234,26.92307692307692,1,0,True,True,False,False,False,True,False,True,False,False,True,False,False,True,False,False,False,False,False,True,False,False
FERG,Industrials,Industrial Distribution,36.35,2025/06/22,249,100.0,"MA20, MA50, MA200, RSI, MACD, OBV, Trend",42.30769230769231,15.384615384615385,26.92307692307692,0,0,True,True,True,False,False,False,False,False,False,False,True,False,False,False,False,False,True,False,False,True,False,False
KRG,Real Estate,REIT - Retail,5.18,2025/06/22,249,100.0,"MA20, MA50, MA200, RSI, MACD, OBV, Trend",46.15384615384615,19.230769230769234,26.92307692307692,0,0,True,True,False,False,False,False,False,True,True,False,True,False,False,True,False,False,True,False,False,False,False,False
FITB,Financial Services,Banks - Regional,29.68,2025/06/22,249,100.0,"MA20, MA50, MA200, RSI, MACD, OBV, Trend",46.15384615384615,19.230769230769234,26.92307692307692,1,0,True,True,False,False,False,True,False,True,False,False,True,False,False,True,False,False,False,False,False,True,False,False
KN,Technology,Electronic Components,1.67,2025/06/22,249,100.0,"MA20, MA50, MA200, RSI, MACD, OBV, Trend",46.15384615384615,19.230769230769234,26.92307692307692,1,0,True,True,False,False,False,True,False,True,False,False,True,False,False,True,False,False,False,False,False,True,False,False
TROW,Financial Services,Asset Management,25.97,2025/06/22,249,100.0,"MA20, MA50, MA200, RSI, MACD, OBV, Trend",46.15384615384615,19.230769230769234,26.92307692307692,0,0,True,True,False,False,False,True,False,True,False,False,True,False,False,True,False,False,False,False,False,True,False,False
VTEX,Technology,Software - Application,1.23,2025/06/22,249,100.0,"MA20, MA50, MA200, RSI, MACD, OBV, Trend",46.15384615384615,19.230769230769234,26.92307692307692,0,0,False,True,True,False,False,True,False,True,False,False,True,True,False,False,False,False,False,False,False,True,False,False
EXPD,Industrials,Integrated Freight & Logistics,15.9,2025/06/22,249,100.0,"MA20, MA50, MA200, RSI, MACD, OBV, Trend",46.15384615384615,19.230769230769234,26.92307692307692,1,0,True,True,False,False,False,True,False,True,False,False,True,False,False,True,False,False,False,False,False,True,False,False
JHG,Financial Services,Asset Management,7.14,2025/06/22,249,100.0,"MA20, MA50, MA200, RSI, MACD, OBV, Trend",46.15384615384615,19.230769230769234,26.92307692307692,0,0,True,True,False,False,False,True,False,True,False,False,True,False,False,True,False,False,False,False,False,True,False,False
FNB,Financial Services,Banks - Regional,5.64,2025/06/22,249,100.0,"MA20, MA50, MA200, RSI, MACD, OBV, Trend",46.15384615384615,19.230769230769234,26.92307692307692,0,0,True,True,False,False,False,True,False,True,False,False,True,False,False,True,False,False,False,False,False,True,False,False
VNT,Technology,Scientific & Technical Instruments,5.79,2025/06/22,249,100.0,"MA20, MA50, MA200, RSI, MACD, OBV, Trend",46.15384615384615,19.230769230769234,26.92307692307692,1,0,False,True,True,False,False,True,False,True,False,False,True,True,False,False,False,False,False,False,False,True,False,False
DEA,Real Estate,REIT - Office,1.21,2025/06/22,249,100.0,"MA20, MA50, MA200, RSI, MACD, OBV, Trend",46.15384615384615,19.230769230769234,26.92307692307692,0,1,True,True,False,False,False,True,False,True,True,False,False,False,False,True,False,False,False,False,False,False,False,True
ASB,Financial Services,Banks - Regional,4.18,2025/06/22,249,100.0,"MA20, MA50, MA200, RSI, MACD, OBV, Trend",46.15384615384615,19.230769230769234,26.92307692307692,1,0,False,True,True,False,False,True,False,True,False,False,True,True,False,False,False,False,False,False,False,True,False,False
VRRM,Industrials,Infrastructure Operations,4.35,2025/06/22,249,100.0,"MA20, MA50, MA200, RSI, MACD, OBV, Trend",46.15384615384615,19.230769230769234,26.92307692307692,1,0,True,True,False,False,False,True,False,True,False,False,True,False,False,True,False,False,False,False,False,True,False,False
ST,Technology,Scientific & Technical Instruments,4.06,2025/06/22,249,100.0,"MA20, MA50, MA200, RSI, MACD, OBV, Trend",46.15384615384615,19.230769230769234,26.92307692307692,0,0,True,True,False,False,False,True,False,True,False,False,True,False,False,True,False,False,False,False,False,True,False,False
WHD,Energy,Oil & Gas Equipment & Services,3.98,2025/06/22,249,100.0,"MA20, MA50, MA200, RSI, MACD, OBV, Trend",46.15384615384615,19.230769230769234,26.92307692307692,0,1,True,True,False,False,False,True,False,True,False,False,True,False,False,True,False,False,False,False,False,True,False,False
CARG,Consumer Cyclical,Auto & Truck Dealerships,4.07,2025/06/22,249,100.0,"MA20, MA50, MA200, RSI, MACD, OBV, Trend",46.15384615384615,19.230769230769234,26.92307692307692,1,0,True,True,False,False,False,True,False,True,False,False,True,False,False,True,False,False,False,False,False,True,False,False
NMFC,Financial Services,Asset Management,1.26,2025/06/22,249,100.0,"MA20, MA50, MA200, RSI, MACD, OBV, Trend",46.15384615384615,19.230769230769234,26.92307692307692,0,0,True,True,False,False,False,True,False,True,False,False,True,False,False,True,False,False,False,False,False,True,False,False
GBX,Industrials,Railroads,2.08,2025/06/22,249,100.0,"MA20, MA50, MA200, RSI, MACD, OBV, Trend",46.15384615384615,19.230769230769234,26.92307692307692,1,0,True,True,False,False,False,True,False,True,False,False,True,False,False,True,False,False,False,False,False,True,False,False
WFRD,Energy,Oil & Gas Equipment & Services,4.57,2025/06/22,249,100.0,"MA20, MA50, MA200, RSI, MACD, OBV, Trend",46.15384615384615,19.230769230769234,26.92307692307692,0,0,True,True,False,False,False,False,False,True,True,False,True,False,False,True,False,False,True,False,False,False,False,False
ASML,Technology,Semiconductor Equipment & Materials,290.7,2025/06/22,249,100.0,"MA20, MA50, MA200, RSI, MACD, OBV, Trend",46.15384615384615,19.230769230769234,26.92307692307692,0,0,False,True,True,False,False,True,False,True,False,False,True,True,False,False,False,False,False,False,False,True,False,False
KRC,Real Estate,REIT - Office,4.65,2025/06/22,249,100.0,"MA20, MA50, MA200, RSI, MACD, OBV, Trend",46.15384615384615,19.230769230769234,26.92307692307692,0,0,True,True,False,False,False,False,False,True,True,False,True,False,False,True,False,False,True,False,False,False,False,False
RARE,Healthcare,Biotechnology,3.97,2025/06/22,249,100.0,"MA20, MA50, MA200, RSI, MACD, OBV, Trend",46.15384615384615,19.230769230769234,26.92307692307692,0,0,True,True,False,False,False,False,False,True,True,False,True,False,False,True,False,False,True,False,False,False,False,False
VAC,Consumer Cyclical,Resorts & Casinos,3.03,2025/06/22,249,100.0,"MA20, MA50, MA200, RSI, MACD, OBV, Trend",46.15384615384615,19.230769230769234,26.92307692307692,1,0,True,True,False,False,False,True,False,True,False,False,True,False,False,True,False,False,False,False,False,True,False,False
LADR,Real Estate,REIT - Mortgage,1.43,2025/06/22,249,100.0,"MA20, MA50, MA200, RSI, MACD, OBV, Trend",46.15384615384615,19.230769230769234,26.92307692307692,0,0,True,True,False,False,False,True,False,True,False,False,True,False,False,True,False,False,False,False,False,True,False,False
WEX,Technology,Software - Infrastructure,7.32,2025/06/22,249,100.0,"MA20, MA50, MA200, RSI, MACD, OBV, Trend",46.15384615384615,19.230769230769234,26.92307692307692,0,0,True,True,False,False,False,True,False,True,True,False,False,False,False,True,False,False,False,False,False,False,False,True
CRL,Healthcare,Diagnostics & Research,8.47,2025/06/22,249,100.0,"MA20, MA50, MA200, RSI, MACD, OBV, Trend",46.15384615384615,19.230769230769234,26.92307692307692,0,0,True,True,False,False,False,True,False,True,False,False,True,False,False,True,False,False,False,False,False,True,False,False
PNR,Industrials,Specialty Industrial Machinery,17.13,2025/06/22,249,100.0,"MA20, MA50, MA200, RSI, MACD, OBV, Trend",46.15384615384615,19.230769230769234,26.92307692307692,1,0,False,True,True,False,False,True,False,True,False,False,True,True,False,False,False,False,False,False,False,True,False,False
SMTC,Technology,Semiconductors,5.77,2025/06/22,249,100.0,"MA20, MA50, MA200, RSI, MACD, OBV, Trend",46.15384615384615,19.230769230769234,26.92307692307692,0,0,True,True,False,False,False,False,False,True,True,False,True,False,False,True,False,False,True,False,False,False,False,False
HGTY,Financial Services,Insurance - Property & Casualty,3.3,2025/06/22,249,100.0,"MA20, MA50, MA200, RSI, MACD, OBV, Trend",46.15384615384615,19.230769230769234,26.92307692307692,0,0,True,True,False,False,False,True,False,True,False,False,True,False,False,True,False,False,False,False,False,True,False,False
WIT,Technology,Information Technology Services,38.38,2025/06/22,249,100.0,"MA20, MA50, MA200, RSI, MACD, OBV, Trend",46.15384615384615,19.230769230769234,26.92307692307692,0,0,True,True,False,False,False,False,False,True,True,False,True,False,False,True,False,False,True,False,False,False,False,False
BTE,Energy,Oil & Gas E&P,1.91,2025/06/22,249,100.0,"MA20, MA50, MA200, RSI, MACD, OBV, Trend",46.15384615384615,19.230769230769234,26.92307692307692,1,0,True,True,False,False,False,False,False,True,True,False,True,False,False,True,False,False,True,False,False,False,False,False
JEF,Financial Services,Capital Markets,15.85,2025/06/22,249,100.0,"MA20, MA50, MA200, RSI, MACD, OBV, Trend",46.15384615384615,19.230769230769234,26.92307692307692,0,0,True,True,False,False,False,False,False,True,True,False,True,False,False,True,False,False,True,False,False,False,False,False
ZBRA,Technology,Communication Equipment,20.22,2025/06/22,249,100.0,"MA20, MA50, MA200, RSI, MACD, OBV, Trend",46.15384615384615,19.230769230769234,26.92307692307692,0,0,True,True,False,False,False,True,False,True,False,False,True,False,False,True,False,False,False,False,False,True,False,False
VET,Energy,Oil & Gas E&P,1.43,2025/06/22,249,100.0,"MA20, MA50, MA200, RSI, MACD, OBV, Trend",46.15384615384615,19.230769230769234,26.92307692307692,0,0,True,True,False,False,False,False,False,True,True,False,True,False,False,True,False,False,True,False,False,False,False,False
FDX,Industrials,Integrated Freight & Logistics,63.79,2025/06/22,249,100.0,"MA20, MA50, MA200, RSI, MACD, OBV, Trend",46.15384615384615,19.230769230769234,26.92307692307692,0,0,True,True,False,False,False,False,False,True,True,False,True,False,False,True,False,False,True,False,False,False,False,False
ZION,Financial Services,Banks - Regional,8.56,2025/06/22,249,100.0,"MA20, MA50, MA200, RSI, MACD, OBV, Trend",46.15384615384615,19.230769230769234,26.92307692307692,0,0,True,True,False,False,False,True,False,True,False,False,True,False,False,True,False,False,False,False,False,True,False,False
ACI,Consumer Defensive,Grocery Stores,11.62,2025/06/22,249,100.0,"MA20, MA50, MA200, RSI, MACD, OBV, Trend",46.15384615384615,19.230769230769234,26.92307692307692,1,0,True,False,True,False,False,True,False,True,False,False,True,False,True,False,False,False,False,False,False,True,False,False
KEY,Financial Services,Banks - Regional,19.9,2025/06/22,249,100.0,"MA20, MA50, MA200, RSI, MACD, OBV, Trend",46.15384615384615,19.230769230769234,26.92307692307692,0,0,True,True,False,False,False,True,False,True,False,False,True,False,False,True,False,False,False,False,False,True,False,False
URI,Industrials,Rental & Leasing Services,49.51,2025/06/22,249,100.0,"MA20, MA50, MA200, RSI, MACD, OBV, Trend",46.15384615384615,19.230769230769234,26.92307692307692,0,0,True,True,False,False,False,True,False,True,False,False,True,False,False,True,False,False,False,False,False,True,False,False
JOE,Real Estate,Real Estate - Diversified,2.81,2025/06/22,249,100.0,"MA20, MA50, MA200, RSI, MACD, OBV, Trend",46.15384615384615,19.230769230769234,26.92307692307692,0,0,True,True,False,False,False,False,False,True,True,False,True,False,False,True,False,False,True,False,False,False,False,False
DIOD,Technology,Semiconductors,2.73,2025/06/22,249,100.0,"MA20, MA50, MA200, RSI, MACD, OBV, Trend",46.15384615384615,19.230769230769234,26.92307692307692,1,0,True,True,False,False,False,True,False,True,False,False,True,False,False,True,False,False,False,False,False,True,False,False
TFC,Financial Services,Banks - Regional,62.67,2025/06/22,249,100.0,"MA20, MA50, MA200, RSI, MACD, OBV, Trend",46.15384615384615,19.230769230769234,26.92307692307692,0,0,True,True,False,False,False,True,False,True,False,False,True,False,False,True,False,False,False,False,False,True,False,False
ALIT,Technology,Software - Application,3.83,2025/06/22,249,100.0,"MA20, MA50, MA200, RSI, MACD, OBV, Trend",46.15384615384615,19.230769230769234,26.92307692307692,1,0,True,True,False,False,False,True,False,True,False,False,True,False,False,True,False,False,False,False,False,True,False,False
HLT,Consumer Cyclical,Lodging,62.42,2025/06/22,249,100.0,"MA20, MA50, MA200, RSI, MACD, OBV, Trend",46.15384615384615,19.230769230769234,26.92307692307692,1,0,False,True,True,False,False,True,False,True,False,False,True,True,False,False,False,False,False,False,False,True,False,False
CWK,Real Estate,Real Estate Services,3.18,2025/06/22,249,100.0,"MA20, MA50, MA200, RSI, MACD, OBV, Trend",46.15384615384615,19.230769230769234,26.92307692307692,0,0,True,True,False,False,False,True,False,True,False,False,True,False,False,True,False,False,False,False,False,True,False,False
LAMR,Real Estate,REIT - Specialty,12.98,2025/06/22,249,100.0,"MA20, MA50, MA200, RSI, MACD, OBV, Trend",46.15384615384615,19.230769230769234,26.92307692307692,1,0,True,True,False,False,False,True,False,True,False,False,True,False,False,True,False,False,False,False,False,True,False,False
RITM,Real Estate,REIT - Mortgage,5.98,2025/06/22,249,100.0,"MA20, MA50, MA200, RSI, MACD, OBV, Trend",50.0,26.923076923076923,23.076923076923077,0,0,False,True,True,True,False,True,False,False,False,False,True,True,False,False,False,False,False,False,True,True,False,False
WOR,Industrials,Metal Fabrication,2.1,2025/06/22,249,100.0,"MA20, MA50, MA200, RSI, MACD, OBV, Trend",50.0,26.923076923076923,23.076923076923077,0,0,False,True,True,True,False,True,False,True,False,False,False,True,False,False,False,False,False,False,False,True,False,True
ALLE,Industrials,Security & Protection Services,11.54,2025/06/22,249,100.0,"MA20, MA50, MA200, RSI, MACD, OBV, Trend",50.0,26.923076923076923,23.076923076923077,1,0,False,True,True,True,False,True,False,False,False,False,True,True,False,False,False,False,False,False,True,True,False,False
NVS,Healthcare,Drug Manufacturers - General,207.51,2025/06/22,249,100.0,"MA20, MA50, MA200, RSI, MACD, OBV, Trend",50.0,26.923076923076923,23.076923076923077,0,0,False,True,True,True,False,True,False,True,False,False,False,True,False,False,False,False,False,False,False,True,False,True
DOX,Technology,Software - Infrastructure,9.95,2025/06/22,249,100.0,"MA20, MA50, MA200, RSI, MACD, OBV, Trend",50.0,26.923076923076923,23.076923076923077,0,0,False,True,True,True,False,True,False,False,False,False,True,True,False,False,False,False,False,False,True,True,False,False
LOPE,Consumer Defensive,Education & Training Services,5.12,2025/06/22,249,100.0,"MA20, MA50, MA200, RSI, MACD, OBV, Trend",50.0,26.923076923076923,23.076923076923077,1,0,False,True,True,True,False,True,False,False,False,False,True,True,False,False,False,False,False,False,True,True,False,False
OPFI,Financial Services,Credit Services,1.51,2025/06/22,249,100.0,"MA20, MA50, MA200, RSI, MACD, OBV, Trend",50.0,26.923076923076923,23.076923076923077,0,0,False,True,True,True,False,False,False,True,False,False,True,True,False,False,False,False,True,False,False,True,False,False
ULS,Industrials,Specialty Business Services,10.79,2025/06/22,249,100.0,"MA20, MA50, MA200, RSI, MACD, OBV, Trend",50.0,26.923076923076923,23.076923076923077,0,1,False,True,True,True,False,True,False,True,False,False,False,True,False,False,False,False,False,False,False,True,False,True
RAMP,Technology,Software - Infrastructure,2.22,2025/06/22,249,100.0,"MA20, MA50, MA200, RSI, MACD, OBV, Trend",50.0,26.923076923076923,23.076923076923077,0,0,False,True,True,True,False,True,False,False,False,False,True,True,False,False,False,False,False,False,True,True,False,False
TSCO,Consumer Cyclical,Specialty Retail,29.04,2025/06/22,249,100.0,"MA20, MA50, MA200, RSI, MACD, OBV, Trend",53.84615384615385,30.76923076923077,23.076923076923077,0,0,True,True,False,False,False,False,False,True,True,True,True,False,False,True,True,False,True,False,False,False,False,False
OR,Basic Materials,Gold,3.46,2025/06/22,249,100.0,"MA20, MA50, MA200, RSI, MACD, OBV, Trend",50.0,26.923076923076923,23.076923076923077,0,1,False,True,True,True,False,True,False,True,False,False,False,True,False,False,False,False,False,False,False,True,False,True
SPNT,Financial Services,Insurance - Reinsurance,2.4,2025/06/22,249,100.0,"MA20, MA50, MA200, RSI, MACD, OBV, Trend",50.0,26.923076923076923,23.076923076923077,0,0,False,True,True,True,False,True,False,True,False,False,False,True,False,False,False,False,False,False,False,True,False,True
EXG,Financial Services,Asset Management,2.6,2025/06/22,249,100.0,"MA20, MA50, MA200, RSI, MACD, OBV, Trend",50.0,26.923076923076923,23.076923076923077,0,0,False,True,True,True,False,True,False,False,False,False,True,True,False,False,False,False,False,False,True,True,False,False
CP,Industrials,Railroads,74.95,2025/06/22,249,100.0,"MA20, MA50, MA200, RSI, MACD, OBV, Trend",50.0,26.923076923076923,23.076923076923077,0,0,False,True,True,True,False,False,False,True,False,False,True,True,False,False,False,False,True,False,False,True,False,False
MRK,Healthcare,Drug Manufacturers - General,249.98,2025/06/22,249,100.0,"MA20, MA50, MA200, RSI, MACD, OBV, Trend",53.84615384615385,30.76923076923077,23.076923076923077,0,1,True,True,False,False,False,True,False,True,True,False,True,False,False,True,True,False,False,True,False,False,False,False
SPR,Industrials,Aerospace & Defense,3.99,2025/06/22,249,100.0,"MA20, MA50, MA200, RSI, MACD, OBV, Trend",50.0,26.923076923076923,23.076923076923077,0,0,False,True,True,True,False,True,False,False,False,False,True,True,False,False,False,False,False,False,True,True,False,False
TT,Industrials,Building Products & Equipment,81.63,2025/06/22,249,100.0,"MA20, MA50, MA200, RSI, MACD, OBV, Trend",50.0,26.923076923076923,23.076923076923077,0,0,False,True,True,True,False,True,False,True,False,False,False,True,False,False,False,False,False,False,False,True,False,True
TDG,Industrials,Aerospace & Defense,75.84,2025/06/22,249,100.0,"MA20, MA50, MA200, RSI, MACD, OBV, Trend",50.0,26.923076923076923,23.076923076923077,0,0,False,True,True,True,False,True,False,True,False,False,False,True,False,False,False,False,False,False,False,True,False,True
AS,Consumer Cyclical,Leisure,18.46,2025/06/22,249,100.0,"MA20, MA50, MA200, RSI, MACD, OBV, Trend",50.0,26.923076923076923,23.076923076923077,0,0,False,True,True,True,False,False,False,True,False,False,True,True,False,False,False,False,True,False,False,True,False,False
GDRX,Healthcare,Health Information Services,1.82,2025/06/22,249,100.0,"MA20, MA50, MA200, RSI, MACD, OBV, Trend",53.84615384615385,30.76923076923077,23.076923076923077,2,0,True,True,False,False,True,False,False,True,True,False,True,False,False,True,True,False,True,False,False,False,False,False
BZ,Communication Services,Internet Content & Information,5.92,2025/06/22,249,100.0,"MA20, MA50, MA200, RSI, MACD, OBV, Trend",50.0,26.923076923076923,23.076923076923077,0,0,False,True,True,True,False,False,False,True,False,False,True,True,False,False,False,False,True,False,False,True,False,False
SYBT,Financial Services,Banks - Regional,2.17,2025/06/22,249,100.0,"MA20, MA50, MA200, RSI, MACD, OBV, Trend",50.0,26.923076923076923,23.076923076923077,0,0,False,True,True,True,False,True,False,False,False,False,True,True,False,False,False,False,False,False,True,True,False,False
HR,Real Estate,REIT - Healthcare Facilities,6.0,2025/06/22,249,100.0,"MA20, MA50, MA200, RSI, MACD, OBV, Trend",53.84615384615385,30.76923076923077,23.076923076923077,1,0,True,True,False,False,False,False,False,True,True,True,True,False,False,True,True,False,True,False,False,False,False,False
ETG,Financial Services,Asset Management,1.44,2025/06/22,249,100.0,"MA20, MA50, MA200, RSI, MACD, OBV, Trend",50.0,26.923076923076923,23.076923076923077,0,0,False,True,True,True,False,False,False,True,False,False,True,True,False,False,False,False,True,False,False,True,False,False
SLGN,Consumer Cyclical,Packaging & Containers,5.88,2025/06/22,249,100.0,"MA20, MA50, MA200, RSI, MACD, OBV, Trend",50.0,26.923076923076923,23.076923076923077,0,0,False,True,True,True,False,True,False,False,False,False,True,True,False,False,False,False,False,False,True,True,False,False
PRGO,Healthcare,Drug Manufacturers - Specialty & Generic,3.4,2025/06/22,249,100.0,"MA20, MA50, MA200, RSI, MACD, OBV, Trend",50.0,26.923076923076923,23.076923076923077,0,0,False,True,True,True,False,True,False,False,False,False,True,True,False,False,False,False,False,False,True,True,False,False
WTS,Industrials,Specialty Industrial Machinery,6.89,2025/06/22,249,100.0,"MA20, MA50, MA200, RSI, MACD, OBV, Trend",50.0,26.923076923076923,23.076923076923077,0,1,False,True,True,True,False,True,False,True,False,False,False,True,False,False,False,False,False,False,False,True,False,True
ARCC,Financial Services,Asset Management,15.87,2025/06/22,249,100.0,"MA20, MA50, MA200, RSI, MACD, OBV, Trend",50.0,26.923076923076923,23.076923076923077,0,0,False,True,True,True,False,False,False,True,False,False,True,True,False,False,False,False,True,False,False,True,False,False
CX,Basic Materials,Building Materials,8.6,2025/06/22,249,100.0,"MA20, MA50, MA200, RSI, MACD, OBV, Trend",50.0,26.923076923076923,23.076923076923077,0,0,False,True,True,True,False,False,False,True,False,False,True,True,False,False,False,False,True,False,False,True,False,False
ECL,Basic Materials,Specialty Chemicals,70.84,2025/06/22,249,100.0,"MA20, MA50, MA200, RSI, MACD, OBV, Trend",50.0,26.923076923076923,23.076923076923077,1,0,False,True,True,True,False,True,False,False,False,False,True,True,False,False,False,False,False,False,True,True,False,False
NXT,Technology,Solar,7.44,2025/06/22,249,100.0,"MA20, MA50, MA200, RSI, MACD, OBV, Trend",50.0,26.923076923076923,23.076923076923077,0,0,False,True,True,True,False,True,False,True,False,False,False,True,False,False,False,False,False,False,False,True,False,True
PFGC,Consumer Defensive,Food Distribution,14.07,2025/06/22,249,100.0,"MA20, MA50, MA200, RSI, MACD, OBV, Trend",50.0,26.923076923076923,23.076923076923077,0,0,False,True,True,True,False,True,False,False,False,False,True,True,False,False,False,False,False,False,True,True,False,False
NYT,Communication Services,Publishing,8.9,2025/06/22,249,100.0,"MA20, MA50, MA200, RSI, MACD, OBV, Trend",50.0,26.923076923076923,23.076923076923077,0,0,False,True,True,True,False,True,False,False,False,False,True,True,False,False,False,False,False,False,True,True,False,False
BMI,Technology,Scientific & Technical Instruments,6.29,2025/06/22,249,100.0,"MA20, MA50, MA200, RSI, MACD, OBV, Trend",50.0,26.923076923076923,23.076923076923077,0,0,False,True,True,True,False,True,False,True,False,False,False,True,False,False,False,False,False,False,False,True,False,True
TRV,Financial Services,Insurance - Property & Casualty,55.56,2025/06/22,249,100.0,"MA20, MA50, MA200, RSI, MACD, OBV, Trend",50.0,26.923076923076923,23.076923076923077,1,0,False,True,True,True,False,True,False,False,False,False,True,True,False,False,False,False,False,False,True,True,False,False
ACM,Industrials,Engineering & Construction,13.99,2025/06/22,249,100.0,"MA20, MA50, MA200, RSI, MACD, OBV, Trend",57.692307692307686,34.61538461538461,23.076923076923073,0,2,False,True,True,True,False,True,False,True,False,True,False,True,False,False,False,True,False,False,False,True,False,True
CCB,Financial Services,Banks - Regional,1.33,2025/06/22,249,100.0,"MA20, MA50, MA200, RSI, MACD, OBV, Trend",57.692307692307686,34.61538461538461,23.076923076923073,1,0,False,True,True,True,False,False,True,True,False,False,True,True,False,False,False,False,True,False,False,True,True,False
RBCAA,Financial Services,Banks - Regional,1.27,2025/06/22,249,100.0,"MA20, MA50, MA200, RSI, MACD, OBV, Trend",57.692307692307686,34.61538461538461,23.076923076923073,2,2,False,True,True,True,True,True,False,False,False,False,True,True,False,False,False,True,False,False,True,True,False,False
NBIS,Communication Services,Internet Content & Information,7.69,2025/06/22,166,76.92307692307693,"MA20, MA50, RSI, MACD, OBV, Trend",50.0,30.0,20.0,0,0,True,True,,,False,False,True,True,False,False,False,False,False,,,False,True,False,False,True,False,True
PRAX,Healthcare,Biotechnology,1.43,2025/06/22,249,100.0,"MA20, MA50, MA200, RSI, MACD, OBV, Trend",46.15384615384615,26.923076923076923,19.23076923076923,0,0,True,True,False,False,False,False,True,True,False,False,True,False,False,True,False,False,True,False,False,True,False,False
HLI,Financial Services,Capital Markets,12.64,2025/06/22,249,100.0,"MA20, MA50, MA200, RSI, MACD, OBV, Trend",46.15384615384615,26.923076923076923,19.23076923076923,0,0,False,True,True,False,False,True,True,True,False,False,False,True,False,False,False,False,False,False,False,True,False,True
TSLA,Consumer Cyclical,Auto Manufacturers,1301.4,2025/06/22,249,100.0,"MA20, MA50, MA200, RSI, MACD, OBV, Trend",46.15384615384615,26.923076923076923,19.23076923076923,0,0,False,True,True,False,False,False,True,True,False,False,True,True,False,False,False,False,True,False,False,True,False,False
CSTM,Basic Materials,Aluminum,1.45,2025/06/22,249,100.0,"MA20, MA50, MA200, RSI, MACD, OBV, Trend",42.30769230769231,23.076923076923077,19.23076923076923,0,0,True,True,True,False,False,False,False,True,False,False,False,False,False,False,False,False,True,False,False,True,False,True
GOF,Financial Services,Asset Management,2.18,2025/06/22,249,100.0,"MA20, MA50, MA200, RSI, MACD, OBV, Trend",46.15384615384615,26.923076923076923,19.23076923076923,0,0,False,True,True,False,False,False,True,True,False,False,True,True,False,False,False,False,True,False,False,True,False,False
WYNN,Consumer Cyclical,Resorts & Casinos,9.54,2025/06/22,249,100.0,"MA20, MA50, MA200, RSI, MACD, OBV, Trend",42.30769230769231,23.076923076923077,19.23076923076923,0,0,True,True,True,False,False,False,False,True,False,False,False,False,False,False,False,False,True,False,False,True,False,True
DLO,Technology,Software - Infrastructure,3.85,2025/06/22,249,100.0,"MA20, MA50, MA200, RSI, MACD, OBV, Trend",46.15384615384615,26.923076923076923,19.23076923076923,1,1,False,True,True,False,False,True,True,True,False,False,False,True,False,False,False,False,False,False,False,True,False,True
AGM,Financial Services,Credit Services,2.1,2025/06/22,249,100.0,"MA20, MA50, MA200, RSI, MACD, OBV, Trend",46.15384615384615,26.923076923076923,19.23076923076923,2,0,True,True,False,False,True,False,False,True,False,False,True,False,False,True,False,False,True,False,False,True,False,False
APGE,Healthcare,Biotechnology,2.42,2025/06/22,249,100.0,"MA20, MA50, MA200, RSI, MACD, OBV, Trend",46.15384615384615,26.923076923076923,19.23076923076923,0,0,True,True,False,False,False,False,False,True,True,True,False,False,False,True,False,False,True,False,False,False,False,True
OSK,Industrials,Farm & Heavy Construction Machinery,7.57,2025/06/22,249,100.0,"MA20, MA50, MA200, RSI, MACD, OBV, Trend",42.30769230769231,23.076923076923077,19.23076923076923,0,0,True,True,True,False,False,False,False,True,False,False,False,False,False,False,False,False,True,False,False,True,False,True
ARES,Financial Services,Asset Management,62.01,2025/06/22,249,100.0,"MA20, MA50, MA200, RSI, MACD, OBV, Trend",46.15384615384615,26.923076923076923,19.23076923076923,0,0,False,True,True,False,False,False,True,True,False,False,True,True,False,False,False,False,True,False,False,True,False,False
PAGS,Technology,Software - Infrastructure,2.32,2025/06/22,249,100.0,"MA20, MA50, MA200, RSI, MACD, OBV, Trend",46.15384615384615,26.923076923076923,19.23076923076923,0,0,True,False,True,False,False,False,False,True,True,True,False,False,True,False,False,False,True,False,False,False,False,True
WMS,Industrials,Building Products & Equipment,9.37,2025/06/22,249,100.0,"MA20, MA50, MA200, RSI, MACD, OBV, Trend",46.15384615384615,26.923076923076923,19.23076923076923,1,0,True,True,False,False,False,True,False,True,False,False,True,False,False,True,False,False,False,True,False,True,False,False
APLD,Technology,Information Technology Services,1.65,2025/06/22,249,100.0,"MA20, MA50, MA200, RSI, MACD, OBV, Trend",46.15384615384615,26.923076923076923,19.23076923076923,0,0,False,True,True,False,False,False,True,True,False,False,True,True,False,False,False,False,True,False,False,True,False,False
DXPE,Industrials,Industrial Distribution,1.59,2025/06/22,249,100.0,"MA20, MA50, MA200, RSI, MACD, OBV, Trend",46.15384615384615,26.923076923076923,19.23076923076923,1,0,True,False,True,False,False,True,False,True,False,False,True,False,True,False,False,False,False,False,False,True,True,False
PTY,Financial Services,Asset Management,2.4,2025/06/22,249,100.0,"MA20, MA50, MA200, RSI, MACD, OBV, Trend",46.15384615384615,26.923076923076923,19.23076923076923,0,0,True,True,False,False,False,False,True,True,False,False,True,False,False,True,False,False,True,False,False,True,False,False
ARCB,Industrials,Trucking,2.24,2025/06/22,249,100.0,"MA20, MA50, MA200, RSI, MACD, OBV, Trend",46.15384615384615,26.923076923076923,19.23076923076923,0,0,True,True,False,False,False,False,False,True,True,False,True,False,False,True,False,False,True,True,False,False,False,False
PINS,Communication Services,Internet Content & Information,22.28,2025/06/22,249,100.0,"MA20, MA50, MA200, RSI, MACD, OBV, Trend",42.30769230769231,23.076923076923077,19.23076923076923,0,0,True,True,True,False,False,False,False,True,False,False,False,False,False,False,False,False,True,False,False,True,False,True
ATO,Utilities,Utilities - Regulated Gas,22.18,2025/06/22,249,100.0,"MA20, MA50, MA200, RSI, MACD, OBV, Trend",46.15384615384615,26.923076923076923,19.23076923076923,0,0,True,False,True,False,False,False,True,False,True,False,True,False,True,False,False,False,True,False,True,False,False,False
MLCO,Consumer Cyclical,Resorts & Casinos,2.48,2025/06/22,249,100.0,"MA20, MA50, MA200, RSI, MACD, OBV, Trend",42.30769230769231,23.076923076923077,19.23076923076923,0,0,True,True,True,False,False,False,False,True,False,False,False,False,False,False,False,False,True,False,False,True,False,True
GSBD,Financial Services,Asset Management,1.51,2025/06/22,249,100.0,"MA20, MA50, MA200, RSI, MACD, OBV, Trend",46.15384615384615,26.923076923076923,19.23076923076923,0,0,True,True,False,False,False,True,False,True,False,False,True,False,False,True,False,False,False,True,False,True,False,False
EVR,Financial Services,Capital Markets,11.09,2025/06/22,249,100.0,"MA20, MA50, MA200, RSI, MACD, OBV, Trend",46.15384615384615,26.923076923076923,19.23076923076923,0,0,True,True,False,False,False,True,False,True,False,True,False,False,False,True,False,False,False,False,False,True,False,True
RLX,Consumer Defensive,Tobacco,3.49,2025/06/22,249,100.0,"MA20, MA50, MA200, RSI, MACD, OBV, Trend",46.15384615384615,26.923076923076923,19.23076923076923,0,0,False,True,True,False,False,False,True,True,False,False,True,True,False,False,False,False,True,False,False,True,False,False
IBKR,Financial Services,Capital Markets,91.87,2025/06/22,249,100.0,"MA20, MA50, MA200, RSI, MACD, OBV, Trend",50.0,34.61538461538461,15.384615384615387,0,0,False,True,True,True,False,False,True,True,False,False,False,True,False,False,False,False,True,False,False,True,False,True
SNN,Healthcare,Medical Devices,11.21,2025/06/22,249,100.0,"MA20, MA50, MA200, RSI, MACD, OBV, Trend",50.0,34.61538461538461,15.384615384615387,0,0,False,True,True,True,False,True,True,False,False,False,False,True,False,False,False,False,False,False,True,True,False,True
TEF,Communication Services,Telecom Services,23.07,2025/06/22,249,100.0,"MA20, MA50, MA200, RSI, MACD, OBV, Trend",50.0,34.61538461538461,15.384615384615387,0,0,False,True,True,True,False,True,True,False,False,False,False,True,False,False,False,False,False,False,True,True,False,True
ROOT,Financial Services,Insurance - Property & Casualty,1.47,2025/06/22,249,100.0,"MA20, MA50, MA200, RSI, MACD, OBV, Trend",50.0,34.61538461538461,15.384615384615387,0,0,False,True,True,True,False,False,True,False,False,False,True,True,False,False,False,False,True,False,True,True,False,False
SMFG,Financial Services,Banks - Diversified,97.56,2025/06/22,249,100.0,"MA20, MA50, MA200, RSI, MACD, OBV, Trend",50.0,34.61538461538461,15.384615384615387,0,0,False,True,True,True,False,True,True,False,False,False,False,True,False,False,False,False,False,False,True,True,False,True
LANC,Consumer Defensive,Packaged Foods,4.65,2025/06/22,249,100.0,"MA20, MA50, MA200, RSI, MACD, OBV, Trend",50.0,34.61538461538461,15.384615384615387,0,1,True,False,False,False,False,True,True,True,True,False,True,False,True,True,True,False,False,False,False,False,False,False
VIAV,Technology,Communication Equipment,2.67,2025/06/22,249,100.0,"MA20, MA50, MA200, RSI, MACD, OBV, Trend",50.0,34.61538461538461,15.384615384615387,0,0,True,False,False,False,False,True,True,True,True,False,True,False,True,True,True,False,False,False,False,False,False,False
ESGRP,Financial Services,Insurance - Diversified,2.85,2025/06/22,249,100.0,"MA20, MA50, MA200, RSI, MACD, OBV, Trend",50.0,34.61538461538461,15.384615384615387,0,0,False,True,True,True,False,False,True,False,False,False,True,True,False,False,False,False,True,False,True,True,False,False
SSNC,Technology,Software - Application,20.05,2025/06/22,249,100.0,"MA20, MA50, MA200, RSI, MACD, OBV, Trend",50.0,34.61538461538461,15.384615384615387,0,0,False,True,True,True,False,True,True,False,False,False,False,True,False,False,False,False,False,False,True,True,False,True
IAG,Basic Materials,Gold,3.61,2025/06/22,249,100.0,"MA20, MA50, MA200, RSI, MACD, OBV, Trend",50.0,34.61538461538461,15.384615384615387,0,0,False,True,True,True,False,False,True,True,False,False,False,True,False,False,False,False,True,False,False,True,False,True
UTI,Consumer Defensive,Education & Training Services,1.49,2025/06/22,249,100.0,"MA20, MA50, MA200, RSI, MACD, OBV, Trend",50.0,34.61538461538461,15.384615384615387,0,0,False,True,True,True,False,False,True,False,False,False,True,True,False,False,False,False,True,False,True,True,False,False
AMX,Communication Services,Telecom Services,43.65,2025/06/22,249,100.0,"MA20, MA50, MA200, RSI, MACD, OBV, Trend",50.0,34.61538461538461,15.384615384615387,0,1,False,True,True,True,False,True,True,False,False,False,False,True,False,False,False,False,False,False,True,True,False,True
QBTS,Technology,Computer Hardware,1.58,2025/06/22,249,100.0,"MA20, MA50, MA200, RSI, MACD, OBV, Trend",50.0,34.61538461538461,15.384615384615387,0,0,False,True,True,True,False,False,True,True,False,False,False,True,False,False,False,False,True,False,False,True,False,True
AEG,Financial Services,Insurance - Diversified,10.74,2025/06/22,249,100.0,"MA20, MA50, MA200, RSI, MACD, OBV, Trend",50.0,34.61538461538461,15.384615384615387,0,0,False,True,True,True,False,False,True,False,False,False,True,True,False,False,False,False,True,False,True,True,False,False
GAM,Financial Services,Asset Management,1.23,2025/06/22,249,100.0,"MA20, MA50, MA200, RSI, MACD, OBV, Trend",50.0,34.61538461538461,15.384615384615387,0,0,False,True,True,True,False,False,True,True,False,False,False,True,False,False,False,False,True,False,False,True,False,True
BCO,Industrials,Security & Protection Services,4.07,2025/06/22,249,100.0,"MA20, MA50, MA200, RSI, MACD, OBV, Trend",50.0,34.61538461538461,15.384615384615387,0,1,True,False,False,False,False,True,False,True,True,True,True,False,True,True,True,False,False,False,False,False,False,False
HIG,Financial Services,Insurance - Property & Casualty,32.34,2025/06/22,249,100.0,"MA20, MA50, MA200, RSI, MACD, OBV, Trend",50.0,34.61538461538461,15.384615384615387,0,0,False,True,True,True,False,True,True,False,False,False,False,True,False,False,False,False,False,False,True,True,False,True
ADT,Industrials,Security & Protection Services,6.91,2025/06/22,249,100.0,"MA20, MA50, MA200, RSI, MACD, OBV, Trend",50.0,34.61538461538461,15.384615384615387,0,0,False,True,True,True,False,False,True,False,False,False,True,True,False,False,False,False,True,False,True,True,False,False
AWI,Industrials,Building Products & Equipment,6.58,2025/06/22,249,100.0,"MA20, MA50, MA200, RSI, MACD, OBV, Trend",50.0,34.61538461538461,15.384615384615387,0,0,False,True,True,True,False,True,False,False,False,False,True,True,False,False,False,False,False,False,True,True,True,False
NWG,Financial Services,Banks - Regional,43.44,2025/06/22,249,100.0,"MA20, MA50, MA200, RSI, MACD, OBV, Trend",50.0,34.61538461538461,15.384615384615387,0,0,False,True,True,True,False,True,True,False,False,False,False,True,False,False,False,False,False,False,True,True,False,True
MMM,Industrials,Conglomerates,83.29,2025/06/22,249,100.0,"MA20, MA50, MA200, RSI, MACD, OBV, Trend",50.0,34.61538461538461,15.384615384615387,0,0,False,True,True,True,False,True,False,False,False,False,True,True,False,False,False,False,False,False,True,True,True,False
MNST,Consumer Defensive,Beverages - Non-Alcoholic,47.37,2025/06/22,249,100.0,"MA20, MA50, MA200, RSI, MACD, OBV, Trend",50.0,34.61538461538461,15.384615384615387,0,2,False,True,True,True,False,True,False,True,False,False,False,True,False,False,False,True,False,False,False,True,False,True
IONQ,Technology,Computer Hardware,8.55,2025/06/22,249,100.0,"MA20, MA50, MA200, RSI, MACD, OBV, Trend",50.0,34.61538461538461,15.384615384615387,0,0,False,True,True,True,False,False,True,True,False,False,False,True,False,False,False,False,True,False,False,True,False,True
TPH,Consumer Cyclical,Residential Construction,3.45,2025/06/22,249,100.0,"MA20, MA50, MA200, RSI, MACD, OBV, Trend",46.15384615384615,30.76923076923077,15.384615384615383,1,0,True,True,False,False,False,True,False,False,True,False,True,False,False,True,True,False,False,False,True,False,False,False
INTC,Technology,Semiconductors,84.13,2025/06/22,249,100.0,"MA20, MA50, MA200, RSI, MACD, OBV, Trend",46.15384615384615,30.76923076923077,15.384615384615383,1,0,True,True,False,False,False,False,False,True,True,False,True,False,False,True,True,False,True,False,False,False,False,False
CHDN,Consumer Cyclical,Gambling,9.08,2025/06/22,249,100.0,"MA20, MA50, MA200, RSI, MACD, OBV, Trend",46.15384615384615,30.76923076923077,15.384615384615383,0,0,True,True,False,False,False,False,False,True,True,False,True,False,False,True,True,False,True,False,False,False,False,False
FND,Consumer Cyclical,Home Improvement Retail,10.73,2025/06/22,249,100.0,"MA20, MA50, MA200, RSI, MACD, OBV, Trend",46.15384615384615,30.76923076923077,15.384615384615383,0,0,True,True,False,False,False,False,False,True,True,False,True,False,False,True,True,False,True,False,False,False,False,False
OHI,Real Estate,REIT - Healthcare Facilities,10.28,2025/06/22,249,100.0,"MA20, MA50, MA200, RSI, MACD, OBV, Trend",46.15384615384615,30.76923076923077,15.384615384615383,0,1,True,True,False,False,False,True,False,True,False,False,True,False,False,True,True,False,False,False,False,True,False,False
FAF,Financial Services,Insurance - Specialty,6.51,2025/06/22,249,100.0,"MA20, MA50, MA200, RSI, MACD, OBV, Trend",46.15384615384615,30.76923076923077,15.384615384615383,0,0,True,True,False,False,False,False,False,True,True,False,True,False,False,True,True,False,True,False,False,False,False,False
DFS,Financial Services,Credit Services,50.54,2025/06/22,227,100.0,"MA20, MA50, MA200, RSI, MACD, OBV, Trend",23.076923076923077,7.6923076923076925,15.384615384615383,0,1,False,False,False,False,False,True,False,True,True,False,False,False,False,False,False,False,False,False,False,False,False,True
TWST,Healthcare,Diagnostics & Research,3.12,2025/06/22,249,100.0,"MA20, MA50, MA200, RSI, MACD, OBV, Trend",46.15384615384615,30.76923076923077,15.384615384615383,0,0,True,True,False,False,False,False,False,True,True,False,True,False,False,True,True,False,True,False,False,False,False,False
POST,Consumer Defensive,Packaged Foods,6.18,2025/06/22,249,100.0,"MA20, MA50, MA200, RSI, MACD, OBV, Trend",46.15384615384615,30.76923076923077,15.384615384615383,0,0,True,True,False,False,False,False,False,True,True,False,True,False,False,True,True,False,True,False,False,False,False,False
AKAM,Technology,Software - Infrastructure,15.01,2025/06/22,249,100.0,"MA20, MA50, MA200, RSI, MACD, OBV, Trend",46.15384615384615,30.76923076923077,15.384615384615383,0,0,True,True,False,False,False,True,False,True,True,False,False,False,False,True,True,False,False,False,False,False,False,True
REG,Real Estate,REIT - Retail,13.12,2025/06/22,249,100.0,"MA20, MA50, MA200, RSI, MACD, OBV, Trend",46.15384615384615,30.76923076923077,15.384615384615383,0,0,True,True,False,False,False,True,False,True,False,False,True,False,False,True,True,False,False,False,False,True,False,False
CCCS,Technology,Software - Application,7.29,2025/06/22,249,100.0,"MA20, MA50, MA200, RSI, MACD, OBV, Trend",53.84615384615385,38.46153846153847,15.38461538461538,0,0,True,True,False,False,False,False,False,True,True,True,True,False,False,True,True,False,True,True,False,False,False,False
ANDE,Consumer Defensive,Food Distribution,1.42,2025/06/22,249,100.0,"MA20, MA50, MA200, RSI, MACD, OBV, Trend",53.84615384615385,38.46153846153847,15.38461538461538,0,1,True,True,False,False,False,True,False,True,True,True,False,False,False,True,True,False,False,True,False,False,False,True
SMG,Basic Materials,Agricultural Inputs,4.08,2025/06/22,249,100.0,"MA20, MA50, MA200, RSI, MACD, OBV, Trend",38.46153846153847,26.923076923076923,11.538461538461544,0,0,True,True,False,False,False,False,False,True,False,False,True,False,False,True,False,False,True,False,False,True,False,False
QCOM,Technology,Semiconductors,191.16,2025/06/22,249,100.0,"MA20, MA50, MA200, RSI, MACD, OBV, Trend",38.46153846153847,26.923076923076923,11.538461538461544,0,0,True,True,False,False,False,True,False,True,False,False,False,False,False,True,False,False,False,False,False,True,False,True
GVA,Industrials,Engineering & Construction,3.85,2025/06/22,249,100.0,"MA20, MA50, MA200, RSI, MACD, OBV, Trend",38.46153846153847,26.923076923076923,11.538461538461544,0,1,False,True,True,False,False,True,False,True,False,False,False,True,False,False,False,False,False,False,False,True,False,True
CWH,Consumer Cyclical,Auto & Truck Dealerships,1.39,2025/06/22,249,100.0,"MA20, MA50, MA200, RSI, MACD, OBV, Trend",38.46153846153847,26.923076923076923,11.538461538461544,0,0,True,True,False,False,False,True,False,True,False,False,False,False,False,True,False,False,False,False,False,True,False,True
RIOT,Financial Services,Capital Markets,4.09,2025/06/22,249,100.0,"MA20, MA50, MA200, RSI, MACD, OBV, Trend",38.46153846153847,26.923076923076923,11.538461538461544,0,0,True,True,False,False,False,False,False,True,False,False,True,False,False,True,False,False,True,False,False,True,False,False
ET,Energy,Oil & Gas Midstream,70.12,2025/06/22,249,100.0,"MA20, MA50, MA200, RSI, MACD, OBV, Trend",38.46153846153847,26.923076923076923,11.538461538461544,0,0,False,True,True,False,False,True,False,True,False,False,False,True,False,False,False,False,False,False,False,True,False,True
IPAR,Consumer Defensive,Household & Personal Products,4.52,2025/06/22,249,100.0,"MA20, MA50, MA200, RSI, MACD, OBV, Trend",38.46153846153847,26.923076923076923,11.538461538461544,0,0,False,True,True,False,False,True,False,True,False,False,False,True,False,False,False,False,False,False,False,True,False,True
RRX,Industrials,Specialty Industrial Machinery,10.51,2025/06/22,249,100.0,"MA20, MA50, MA200, RSI, MACD, OBV, Trend",38.46153846153847,26.923076923076923,11.538461538461544,0,0,True,True,False,False,False,False,False,True,False,False,True,False,False,True,False,False,True,False,False,True,False,False
RNG,Technology,Software - Application,3.13,2025/06/22,249,100.0,"MA20, MA50, MA200, RSI, MACD, OBV, Trend",38.46153846153847,26.923076923076923,11.538461538461544,0,0,True,True,False,False,False,True,False,True,False,False,False,False,False,True,False,False,False,False,False,True,False,True
CMA,Financial Services,Banks - Regional,8.85,2025/06/22,249,100.0,"MA20, MA50, MA200, RSI, MACD, OBV, Trend",38.46153846153847,26.923076923076923,11.538461538461544,0,0,True,True,False,False,False,True,False,True,False,False,False,False,False,True,False,False,False,False,False,True,False,True
LIVN,Healthcare,Medical Devices,2.71,2025/06/22,249,100.0,"MA20, MA50, MA200, RSI, MACD, OBV, Trend",38.46153846153847,26.923076923076923,11.538461538461544,0,0,True,True,False,False,False,False,False,True,False,False,True,False,False,True,False,False,True,False,False,True,False,False
NAD,Financial Services,Asset Management,2.74,2025/06/22,249,100.0,"MA20, MA50, MA200, RSI, MACD, OBV, Trend",38.46153846153847,26.923076923076923,11.538461538461544,0,0,True,True,False,False,False,False,False,True,True,False,False,False,False,True,False,False,True,False,False,False,False,True
BANC,Financial Services,Banks - Regional,2.7,2025/06/22,249,100.0,"MA20, MA50, MA200, RSI, MACD, OBV, Trend",38.46153846153847,26.923076923076923,11.538461538461544,1,0,True,True,False,False,False,True,False,True,False,False,False,False,False,True,False,False,False,False,False,True,False,True
VOYA,Financial Services,Financial Conglomerates,6.83,2025/06/22,249,100.0,"MA20, MA50, MA200, RSI, MACD, OBV, Trend",38.46153846153847,26.923076923076923,11.538461538461544,0,0,True,True,False,False,False,False,False,True,False,False,True,False,False,True,False,False,True,False,False,True,False,False
AGYS,Technology,Software - Application,2.57,2025/06/22,249,100.0,"MA20, MA50, MA200, RSI, MACD, OBV, Trend",38.46153846153847,26.923076923076923,11.538461538461544,0,0,False,True,True,False,False,False,False,True,False,False,True,True,False,False,False,False,True,False,False,True,False,False
SPXC,Industrials,Building Products & Equipment,6.89,2025/06/22,249,100.0,"MA20, MA50, MA200, RSI, MACD, OBV, Trend",38.46153846153847,26.923076923076923,11.538461538461544,0,0,False,True,True,False,False,False,False,True,False,False,True,True,False,False,False,False,True,False,False,True,False,False
R,Industrials,Rental & Leasing Services,6.74,2025/06/22,249,100.0,"MA20, MA50, MA200, RSI, MACD, OBV, Trend",38.46153846153847,26.923076923076923,11.538461538461544,0,0,True,True,False,False,False,True,False,True,False,False,False,False,False,True,False,False,False,False,False,True,False,True
CARR,Industrials,Building Products & Equipment,59.19,2025/06/22,249,100.0,"MA20, MA50, MA200, RSI, MACD, OBV, Trend",38.46153846153847,26.923076923076923,11.538461538461544,1,0,False,True,True,False,False,True,False,False,False,False,True,True,False,False,False,False,False,False,True,True,False,False
BC,Consumer Cyclical,Recreational Vehicles,4.45,2025/06/22,249,100.0,"MA20, MA50, MA200, RSI, MACD, OBV, Trend",38.46153846153847,26.923076923076923,11.538461538461544,0,0,True,True,False,False,False,False,False,True,False,False,True,False,False,True,False,False,True,False,False,True,False,False
MSM,Industrials,Industrial Distribution,4.49,2025/06/22,249,100.0,"MA20, MA50, MA200, RSI, MACD, OBV, Trend",38.46153846153847,26.923076923076923,11.538461538461544,0,0,False,True,True,False,False,True,False,True,False,False,False,True,False,False,False,False,False,False,False,True,False,True
NXPI,Technology,Semiconductors,53.0,2025/06/22,249,100.0,"MA20, MA50, MA200, RSI, MACD, OBV, Trend",38.46153846153847,26.923076923076923,11.538461538461544,0,0,True,True,False,False,False,True,False,True,False,False,False,False,False,True,False,False,False,False,False,True,False,True
TFII,Industrials,Trucking,11.18,2025/06/22,249,100.0,"MA20, MA50, MA200, RSI, MACD, OBV, Trend",38.46153846153847,26.923076923076923,11.538461538461544,1,0,True,True,False,False,False,False,False,True,False,False,True,False,False,True,False,False,True,False,False,True,False,False
IVZ,Financial Services,Asset Management,8.62,2025/06/22,249,100.0,"MA20, MA50, MA200, RSI, MACD, OBV, Trend",38.46153846153847,26.923076923076923,11.538461538461544,0,0,True,True,False,False,False,False,False,True,False,False,True,False,False,True,False,False,True,False,False,True,False,False
FLYW,Technology,Software - Infrastructure,2.43,2025/06/22,249,100.0,"MA20, MA50, MA200, RSI, MACD, OBV, Trend",38.46153846153847,26.923076923076923,11.538461538461544,0,0,True,True,False,False,False,False,False,True,True,False,False,False,False,True,False,False,True,False,False,False,False,True
GNRC,Industrials,Specialty Industrial Machinery,8.88,2025/06/22,249,100.0,"MA20, MA50, MA200, RSI, MACD, OBV, Trend",38.46153846153847,26.923076923076923,11.538461538461544,0,0,True,True,False,False,False,False,False,True,False,False,True,False,False,True,False,False,True,False,False,True,False,False
ADUS,Healthcare,Medical Care Facilities,2.29,2025/06/22,249,100.0,"MA20, MA50, MA200, RSI, MACD, OBV, Trend",38.46153846153847,26.923076923076923,11.538461538461544,0,0,True,True,False,False,False,False,False,True,False,False,True,False,False,True,False,False,True,False,False,True,False,False
APPF,Technology,Software - Application,9.21,2025/06/22,249,100.0,"MA20, MA50, MA200, RSI, MACD, OBV, Trend",38.46153846153847,26.923076923076923,11.538461538461544,1,0,True,True,False,False,False,False,False,True,True,False,False,False,False,True,False,False,True,False,False,False,False,True
AMP,Financial Services,Asset Management,52.27,2025/06/22,249,100.0,"MA20, MA50, MA200, RSI, MACD, OBV, Trend",38.46153846153847,26.923076923076923,11.538461538461544,1,0,False,True,True,False,False,True,False,True,False,False,False,True,False,False,False,False,False,False,False,True,False,True
VSH,Technology,Semiconductors,2.3,2025/06/22,249,100.0,"MA20, MA50, MA200, RSI, MACD, OBV, Trend",38.46153846153847,26.923076923076923,11.538461538461544,0,1,True,True,False,False,False,True,False,True,False,False,False,False,False,True,False,False,False,False,False,True,False,True
MGA,Consumer Cyclical,Auto Parts,11.42,2025/06/22,249,100.0,"MA20, MA50, MA200, RSI, MACD, OBV, Trend",38.46153846153847,26.923076923076923,11.538461538461544,0,0,True,True,False,False,False,False,False,True,False,False,True,False,False,True,False,False,True,False,False,True,False,False
APTV,Consumer Cyclical,Auto Parts,14.79,2025/06/22,249,100.0,"MA20, MA50, MA200, RSI, MACD, OBV, Trend",38.46153846153847,26.923076923076923,11.538461538461544,0,1,False,True,True,False,False,True,False,True,False,False,False,True,False,False,False,False,False,False,False,True,False,True
CMC,Basic Materials,Steel,5.57,2025/06/22,249,100.0,"MA20, MA50, MA200, RSI, MACD, OBV, Trend",38.46153846153847,26.923076923076923,11.538461538461544,0,1,True,True,False,False,False,True,False,True,False,False,False,False,False,True,False,False,False,False,False,True,False,True
SN,Consumer Cyclical,"Furnishings, Fixtures & Appliances",15.68,2025/06/22,249,100.0,"MA20, MA50, MA200, RSI, MACD, OBV, Trend",38.46153846153847,26.923076923076923,11.538461538461544,1,0,True,True,False,False,False,False,False,True,False,False,True,False,False,True,False,False,True,False,False,True,False,False
ETV,Financial Services,Asset Management,1.68,2025/06/22,249,100.0,"MA20, MA50, MA200, RSI, MACD, OBV, Trend",38.46153846153847,26.923076923076923,11.538461538461544,0,0,False,True,True,False,False,False,False,True,False,False,True,True,False,False,False,False,True,False,False,True,False,False
NTAP,Technology,Computer Hardware,24.82,2025/06/22,249,100.0,"MA20, MA50, MA200, RSI, MACD, OBV, Trend",38.46153846153847,26.923076923076923,11.538461538461544,0,0,True,True,False,False,False,True,False,True,False,False,False,False,False,True,False,False,False,False,False,True,False,True
BNTX,Healthcare,Biotechnology,29.67,2025/06/22,249,100.0,"MA20, MA50, MA200, RSI, MACD, OBV, Trend",38.46153846153847,26.923076923076923,11.538461538461544,0,0,True,True,False,False,False,True,False,True,False,False,False,False,False,True,False,False,False,False,False,True,False,True
HUBB,Industrials,Electrical Equipment & Parts,22.7,2025/06/22,249,100.0,"MA20, MA50, MA200, RSI, MACD, OBV, Trend",38.46153846153847,26.923076923076923,11.538461538461544,0,0,True,True,False,False,False,True,False,True,False,False,False,False,False,True,False,False,False,False,False,True,False,True
BERY,Consumer Cyclical,Packaging & Containers,7.86,2025/06/22,213,100.0,"MA20, MA50, MA200, RSI, MACD, OBV, Trend",38.46153846153847,26.923076923076923,11.538461538461544,0,1,True,False,True,False,False,True,False,False,True,False,False,False,True,False,False,False,False,False,True,False,False,True
HOPE,Financial Services,Banks - Regional,1.41,2025/06/22,249,100.0,"MA20, MA50, MA200, RSI, MACD, OBV, Trend",38.46153846153847,26.923076923076923,11.538461538461544,1,0,True,True,False,False,False,True,False,False,False,False,True,False,False,True,False,False,False,False,True,True,False,False
MLTX,Healthcare,Biotechnology,2.9,2025/06/22,249,100.0,"MA20, MA50, MA200, RSI, MACD, OBV, Trend",38.46153846153847,26.923076923076923,11.538461538461544,0,0,True,True,False,False,False,False,False,True,False,False,True,False,False,True,False,False,True,False,False,True,False,False
FORM,Technology,Semiconductor Equipment & Materials,3.1,2025/06/22,249,100.0,"MA20, MA50, MA200, RSI, MACD, OBV, Trend",38.46153846153847,26.923076923076923,11.538461538461544,0,0,True,True,False,False,False,True,False,True,False,False,False,False,False,True,False,False,False,False,False,True,False,True
OS,Technology,Software - Infrastructure,6.98,2025/06/22,228,100.0,"MA20, MA50, MA200, RSI, MACD, OBV, Trend",38.46153846153847,26.923076923076923,11.538461538461544,0,1,False,True,True,False,False,True,False,True,False,False,False,True,False,False,False,False,False,False,False,True,False,True
OLED,Technology,Electronic Components,7.12,2025/06/22,249,100.0,"MA20, MA50, MA200, RSI, MACD, OBV, Trend",38.46153846153847,26.923076923076923,11.538461538461544,0,0,True,True,False,False,False,True,False,True,False,False,False,False,False,True,False,False,False,False,False,True,False,True
MKSI,Technology,Scientific & Technical Instruments,7.62,2025/06/22,249,100.0,"MA20, MA50, MA200, RSI, MACD, OBV, Trend",38.46153846153847,26.923076923076923,11.538461538461544,0,0,True,True,False,False,False,False,False,True,False,False,True,False,False,True,False,False,True,False,False,True,False,False
LAZ,Financial Services,Capital Markets,4.92,2025/06/22,249,100.0,"MA20, MA50, MA200, RSI, MACD, OBV, Trend",38.46153846153847,26.923076923076923,11.538461538461544,0,0,True,True,False,False,False,False,False,True,False,False,True,False,False,True,False,False,True,False,False,True,False,False
PH,Industrials,Specialty Industrial Machinery,91.04,2025/06/22,249,100.0,"MA20, MA50, MA200, RSI, MACD, OBV, Trend",38.46153846153847,26.923076923076923,11.538461538461544,0,0,False,True,True,False,False,True,False,False,False,False,True,True,False,False,False,False,False,False,True,True,False,False
DCOM,Financial Services,Banks - Regional,1.36,2025/06/22,249,100.0,"MA20, MA50, MA200, RSI, MACD, OBV, Trend",38.46153846153847,26.923076923076923,11.538461538461544,0,0,True,True,False,False,False,True,False,False,False,False,True,False,False,True,False,False,False,False,True,True,False,False
VRTS,Financial Services,Asset Management,1.4,2025/06/22,249,100.0,"MA20, MA50, MA200, RSI, MACD, OBV, Trend",38.46153846153847,26.923076923076923,11.538461538461544,1,1,True,True,False,False,False,False,False,True,False,False,True,False,False,True,False,False,True,False,False,True,False,False
TBLA,Communication Services,Internet Content & Information,1.28,2025/06/22,249,100.0,"MA20, MA50, MA200, RSI, MACD, OBV, Trend",38.46153846153847,26.923076923076923,11.538461538461544,1,0,False,True,True,False,False,True,False,True,False,False,False,True,False,False,False,False,False,False,False,True,False,True
EQIX,Real Estate,REIT - Specialty,88.16,2025/06/22,249,100.0,"MA20, MA50, MA200, RSI, MACD, OBV, Trend",38.46153846153847,26.923076923076923,11.538461538461544,0,0,False,True,True,False,False,True,False,True,False,False,False,True,False,False,False,False,False,False,False,True,False,True
VCTR,Financial Services,Asset Management,4.3,2025/06/22,249,100.0,"MA20, MA50, MA200, RSI, MACD, OBV, Trend",38.46153846153847,26.923076923076923,11.538461538461544,0,1,False,True,True,False,False,True,False,True,False,False,False,True,False,False,False,False,False,False,False,True,False,True
TPG,Financial Services,Asset Management,24.89,2025/06/22,249,100.0,"MA20, MA50, MA200, RSI, MACD, OBV, Trend",38.46153846153847,26.923076923076923,11.538461538461544,0,0,True,True,False,False,False,False,False,True,False,False,True,False,False,True,False,False,True,False,False,True,False,False
CFG,Financial Services,Banks - Regional,20.96,2025/06/22,249,100.0,"MA20, MA50, MA200, RSI, MACD, OBV, Trend",38.46153846153847,26.923076923076923,11.538461538461544,0,0,True,True,False,False,False,False,False,True,False,False,True,False,False,True,False,False,True,False,False,True,False,False
BHFAP,Financial Services,Insurance - Life,3.51,2025/06/22,249,100.0,"MA20, MA50, MA200, RSI, MACD, OBV, Trend",38.46153846153847,26.923076923076923,11.538461538461544,0,0,True,True,False,False,False,False,False,True,False,False,True,False,False,True,False,False,True,False,False,True,False,False
VYX,Technology,Information Technology Services,1.79,2025/06/22,249,100.0,"MA20, MA50, MA200, RSI, MACD, OBV, Trend",38.46153846153847,26.923076923076923,11.538461538461544,0,1,True,True,False,False,False,True,False,True,False,False,False,False,False,True,False,False,False,False,False,True,False,True
HWC,Financial Services,Banks - Regional,5.15,2025/06/22,249,100.0,"MA20, MA50, MA200, RSI, MACD, OBV, Trend",38.46153846153847,26.923076923076923,11.538461538461544,1,1,False,True,True,False,False,True,False,False,False,False,True,True,False,False,False,False,False,False,True,True,False,False
OPRA,Communication Services,Internet Content & Information,1.66,2025/06/22,249,100.0,"MA20, MA50, MA200, RSI, MACD, OBV, Trend",38.46153846153847,26.923076923076923,11.538461538461544,0,0,False,True,True,False,False,True,False,False,False,False,True,True,False,False,False,False,False,False,True,True,False,False
CIFR,Financial Services,Capital Markets,1.99,2025/06/22,249,100.0,"MA20, MA50, MA200, RSI, MACD, OBV, Trend",38.46153846153847,26.923076923076923,11.538461538461544,0,0,True,True,False,False,False,True,False,True,False,False,False,False,False,True,False,False,False,False,False,True,False,True
J,Industrials,Engineering & Construction,17.38,2025/06/22,249,100.0,"MA20, MA50, MA200, RSI, MACD, OBV, Trend",38.46153846153847,26.923076923076923,11.538461538461544,0,1,True,True,False,False,False,True,False,True,False,False,False,False,False,True,False,False,False,False,False,True,False,True
HAE,Healthcare,Medical Instruments & Supplies,3.47,2025/06/22,249,100.0,"MA20, MA50, MA200, RSI, MACD, OBV, Trend",38.46153846153847,26.923076923076923,11.538461538461544,0,0,True,True,False,False,False,False,False,True,False,False,True,False,False,True,False,False,True,False,False,True,False,False
SPHR,Communication Services,Entertainment,1.67,2025/06/22,249,100.0,"MA20, MA50, MA200, RSI, MACD, OBV, Trend",38.46153846153847,26.923076923076923,11.538461538461544,0,0,True,True,False,False,False,False,False,True,False,False,True,False,False,True,False,False,True,False,False,True,False,False
ALAB,Technology,Semiconductors,16.09,2025/06/22,249,100.0,"MA20, MA50, MA200, RSI, MACD, OBV, Trend",38.46153846153847,26.923076923076923,11.538461538461544,0,0,False,True,True,False,False,True,False,True,False,False,False,True,False,False,False,False,False,False,False,True,False,True
SOLV,Healthcare,Health Information Services,12.79,2025/06/22,249,100.0,"MA20, MA50, MA200, RSI, MACD, OBV, Trend",38.46153846153847,26.923076923076923,11.538461538461544,0,0,False,True,True,False,False,False,False,True,False,False,True,True,False,False,False,False,True,False,False,True,False,False
VTRS,Healthcare,Drug Manufacturers - Specialty & Generic,13.46,2025/06/22,249,100.0,"MA20, MA50, MA200, RSI, MACD, OBV, Trend",38.46153846153847,26.923076923076923,11.538461538461544,0,0,True,True,False,False,False,False,False,True,False,False,True,False,False,True,False,False,True,False,False,True,False,False
BXP,Real Estate,REIT - Office,12.9,2025/06/22,249,100.0,"MA20, MA50, MA200, RSI, MACD, OBV, Trend",38.46153846153847,26.923076923076923,11.538461538461544,0,1,True,True,False,False,False,True,False,True,False,False,False,False,False,True,False,False,False,False,False,True,False,True
LOT,Consumer Cyclical,Auto Manufacturers,1.93,2025/06/22,249,100.0,"MA20, MA50, MA200, RSI, MACD, OBV, Trend",38.46153846153847,26.923076923076923,11.538461538461544,0,0,True,True,False,False,False,True,False,True,False,False,False,False,False,True,False,False,False,False,False,True,False,True
KMT,Industrials,Tools & Accessories,1.86,2025/06/22,249,100.0,"MA20, MA50, MA200, RSI, MACD, OBV, Trend",38.46153846153847,26.923076923076923,11.538461538461544,0,1,True,True,False,False,False,True,False,True,False,False,False,False,False,True,False,False,False,False,False,True,False,True
KIM,Real Estate,REIT - Retail,15.13,2025/06/22,249,100.0,"MA20, MA50, MA200, RSI, MACD, OBV, Trend",38.46153846153847,26.923076923076923,11.538461538461544,0,1,True,True,False,False,False,True,False,True,False,False,False,False,False,True,False,False,False,False,False,True,False,True
DV,Technology,Software - Application,3.46,2025/06/22,249,100.0,"MA20, MA50, MA200, RSI, MACD, OBV, Trend",38.46153846153847,26.923076923076923,11.538461538461544,0,0,True,True,False,False,False,False,False,True,False,False,True,False,False,True,False,False,True,False,False,True,False,False
ANSS,Technology,Software - Application,30.65,2025/06/22,249,100.0,"MA20, MA50, MA200, RSI, MACD, OBV, Trend",38.46153846153847,26.923076923076923,11.538461538461544,0,0,False,True,True,False,False,True,False,False,False,False,True,True,False,False,False,False,False,False,True,True,False,False
MPWR,Technology,Semiconductors,31.09,2025/06/22,249,100.0,"MA20, MA50, MA200, RSI, MACD, OBV, Trend",38.46153846153847,26.923076923076923,11.538461538461544,0,0,False,True,True,False,False,True,False,True,False,False,False,True,False,False,False,False,False,False,False,True,False,True
UPBD,Technology,Software - Application,1.6,2025/06/22,249,100.0,"MA20, MA50, MA200, RSI, MACD, OBV, Trend",38.46153846153847,26.923076923076923,11.538461538461544,0,0,True,True,False,False,False,True,False,True,False,False,False,False,False,True,False,False,False,False,False,True,False,True
HTGC,Financial Services,Asset Management,3.54,2025/06/22,249,100.0,"MA20, MA50, MA200, RSI, MACD, OBV, Trend",38.46153846153847,26.923076923076923,11.538461538461544,0,0,True,True,False,False,False,False,False,True,True,False,False,False,False,True,False,False,True,False,False,False,False,True
TCBI,Financial Services,Banks - Regional,3.65,2025/06/22,249,100.0,"MA20, MA50, MA200, RSI, MACD, OBV, Trend",38.46153846153847,26.923076923076923,11.538461538461544,1,0,True,True,False,False,False,False,False,True,False,False,True,False,False,True,False,False,True,False,False,True,False,False
KEYS,Technology,Scientific & Technical Instruments,30.84,2025/06/22,249,100.0,"MA20, MA50, MA200, RSI, MACD, OBV, Trend",38.46153846153847,26.923076923076923,11.538461538461544,0,1,False,True,True,False,False,True,False,True,False,False,False,True,False,False,False,False,False,False,False,True,False,True
VRNS,Technology,Software - Infrastructure,5.1,2025/06/22,249,100.0,"MA20, MA50, MA200, RSI, MACD, OBV, Trend",38.46153846153847,26.923076923076923,11.538461538461544,0,0,False,True,True,False,False,False,False,True,False,False,True,True,False,False,False,False,True,False,False,True,False,False
XHR,Real Estate,REIT - Hotel & Motel,1.6,2025/06/22,249,100.0,"MA20, MA50, MA200, RSI, MACD, OBV, Trend",38.46153846153847,26.923076923076923,11.538461538461544,0,1,True,True,False,False,False,True,False,True,False,False,False,False,False,True,False,False,False,False,False,True,False,True
ACGLO,Financial Services,Insurance - Diversified,12.61,2025/06/22,249,100.0,"MA20, MA50, MA200, RSI, MACD, OBV, Trend",38.46153846153847,26.923076923076923,11.538461538461544,0,1,True,True,False,False,False,True,False,True,False,False,False,False,False,True,False,False,False,False,False,True,False,True
XPO,Industrials,Trucking,15.56,2025/06/22,249,100.0,"MA20, MA50, MA200, RSI, MACD, OBV, Trend",38.46153846153847,26.923076923076923,11.538461538461544,0,0,True,True,False,False,False,False,False,True,False,False,True,False,False,True,False,False,True,False,False,True,False,False
ELAN,Healthcare,Drug Manufacturers - Specialty & Generic,6.16,2025/06/22,249,100.0,"MA20, MA50, MA200, RSI, MACD, OBV, Trend",38.46153846153847,26.923076923076923,11.538461538461544,0,0,False,True,True,False,False,False,False,True,False,False,True,True,False,False,False,False,True,False,False,True,False,False
LVS,Consumer Cyclical,Resorts & Casinos,33.23,2025/06/22,249,100.0,"MA20, MA50, MA200, RSI, MACD, OBV, Trend",38.46153846153847,26.923076923076923,11.538461538461544,0,0,True,True,False,False,False,True,False,True,False,False,False,False,False,True,False,False,False,False,False,True,False,True
VLY,Financial Services,Banks - Regional,5.74,2025/06/22,249,100.0,"MA20, MA50, MA200, RSI, MACD, OBV, Trend",38.46153846153847,26.923076923076923,11.538461538461544,0,0,True,True,False,False,False,True,False,False,False,False,True,False,False,True,False,False,False,False,True,True,False,False
GRMN,Technology,Scientific & Technical Instruments,41.45,2025/06/22,249,100.0,"MA20, MA50, MA200, RSI, MACD, OBV, Trend",46.15384615384615,34.61538461538461,11.53846153846154,1,0,False,True,True,False,False,True,True,False,False,False,True,True,False,False,False,False,False,False,True,True,True,False
DJTWW,Communication Services,Internet Content & Information,6.85,2025/06/22,249,100.0,"MA20, MA50, MA200, RSI, MACD, OBV, Trend",26.923076923076923,15.384615384615385,11.538461538461538,0,0,False,False,True,False,False,False,True,False,True,False,False,False,False,False,False,False,True,False,True,False,False,False
FOUR,Technology,Software - Infrastructure,10.8,2025/06/22,249,100.0,"MA20, MA50, MA200, RSI, MACD, OBV, Trend",42.30769230769231,30.76923076923077,11.538461538461537,0,0,False,True,False,False,False,True,True,True,False,False,True,True,False,True,False,False,False,False,False,True,False,False
PPL,Utilities,Utilities - Regulated Electric,24.8,2025/06/22,249,100.0,"MA20, MA50, MA200, RSI, MACD, OBV, Trend",42.30769230769231,30.76923076923077,11.538461538461537,0,0,False,False,True,False,False,True,True,False,True,False,True,True,True,False,False,False,False,False,True,False,False,False
WMK,Consumer Defensive,Grocery Stores,1.82,2025/06/22,249,100.0,"MA20, MA50, MA200, RSI, MACD, OBV, Trend",42.30769230769231,30.76923076923077,11.538461538461537,1,0,False,False,True,False,False,True,True,False,True,False,True,True,True,False,False,False,False,False,True,False,False,False
AMTM,Industrials,Specialty Business Services,5.1,2025/06/22,185,76.92307692307693,"MA20, MA50, RSI, MACD, OBV, Trend",40.0,30.0,10.0,0,0,True,True,,,False,False,False,True,False,False,False,False,False,,,False,True,False,False,True,False,True
USAC,Energy,Oil & Gas Equipment & Services,3.12,2025/06/22,249,100.0,"MA20, MA50, MA200, RSI, MACD, OBV, Trend",42.30769230769231,34.61538461538461,7.692307692307693,0,1,False,True,True,True,False,True,False,False,False,False,False,True,False,False,False,False,False,False,True,True,False,True
SYK,Healthcare,Medical Devices,149.17,2025/06/22,249,100.0,"MA20, MA50, MA200, RSI, MACD, OBV, Trend",42.30769230769231,34.61538461538461,7.692307692307693,0,0,False,True,True,True,False,True,False,False,False,False,False,True,False,False,False,False,False,False,True,True,False,True
XP,Financial Services,Capital Markets,7.33,2025/06/22,249,100.0,"MA20, MA50, MA200, RSI, MACD, OBV, Trend",42.30769230769231,34.61538461538461,7.692307692307693,0,0,False,True,True,True,False,False,False,True,False,False,False,True,False,False,False,False,True,False,False,True,False,True
BBWI,Consumer Cyclical,Specialty Retail,8.15,2025/06/22,249,100.0,"MA20, MA50, MA200, RSI, MACD, OBV, Trend",42.30769230769231,34.61538461538461,7.692307692307693,0,0,True,False,False,False,False,True,False,True,True,False,True,False,True,True,True,False,False,False,False,False,False,False
TRI,Industrials,Specialty Business Services,75.81,2025/06/22,249,100.0,"MA20, MA50, MA200, RSI, MACD, OBV, Trend",42.30769230769231,34.61538461538461,7.692307692307693,0,0,False,True,True,True,False,False,False,True,False,False,False,True,False,False,False,False,True,False,False,True,False,True
URBN,Consumer Cyclical,Apparel Retail,5.11,2025/06/22,249,100.0,"MA20, MA50, MA200, RSI, MACD, OBV, Trend",42.30769230769231,34.61538461538461,7.692307692307693,0,0,False,True,True,True,False,False,False,True,False,False,False,True,False,False,False,False,True,False,False,True,False,True
CYBR,Technology,Software - Infrastructure,18.29,2025/06/22,249,100.0,"MA20, MA50, MA200, RSI, MACD, OBV, Trend",42.30769230769231,34.61538461538461,7.692307692307693,0,1,False,True,True,True,False,False,False,True,False,False,False,True,False,False,False,False,True,False,False,True,False,True
PODD,Healthcare,Medical Devices,19.53,2025/06/22,249,100.0,"MA20, MA50, MA200, RSI, MACD, OBV, Trend",42.30769230769231,34.61538461538461,7.692307692307693,0,0,False,True,True,True,False,False,False,False,False,False,True,True,False,False,False,False,True,False,True,True,False,False
STC,Financial Services,Insurance - Property & Casualty,1.81,2025/06/22,249,100.0,"MA20, MA50, MA200, RSI, MACD, OBV, Trend",42.30769230769231,34.61538461538461,7.692307692307693,0,0,True,False,False,False,False,True,False,True,True,False,True,False,True,True,True,False,False,False,False,False,False,False
AROC,Energy,Oil & Gas Equipment & Services,5.25,2025/06/22,249,100.0,"MA20, MA50, MA200, RSI, MACD, OBV, Trend",42.30769230769231,34.61538461538461,7.692307692307693,0,0,False,True,True,True,False,True,False,False,False,False,False,True,False,False,False,False,False,False,True,True,False,True
TDY,Technology,Scientific & Technical Instruments,23.83,2025/06/22,249,100.0,"MA20, MA50, MA200, RSI, MACD, OBV, Trend",42.30769230769231,34.61538461538461,7.692307692307693,0,0,False,True,True,True,False,True,False,False,False,False,False,True,False,False,False,False,False,False,True,True,False,True
RYAAY,Industrials,Airlines,25.11,2025/06/22,249,100.0,"MA20, MA50, MA200, RSI, MACD, OBV, Trend",42.30769230769231,34.61538461538461,7.692307692307693,0,0,False,True,True,True,False,False,False,True,False,False,False,True,False,False,False,False,True,False,False,True,False,True
THG,Financial Services,Insurance - Property & Casualty,5.52,2025/06/22,249,100.0,"MA20, MA50, MA200, RSI, MACD, OBV, Trend",42.30769230769231,34.61538461538461,7.692307692307693,0,0,False,True,True,True,False,True,False,False,False,False,False,True,False,False,False,False,False,False,True,True,False,True
LPLA,Financial Services,Capital Markets,27.39,2025/06/22,249,100.0,"MA20, MA50, MA200, RSI, MACD, OBV, Trend",42.30769230769231,34.61538461538461,7.692307692307693,0,0,False,True,True,True,False,False,False,True,False,False,False,True,False,False,False,False,True,False,False,True,False,True
PRDO,Consumer Defensive,Education & Training Services,1.89,2025/06/22,249,100.0,"MA20, MA50, MA200, RSI, MACD, OBV, Trend",42.30769230769231,34.61538461538461,7.692307692307693,0,0,False,True,True,True,False,False,False,True,False,False,False,True,False,False,False,False,True,False,False,True,False,True
DNP,Financial Services,Asset Management,3.5,2025/06/22,249,100.0,"MA20, MA50, MA200, RSI, MACD, OBV, Trend",42.30769230769231,34.61538461538461,7.692307692307693,0,0,False,True,True,True,False,False,False,False,False,False,True,True,False,False,False,False,True,False,True,True,False,False
ONON,Consumer Cyclical,Footwear & Accessories,19.36,2025/06/22,249,100.0,"MA20, MA50, MA200, RSI, MACD, OBV, Trend",42.30769230769231,34.61538461538461,7.692307692307693,0,1,False,True,True,True,False,True,False,False,False,False,False,True,False,False,False,False,False,False,True,True,False,True
LBTYK,Communication Services,Telecom Services,4.17,2025/06/22,249,100.0,"MA20, MA50, MA200, RSI, MACD, OBV, Trend",42.30769230769231,34.61538461538461,7.692307692307693,1,0,True,False,False,False,False,True,False,True,True,False,True,False,True,True,True,False,False,False,False,False,False,False
UVV,Consumer Defensive,Tobacco,1.31,2025/06/22,249,100.0,"MA20, MA50, MA200, RSI, MACD, OBV, Trend",42.30769230769231,34.61538461538461,7.692307692307693,0,1,False,True,True,True,False,True,False,False,False,False,False,True,False,False,False,False,False,False,True,True,False,True
BKNG,Consumer Cyclical,Travel Services,158.01,2025/06/22,249,100.0,"MA20, MA50, MA200, RSI, MACD, OBV, Trend",42.30769230769231,34.61538461538461,7.692307692307693,1,0,False,True,True,True,False,True,False,False,False,False,False,True,False,False,False,False,False,False,True,True,False,True
ZIM,Industrials,Marine Shipping,2.14,2025/06/22,249,100.0,"MA20, MA50, MA200, RSI, MACD, OBV, Trend",42.30769230769231,34.61538461538461,7.692307692307693,0,0,False,True,True,True,False,True,False,False,False,False,False,True,False,False,False,False,False,False,True,True,False,True
MT,Basic Materials,Steel,19.3,2025/06/22,249,100.0,"MA20, MA50, MA200, RSI, MACD, OBV, Trend",42.30769230769231,34.61538461538461,7.692307692307693,0,0,False,True,True,True,False,False,False,False,False,False,True,True,False,False,False,False,True,False,True,True,False,False
CINF,Financial Services,Insurance - Property & Casualty,21.42,2025/06/22,249,100.0,"MA20, MA50, MA200, RSI, MACD, OBV, Trend",42.30769230769231,34.61538461538461,7.692307692307693,0,1,False,True,True,True,False,True,False,False,False,False,False,True,False,False,False,False,False,False,True,True,False,True
RL,Consumer Cyclical,Apparel Manufacturing,15.51,2025/06/22,249,100.0,"MA20, MA50, MA200, RSI, MACD, OBV, Trend",42.30769230769231,34.61538461538461,7.692307692307693,0,0,False,True,True,True,False,True,False,False,False,False,False,True,False,False,False,False,False,False,True,True,False,True
ACHR,Industrials,Aerospace & Defense,4.74,2025/06/22,249,100.0,"MA20, MA50, MA200, RSI, MACD, OBV, Trend",42.30769230769231,34.61538461538461,7.692307692307693,0,1,False,True,True,True,False,True,False,False,False,False,False,True,False,False,False,False,False,False,True,True,False,True
WB,Communication Services,Internet Content & Information,2.36,2025/06/22,249,100.0,"MA20, MA50, MA200, RSI, MACD, OBV, Trend",42.30769230769231,34.61538461538461,7.692307692307693,0,0,False,True,True,True,False,False,False,True,False,False,False,True,False,False,False,False,True,False,False,True,False,True
TMDX,Healthcare,Medical Devices,2.27,2025/06/22,249,100.0,"MA20, MA50, MA200, RSI, MACD, OBV, Trend",42.30769230769231,34.61538461538461,7.692307692307693,0,1,False,True,True,True,False,True,False,False,False,False,False,True,False,False,False,False,False,False,True,True,False,True
TAK,Healthcare,Drug Manufacturers - Specialty & Generic,43.29,2025/06/22,249,100.0,"MA20, MA50, MA200, RSI, MACD, OBV, Trend",42.30769230769231,34.61538461538461,7.692307692307693,0,0,False,True,True,True,False,True,False,False,False,False,False,True,False,False,False,False,False,False,True,True,False,True
ROAD,Industrials,Engineering & Construction,4.5,2025/06/22,249,100.0,"MA20, MA50, MA200, RSI, MACD, OBV, Trend",42.30769230769231,34.61538461538461,7.692307692307693,0,0,False,True,True,True,False,False,False,True,False,False,False,True,False,False,False,False,True,False,False,True,False,True
HQY,Healthcare,Health Information Services,9.58,2025/06/22,249,100.0,"MA20, MA50, MA200, RSI, MACD, OBV, Trend",42.30769230769231,34.61538461538461,7.692307692307693,0,0,False,True,True,True,False,True,False,False,False,False,False,True,False,False,False,False,False,False,True,True,False,True
GRND,Technology,Software - Application,3.15,2025/06/22,249,100.0,"MA20, MA50, MA200, RSI, MACD, OBV, Trend",50.0,42.30769230769231,7.692307692307693,0,0,False,True,True,True,False,True,True,False,False,False,False,True,False,False,False,False,False,False,True,True,True,True
INGR,Consumer Defensive,Packaged Foods,8.89,2025/06/22,249,100.0,"MA20, MA50, MA200, RSI, MACD, OBV, Trend",42.30769230769231,34.61538461538461,7.692307692307693,1,0,False,True,True,True,False,True,False,False,False,False,False,True,False,False,False,False,False,False,True,True,False,True
BROS,Consumer Cyclical,Restaurants,9.64,2025/06/22,249,100.0,"MA20, MA50, MA200, RSI, MACD, OBV, Trend",42.30769230769231,34.61538461538461,7.692307692307693,0,0,False,True,True,True,False,True,False,False,False,False,False,True,False,False,False,False,False,False,True,True,False,True
KD,Technology,Information Technology Services,8.82,2025/06/22,249,100.0,"MA20, MA50, MA200, RSI, MACD, OBV, Trend",42.30769230769231,34.61538461538461,7.692307692307693,0,1,False,True,True,True,False,True,False,False,False,False,False,True,False,False,False,False,False,False,True,True,False,True
ESGRO,Financial Services,Insurance - Diversified,2.82,2025/06/22,249,100.0,"MA20, MA50, MA200, RSI, MACD, OBV, Trend",42.30769230769231,34.61538461538461,7.692307692307693,0,0,False,True,True,True,False,False,False,False,False,False,True,True,False,False,False,False,True,False,True,True,False,False
NNI,Financial Services,Credit Services,4.0,2025/06/22,249,100.0,"MA20, MA50, MA200, RSI, MACD, OBV, Trend",42.30769230769231,34.61538461538461,7.692307692307693,0,0,False,True,True,True,False,False,False,False,False,False,True,True,False,False,False,False,True,False,True,True,False,False
HON,Industrials,Conglomerates,145.69,2025/06/22,249,100.0,"MA20, MA50, MA200, RSI, MACD, OBV, Trend",42.30769230769231,34.61538461538461,7.692307692307693,0,0,False,True,True,True,False,True,False,False,False,False,False,True,False,False,False,False,False,False,True,True,False,True
EPD,Energy,Oil & Gas Midstream,70.77,2025/06/22,249,100.0,"MA20, MA50, MA200, RSI, MACD, OBV, Trend",42.30769230769231,34.61538461538461,7.692307692307693,0,0,False,True,True,True,False,False,False,False,False,False,True,True,False,False,False,False,True,False,True,True,False,False
CTAS,Industrials,Specialty Business Services,80.94,2025/06/22,249,100.0,"MA20, MA50, MA200, RSI, MACD, OBV, Trend",42.30769230769231,34.61538461538461,7.692307692307693,0,0,False,True,True,True,False,True,False,False,False,False,False,True,False,False,False,False,False,False,True,True,False,True
CDNS,Technology,Software - Application,81.63,2025/06/22,249,100.0,"MA20, MA50, MA200, RSI, MACD, OBV, Trend",42.30769230769231,34.61538461538461,7.692307692307693,0,0,False,True,True,True,False,False,False,False,False,False,True,True,False,False,False,False,True,False,True,True,False,False
NPO,Industrials,Specialty Industrial Machinery,3.9,2025/06/22,249,100.0,"MA20, MA50, MA200, RSI, MACD, OBV, Trend",42.30769230769231,34.61538461538461,7.692307692307693,0,0,False,True,True,True,False,True,False,False,False,False,False,True,False,False,False,False,False,False,True,True,False,True
VIR,Healthcare,Biotechnology,1.43,2025/06/22,249,100.0,"MA20, MA50, MA200, RSI, MACD, OBV, Trend",42.30769230769231,34.61538461538461,7.692307692307693,1,0,True,False,False,False,False,True,False,True,True,False,True,False,True,True,True,False,False,False,False,False,False,False
SLMBP,Financial Services,Credit Services,4.9,2025/06/22,249,100.0,"MA20, MA50, MA200, RSI, MACD, OBV, Trend",42.30769230769231,34.61538461538461,7.692307692307693,0,0,False,True,True,True,False,False,False,False,False,False,True,True,False,False,False,False,True,False,True,True,False,False
FAST,Industrials,Industrial Distribution,41.99,2025/06/22,249,100.0,"MA20, MA50, MA200, RSI, MACD, OBV, Trend",42.30769230769231,34.61538461538461,7.692307692307693,0,1,False,True,True,True,False,True,False,False,False,False,False,True,False,False,False,False,False,False,True,True,False,True
AMPL,Technology,Software - Application,1.52,2025/06/22,249,100.0,"MA20, MA50, MA200, RSI, MACD, OBV, Trend",42.30769230769231,34.61538461538461,7.692307692307693,0,0,False,True,True,True,False,True,False,False,False,False,False,True,False,False,False,False,False,False,True,True,False,True
LIN,Basic Materials,Specialty Chemicals,212.42,2025/06/22,249,100.0,"MA20, MA50, MA200, RSI, MACD, OBV, Trend",42.30769230769231,34.61538461538461,7.692307692307693,0,1,False,True,True,True,False,True,False,False,False,False,False,True,False,False,False,False,False,False,True,True,False,True
BTSG,Healthcare,Health Information Services,4.11,2025/06/22,249,100.0,"MA20, MA50, MA200, RSI, MACD, OBV, Trend",50.0,42.30769230769231,7.692307692307693,0,3,False,True,True,True,False,False,True,True,False,False,False,True,False,False,False,True,True,False,False,True,False,True
EOS,Financial Services,Asset Management,1.26,2025/06/22,249,100.0,"MA20, MA50, MA200, RSI, MACD, OBV, Trend",42.30769230769231,34.61538461538461,7.692307692307693,0,0,False,True,True,True,False,False,False,True,False,False,False,True,False,False,False,False,True,False,False,True,False,True
HSBC,Financial Services,Banks - Diversified,187.01,2025/06/22,249,100.0,"MA20, MA50, MA200, RSI, MACD, OBV, Trend",50.0,42.30769230769231,7.692307692307693,0,0,False,True,True,True,False,True,True,False,False,False,False,True,False,False,False,False,False,False,True,True,True,True
TU,Communication Services,Telecom Services,21.7,2025/06/22,249,100.0,"MA20, MA50, MA200, RSI, MACD, OBV, Trend",42.30769230769231,34.61538461538461,7.692307692307693,0,0,False,True,True,True,False,False,False,True,False,False,False,True,False,False,False,False,True,False,False,True,False,True
WAB,Industrials,Railroads,35.74,2025/06/22,249,100.0,"MA20, MA50, MA200, RSI, MACD, OBV, Trend",42.30769230769231,34.61538461538461,7.692307692307693,0,1,False,True,True,True,False,True,False,False,False,False,False,True,False,False,False,False,False,False,True,True,False,True
HUM,Healthcare,Healthcare Plans,35.31,2025/06/22,249,100.0,"MA20, MA50, MA200, RSI, MACD, OBV, Trend",42.30769230769231,34.61538461538461,7.692307692307693,0,0,True,False,False,False,False,True,False,True,True,False,True,False,True,True,True,False,False,False,False,False,False,False
AVPT,Technology,Software - Infrastructure,3.52,2025/06/22,249,100.0,"MA20, MA50, MA200, RSI, MACD, OBV, Trend",42.30769230769231,34.61538461538461,7.692307692307693,0,0,False,True,True,True,False,True,False,False,False,False,False,True,False,False,False,False,False,False,True,True,False,True
SLM,Financial Services,Credit Services,5.87,2025/06/22,249,100.0,"MA20, MA50, MA200, RSI, MACD, OBV, Trend",42.30769230769231,34.61538461538461,7.692307692307693,0,1,False,True,True,True,False,True,False,False,False,False,False,True,False,False,False,False,False,False,True,True,False,True
UI,Technology,Communication Equipment,24.4,2025/06/22,249,100.0,"MA20, MA50, MA200, RSI, MACD, OBV, Trend",50.0,42.30769230769231,7.692307692307693,0,1,False,True,True,True,False,True,True,False,False,False,False,True,False,False,False,False,False,False,True,True,True,True
JKHY,Technology,Information Technology Services,12.7,2025/06/22,249,100.0,"MA20, MA50, MA200, RSI, MACD, OBV, Trend",42.30769230769231,34.61538461538461,7.692307692307693,0,0,False,True,True,True,False,True,False,False,False,False,False,True,False,False,False,False,False,False,True,True,False,True
CHWY,Consumer Cyclical,Internet Retail,16.21,2025/06/22,249,100.0,"MA20, MA50, MA200, RSI, MACD, OBV, Trend",42.30769230769231,34.61538461538461,7.692307692307693,0,1,False,True,True,True,False,False,False,False,False,False,True,True,False,False,False,False,True,False,True,True,False,False
AQN,Utilities,Utilities - Renewable,3.41,2025/06/22,249,100.0,"MA20, MA50, MA200, RSI, MACD, OBV, Trend",42.30769230769231,34.61538461538461,7.692307692307693,0,0,False,True,True,True,False,False,False,True,False,False,False,True,False,False,False,False,True,False,False,True,False,True
RDW,Industrials,Aerospace & Defense,1.59,2025/06/22,249,100.0,"MA20, MA50, MA200, RSI, MACD, OBV, Trend",42.30769230769231,34.61538461538461,7.692307692307693,1,1,False,True,True,True,False,True,False,False,False,False,False,True,False,False,False,False,False,False,True,True,False,True
EVTC,Technology,Software - Infrastructure,2.07,2025/06/22,249,100.0,"MA20, MA50, MA200, RSI, MACD, OBV, Trend",42.30769230769231,34.61538461538461,7.692307692307693,0,1,False,True,True,True,False,True,False,False,False,False,False,True,False,False,False,False,False,False,True,True,False,True
AZO,Consumer Cyclical,Specialty Retail,56.22,2025/06/22,249,100.0,"MA20, MA50, MA200, RSI, MACD, OBV, Trend",46.15384615384615,38.46153846153847,7.692307692307686,0,0,False,False,True,True,False,True,True,False,False,False,True,True,True,False,False,False,False,False,True,True,False,False
BWA,Consumer Cyclical,Auto Parts,6.98,2025/06/22,249,100.0,"MA20, MA50, MA200, RSI, MACD, OBV, Trend",38.46153846153847,34.61538461538461,3.846153846153854,1,2,False,True,True,False,False,True,False,True,False,False,False,True,False,False,False,True,False,False,False,True,False,True
VMI,Industrials,Conglomerates,6.65,2025/06/22,249,100.0,"MA20, MA50, MA200, RSI, MACD, OBV, Trend",38.46153846153847,34.61538461538461,3.846153846153854,0,2,False,True,True,False,False,True,False,True,False,False,False,True,False,False,False,True,False,False,False,True,False,True
LEG,Consumer Cyclical,"Furnishings, Fixtures & Appliances",1.42,2025/06/22,249,100.0,"MA20, MA50, MA200, RSI, MACD, OBV, Trend",38.46153846153847,34.61538461538461,3.846153846153854,0,0,True,True,False,False,False,False,False,True,False,False,True,False,False,True,False,False,True,True,False,True,False,False
KMPR,Financial Services,Insurance - Property & Casualty,4.3,2025/06/22,249,100.0,"MA20, MA50, MA200, RSI, MACD, OBV, Trend",38.46153846153847,34.61538461538461,3.846153846153854,0,0,True,True,False,False,False,False,True,True,False,False,False,False,False,True,False,False,True,False,False,True,False,True
NHC,Healthcare,Medical Care Facilities,1.59,2025/06/22,249,100.0,"MA20, MA50, MA200, RSI, MACD, OBV, Trend",38.46153846153847,34.61538461538461,3.846153846153854,1,3,True,True,False,False,False,True,False,True,False,False,False,False,False,True,False,True,False,False,False,True,False,True
CMBT,Energy,Oil & Gas Midstream,2.1,2025/06/22,249,100.0,"MA20, MA50, MA200, RSI, MACD, OBV, Trend",38.46153846153847,34.61538461538461,3.846153846153854,0,0,True,True,False,False,False,False,False,True,True,False,False,False,False,True,False,False,True,True,False,False,False,True
LYB,Basic Materials,Specialty Chemicals,24.53,2025/06/22,249,100.0,"MA20, MA50, MA200, RSI, MACD, OBV, Trend",38.46153846153847,34.61538461538461,3.846153846153854,0,0,True,True,False,False,False,False,False,True,True,False,False,False,False,True,False,False,True,True,False,False,False,True
CLDX,Healthcare,Biotechnology,1.68,2025/06/22,249,100.0,"MA20, MA50, MA200, RSI, MACD, OBV, Trend",38.46153846153847,34.61538461538461,3.846153846153854,1,0,True,True,False,False,False,True,False,True,False,False,False,False,False,True,False,False,False,True,False,True,False,True
SYNA,Technology,Semiconductors,3.4,2025/06/22,249,100.0,"MA20, MA50, MA200, RSI, MACD, OBV, Trend",38.46153846153847,34.61538461538461,3.846153846153854,0,0,True,True,False,False,False,False,False,True,False,False,True,False,False,True,False,False,True,True,False,True,False,False
RHP,Real Estate,REIT - Hotel & Motel,6.33,2025/06/22,249,100.0,"MA20, MA50, MA200, RSI, MACD, OBV, Trend",38.46153846153847,34.61538461538461,3.846153846153854,0,0,True,True,False,False,False,False,False,True,False,False,True,False,False,True,False,False,True,True,False,True,False,False
LUV,Industrials,Airlines,18.42,2025/06/22,249,100.0,"MA20, MA50, MA200, RSI, MACD, OBV, Trend",38.46153846153847,34.61538461538461,3.846153846153854,0,0,False,True,True,False,False,True,True,False,False,False,False,True,False,False,False,False,False,False,True,True,False,True
MAR,Consumer Cyclical,Lodging,80.75,2025/06/22,249,100.0,"MA20, MA50, MA200, RSI, MACD, OBV, Trend",34.61538461538461,30.76923076923077,3.846153846153843,0,0,False,True,False,False,False,True,False,True,False,False,True,True,False,True,False,False,False,False,False,True,False,False
HXL,Industrials,Aerospace & Defense,5.28,2025/06/22,249,100.0,"MA20, MA50, MA200, RSI, MACD, OBV, Trend",34.61538461538461,30.76923076923077,3.846153846153843,0,0,False,True,False,False,False,True,False,True,False,False,True,True,False,True,False,False,False,False,False,True,False,False
AWK,Utilities,Utilities - Regulated Water,24.29,2025/06/22,249,100.0,"MA20, MA50, MA200, RSI, MACD, OBV, Trend",34.61538461538461,30.76923076923077,3.846153846153843,1,0,False,False,True,False,False,True,False,False,True,False,True,True,True,False,False,False,False,False,True,False,False,False
BTU,Energy,Thermal Coal,2.21,2025/06/22,249,100.0,"MA20, MA50, MA200, RSI, MACD, OBV, Trend",34.61538461538461,30.76923076923077,3.846153846153843,0,0,False,True,False,False,False,True,False,False,True,False,True,True,False,True,False,False,False,False,True,False,False,False
STEL,Financial Services,Banks - Regional,1.52,2025/06/22,249,100.0,"MA20, MA50, MA200, RSI, MACD, OBV, Trend",34.61538461538461,30.76923076923077,3.846153846153843,1,0,False,True,False,False,False,True,False,True,False,False,True,True,False,True,False,False,False,False,False,True,False,False
VNOM,Energy,Oil & Gas Midstream,8.84,2025/06/22,249,100.0,"MA20, MA50, MA200, RSI, MACD, OBV, Trend",34.61538461538461,30.76923076923077,3.846153846153843,0,0,False,True,False,False,False,True,False,False,True,False,True,True,False,True,False,False,False,False,True,False,False,False
MTCH,Communication Services,Internet Content & Information,8.96,2025/06/22,249,100.0,"MA20, MA50, MA200, RSI, MACD, OBV, Trend",34.61538461538461,30.76923076923077,3.846153846153843,1,0,False,True,False,False,False,True,False,True,False,False,True,True,False,True,False,False,False,False,False,True,False,False
TEX,Industrials,Farm & Heavy Construction Machinery,3.21,2025/06/22,249,100.0,"MA20, MA50, MA200, RSI, MACD, OBV, Trend",34.61538461538461,30.76923076923077,3.846153846153843,1,0,False,True,False,False,False,True,False,True,False,False,True,True,False,True,False,False,False,False,False,True,False,False
ZI,Technology,Software - Application,3.76,2025/06/22,249,100.0,"MA20, MA50, MA200, RSI, MACD, OBV, Trend",34.61538461538461,30.76923076923077,3.846153846153843,0,0,False,True,False,False,False,True,False,True,False,False,True,True,False,True,False,False,False,False,False,True,False,False
UFPT,Healthcare,Medical Devices,2.11,2025/06/22,249,100.0,"MA20, MA50, MA200, RSI, MACD, OBV, Trend",42.30769230769231,38.46153846153847,3.8461538461538396,2,0,False,True,False,False,True,False,True,True,False,False,True,True,False,True,False,False,True,False,False,True,False,False
ADC,Real Estate,REIT - Retail,7.96,2025/06/22,249,100.0,"MA20, MA50, MA200, RSI, MACD, OBV, Trend",42.30769230769231,38.46153846153847,3.8461538461538396,0,0,False,False,True,False,False,True,True,False,True,True,False,True,True,False,False,False,False,False,True,False,False,True
BMO,Financial Services,Banks - Diversified,73.11,2025/06/22,249,100.0,"MA20, MA50, MA200, RSI, MACD, OBV, Trend",42.30769230769231,42.30769230769231,0.0,0,1,False,True,True,True,False,False,True,False,False,False,False,True,False,False,False,False,True,False,True,True,False,True
BBVA,Financial Services,Banks - Diversified,65.28,2025/06/22,249,100.0,"MA20, MA50, MA200, RSI, MACD, OBV, Trend",42.30769230769231,42.30769230769231,0.0,1,2,False,True,True,True,False,True,False,False,False,False,False,True,False,False,False,True,False,False,True,True,False,True
SE,Consumer Cyclical,Internet Retail,69.95,2025/06/22,249,100.0,"MA20, MA50, MA200, RSI, MACD, OBV, Trend",42.30769230769231,42.30769230769231,0.0,0,0,False,True,True,True,False,False,True,False,False,False,False,True,False,False,False,False,True,False,True,True,False,True
CHTR,Communication Services,Telecom Services,49.04,2025/06/22,249,100.0,"MA20, MA50, MA200, RSI, MACD, OBV, Trend",42.30769230769231,42.30769230769231,0.0,0,0,False,True,True,True,False,True,False,False,False,False,False,True,False,False,False,False,False,False,True,True,True,True
U,Technology,Software - Application,8.94,2025/06/22,249,100.0,"MA20, MA50, MA200, RSI, MACD, OBV, Trend",42.30769230769231,42.30769230769231,0.0,0,0,False,True,True,True,False,False,True,False,False,False,False,True,False,False,False,False,True,False,True,True,False,True
BWIN,Financial Services,Insurance Brokers,2.77,2025/06/22,249,100.0,"MA20, MA50, MA200, RSI, MACD, OBV, Trend",42.30769230769231,42.30769230769231,0.0,2,0,True,False,False,False,True,False,False,True,True,False,True,False,True,True,True,False,True,False,False,False,False,False
MRUS,Healthcare,Biotechnology,2.85,2025/06/22,249,100.0,"MA20, MA50, MA200, RSI, MACD, OBV, Trend",42.30769230769231,42.30769230769231,0.0,0,0,False,True,True,True,False,False,False,True,False,False,False,True,False,False,False,False,True,True,False,True,False,True
RXRX,Healthcare,Biotechnology,2.83,2025/06/22,249,100.0,"MA20, MA50, MA200, RSI, MACD, OBV, Trend",38.46153846153847,38.46153846153847,0.0,0,0,True,True,False,False,False,False,False,True,True,False,False,False,False,True,True,False,True,False,False,False,False,True
DFH,Consumer Cyclical,Residential Construction,2.26,2025/06/22,249,100.0,"MA20, MA50, MA200, RSI, MACD, OBV, Trend",38.46153846153847,38.46153846153847,0.0,1,1,True,True,False,False,False,False,False,False,True,False,True,False,False,True,True,False,True,False,True,False,False,False
LBRDK,Communication Services,Telecom Services,10.94,2025/06/22,249,100.0,"MA20, MA50, MA200, RSI, MACD, OBV, Trend",42.30769230769231,42.30769230769231,0.0,0,0,False,True,True,True,False,True,False,False,False,False,False,True,False,False,False,False,False,False,True,True,True,True
VRSK,Industrials,Consulting Services,40.59,2025/06/22,249,100.0,"MA20, MA50, MA200, RSI, MACD, OBV, Trend",42.30769230769231,42.30769230769231,0.0,0,1,False,True,True,True,False,True,False,False,False,False,False,True,False,False,False,False,False,False,True,True,True,True
ING,Financial Services,Banks - Diversified,51.08,2025/06/22,249,100.0,"MA20, MA50, MA200, RSI, MACD, OBV, Trend",42.30769230769231,42.30769230769231,0.0,0,0,False,True,True,True,False,True,False,False,False,False,False,True,False,False,False,False,False,False,True,True,True,True
RGTI,Technology,Computer Hardware,3.69,2025/06/22,249,100.0,"MA20, MA50, MA200, RSI, MACD, OBV, Trend",42.30769230769231,42.30769230769231,0.0,1,0,False,True,True,True,False,False,True,False,False,False,False,True,False,False,False,False,True,False,True,True,False,True
FICO,Technology,Software - Application,45.8,2025/06/22,249,100.0,"MA20, MA50, MA200, RSI, MACD, OBV, Trend",42.30769230769231,42.30769230769231,0.0,0,0,True,False,False,False,False,True,True,False,True,False,True,False,True,True,True,False,False,False,True,False,False,False
LNN,Industrials,Farm & Heavy Construction Machinery,1.46,2025/06/22,249,100.0,"MA20, MA50, MA200, RSI, MACD, OBV, Trend",42.30769230769231,42.30769230769231,0.0,0,0,False,True,True,True,False,True,False,False,False,False,False,True,False,False,False,False,False,False,True,True,True,True
OKE,Energy,Oil & Gas Midstream,56.65,2025/06/22,249,100.0,"MA20, MA50, MA200, RSI, MACD, OBV, Trend",42.30769230769231,42.30769230769231,0.0,0,0,True,False,False,False,False,True,True,False,True,False,True,False,True,True,True,False,False,False,True,False,False,False
ZK,Consumer Cyclical,Auto Manufacturers,6.47,2025/06/22,249,100.0,"MA20, MA50, MA200, RSI, MACD, OBV, Trend",42.30769230769231,42.30769230769231,0.0,0,0,False,True,True,True,False,True,False,False,False,False,False,True,False,False,False,False,False,False,True,True,True,True
AFL,Financial Services,Insurance - Life,59.65,2025/06/22,249,100.0,"MA20, MA50, MA200, RSI, MACD, OBV, Trend",42.30769230769231,42.30769230769231,0.0,1,0,True,False,False,False,False,True,True,False,True,False,True,False,True,True,True,False,False,False,True,False,False,False
EXEL,Healthcare,Biotechnology,9.47,2025/06/22,249,100.0,"MA20, MA50, MA200, RSI, MACD, OBV, Trend",42.30769230769231,42.30769230769231,0.0,0,1,False,True,True,True,False,True,False,False,False,False,False,True,False,False,False,False,False,False,True,True,True,True
RBRK,Technology,Software - Infrastructure,13.57,2025/06/22,249,100.0,"MA20, MA50, MA200, RSI, MACD, OBV, Trend",50.0,50.0,0.0,0,3,False,True,True,True,False,True,True,False,False,False,False,True,False,False,False,True,False,False,True,True,True,True
NUKKW,Technology,Software - Application,2.09,2025/06/22,249,100.0,"MA20, MA50, MA200, RSI, MACD, OBV, Trend",7.6923076923076925,7.6923076923076925,0.0,0,0,False,False,False,False,False,False,True,False,False,False,False,False,False,False,False,False,True,False,False,False,False,False
GLPG,Healthcare,Biotechnology,1.53,2025/06/22,249,100.0,"MA20, MA50, MA200, RSI, MACD, OBV, Trend",42.30769230769231,42.30769230769231,0.0,0,0,False,True,True,True,False,True,False,False,False,False,False,True,False,False,False,False,False,False,True,True,True,True
PINC,Healthcare,Health Information Services,2.18,2025/06/22,249,100.0,"MA20, MA50, MA200, RSI, MACD, OBV, Trend",42.30769230769231,42.30769230769231,0.0,0,1,False,True,True,True,False,True,False,False,False,False,False,True,False,False,False,False,False,False,True,True,True,True
TECH,Healthcare,Biotechnology,11.69,2025/06/22,249,100.0,"MA20, MA50, MA200, RSI, MACD, OBV, Trend",38.46153846153847,38.46153846153847,0.0,0,0,True,True,False,False,False,False,False,False,True,False,True,False,False,True,True,False,True,False,True,False,False,False
LZ,Industrials,Specialty Business Services,1.55,2025/06/22,249,100.0,"MA20, MA50, MA200, RSI, MACD, OBV, Trend",42.30769230769231,42.30769230769231,0.0,0,0,False,True,True,True,False,True,False,False,False,False,False,True,False,False,False,False,False,False,True,True,True,True
HE,Utilities,Utilities - Regulated Electric,1.58,2025/06/22,249,100.0,"MA20, MA50, MA200, RSI, MACD, OBV, Trend",38.46153846153847,38.46153846153847,0.0,0,0,False,False,True,True,False,True,False,False,False,False,True,True,True,False,False,False,False,False,True,True,False,False
FNF,Financial Services,Insurance - Specialty,15.92,2025/06/22,249,100.0,"MA20, MA50, MA200, RSI, MACD, OBV, Trend",42.30769230769231,42.30769230769231,0.0,1,0,True,False,False,False,False,True,True,False,True,False,True,False,True,True,True,False,False,False,True,False,False,False
XMTR,Industrials,Specialty Industrial Machinery,1.65,2025/06/22,249,100.0,"MA20, MA50, MA200, RSI, MACD, OBV, Trend",42.30769230769231,42.30769230769231,0.0,0,1,False,True,True,True,False,False,False,True,False,False,False,True,False,False,False,False,True,False,False,True,True,True
CTRI,Utilities,Utilities - Regulated Gas,2.01,2025/06/22,249,100.0,"MA20, MA50, MA200, RSI, MACD, OBV, Trend",42.30769230769231,42.30769230769231,0.0,0,1,False,True,True,True,False,True,False,False,False,False,False,True,False,False,False,False,False,True,True,True,False,True
HSAI,Consumer Cyclical,Auto Parts,1.97,2025/06/22,249,100.0,"MA20, MA50, MA200, RSI, MACD, OBV, Trend",42.30769230769231,42.30769230769231,0.0,0,0,False,True,True,True,False,False,True,False,False,False,False,True,False,False,False,False,True,False,True,True,False,True
ARCO,Consumer Cyclical,Restaurants,1.65,2025/06/22,249,100.0,"MA20, MA50, MA200, RSI, MACD, OBV, Trend",38.46153846153847,38.46153846153847,0.0,0,0,True,True,False,False,False,True,False,False,True,False,False,False,False,True,True,False,False,False,True,False,False,True
DXCM,Healthcare,Medical Devices,33.92,2025/06/22,249,100.0,"MA20, MA50, MA200, RSI, MACD, OBV, Trend",42.30769230769231,42.30769230769231,0.0,0,0,False,True,True,True,False,True,False,False,False,False,False,True,False,False,False,False,False,False,True,True,True,True
STE,Healthcare,Medical Devices,21.78,2025/06/22,249,100.0,"MA20, MA50, MA200, RSI, MACD, OBV, Trend",42.30769230769231,42.30769230769231,0.0,0,0,False,True,True,True,False,True,False,False,False,False,False,True,False,False,False,False,False,False,True,True,True,True
LYFT,Technology,Software - Application,5.62,2025/06/22,249,100.0,"MA20, MA50, MA200, RSI, MACD, OBV, Trend",42.30769230769231,42.30769230769231,0.0,0,0,False,True,True,True,False,True,False,False,False,False,False,True,False,False,False,False,False,False,True,True,True,True
ROL,Consumer Cyclical,Personal Services,23.97,2025/06/22,249,100.0,"MA20, MA50, MA200, RSI, MACD, OBV, Trend",42.30769230769231,42.30769230769231,0.0,0,0,False,True,True,True,False,True,False,False,False,False,False,True,False,False,False,False,False,False,True,True,True,True
ECG,Industrials,Engineering & Construction,3.51,2025/06/22,161,76.92307692307693,"MA20, MA50, RSI, MACD, OBV, Trend",35.0,35.0,0.0,0,0,False,True,,,False,True,False,True,False,False,False,True,False,,,False,False,False,False,True,False,True
BAM,Financial Services,Asset Management,25.25,2025/06/22,249,100.0,"MA20, MA50, MA200, RSI, MACD, OBV, Trend",42.30769230769231,42.30769230769231,0.0,0,1,False,True,True,True,False,False,False,False,False,False,True,True,False,False,False,False,True,False,True,True,True,False
BCRX,Healthcare,Biotechnology,1.64,2025/06/22,249,100.0,"MA20, MA50, MA200, RSI, MACD, OBV, Trend",42.30769230769231,42.30769230769231,0.0,0,0,False,True,True,True,False,True,False,False,False,False,False,True,False,False,False,False,False,False,True,True,True,True
COMP,Real Estate,Real Estate Services,4.0,2025/06/22,249,100.0,"MA20, MA50, MA200, RSI, MACD, OBV, Trend",42.30769230769231,42.30769230769231,0.0,1,0,True,False,False,False,False,True,True,False,True,False,True,False,True,True,True,False,False,False,True,False,False,False
DOLE,Consumer Defensive,Farm Products,1.31,2025/06/22,249,100.0,"MA20, MA50, MA200, RSI, MACD, OBV, Trend",42.30769230769231,42.30769230769231,0.0,0,0,True,False,False,False,False,True,True,False,True,False,True,False,True,True,True,False,False,False,True,False,False,False
FUBO,Communication Services,Broadcasting,1.37,2025/06/22,249,100.0,"MA20, MA50, MA200, RSI, MACD, OBV, Trend",42.30769230769231,42.30769230769231,0.0,0,0,False,True,True,True,False,False,True,False,False,False,False,True,False,False,False,False,True,False,True,True,False,True
ARVN,Healthcare,Biotechnology,1.23,2025/06/22,249,100.0,"MA20, MA50, MA200, RSI, MACD, OBV, Trend",38.46153846153847,38.46153846153847,0.0,0,0,True,True,False,False,False,False,False,True,True,False,False,False,False,True,True,False,True,False,False,False,False,True
UNP,Industrials,Railroads,150.22,2025/06/22,249,100.0,"MA20, MA50, MA200, RSI, MACD, OBV, Trend",30.76923076923077,34.61538461538461,-3.846153846153843,0,0,True,True,False,False,False,False,False,False,False,False,True,False,False,True,False,False,True,False,True,True,False,False
OBK,Financial Services,Banks - Regional,1.19,2025/06/22,249,100.0,"MA20, MA50, MA200, RSI, MACD, OBV, Trend",30.76923076923077,34.61538461538461,-3.846153846153843,0,0,False,True,True,False,False,True,False,False,False,False,False,True,False,False,False,False,False,False,True,True,False,True
NVO,Healthcare,Drug Manufacturers - General,377.05,2025/06/22,249,100.0,"MA20, MA50, MA200, RSI, MACD, OBV, Trend",30.76923076923077,34.61538461538461,-3.846153846153843,0,0,True,True,False,False,False,False,False,True,False,False,False,False,False,True,False,False,True,False,False,True,False,True
OBDC,Financial Services,Asset Management,7.72,2025/06/22,249,100.0,"MA20, MA50, MA200, RSI, MACD, OBV, Trend",30.76923076923077,34.61538461538461,-3.846153846153843,0,0,False,True,True,False,False,False,False,False,False,False,True,True,False,False,False,False,True,False,True,True,False,False
BXSL,Financial Services,Asset Management,7.51,2025/06/22,249,100.0,"MA20, MA50, MA200, RSI, MACD, OBV, Trend",30.76923076923077,34.61538461538461,-3.846153846153843,0,0,False,True,True,False,False,True,False,False,False,False,False,True,False,False,False,False,False,False,True,True,False,True
MTN,Consumer Cyclical,Resorts & Casinos,6.37,2025/06/22,249,100.0,"MA20, MA50, MA200, RSI, MACD, OBV, Trend",30.76923076923077,34.61538461538461,-3.846153846153843,0,0,True,True,False,False,False,False,False,True,False,False,False,False,False,True,False,False,True,False,False,True,False,True
XYZ,Technology,Software - Infrastructure,56.29,2025/06/22,249,100.0,"MA20, MA50, MA200, RSI, MACD, OBV, Trend",30.76923076923077,34.61538461538461,-3.846153846153843,0,0,True,True,False,False,False,False,False,True,False,False,False,False,False,True,False,False,True,False,False,True,False,True
WING,Consumer Cyclical,Restaurants,8.7,2025/06/22,249,100.0,"MA20, MA50, MA200, RSI, MACD, OBV, Trend",30.76923076923077,34.61538461538461,-3.846153846153843,0,0,False,True,True,False,False,False,False,True,False,False,False,True,False,False,False,False,True,False,False,True,False,True
BIP,Utilities,Utilities - Diversified,15.21,2025/06/22,249,100.0,"MA20, MA50, MA200, RSI, MACD, OBV, Trend",30.76923076923077,34.61538461538461,-3.846153846153843,0,0,False,True,True,False,False,True,False,False,False,False,False,True,False,False,False,False,False,False,True,True,False,True
LNC,Financial Services,Insurance - Life,5.99,2025/06/22,249,100.0,"MA20, MA50, MA200, RSI, MACD, OBV, Trend",30.76923076923077,34.61538461538461,-3.846153846153843,0,0,False,True,True,False,False,True,False,False,False,False,False,True,False,False,False,False,False,False,True,True,False,True
IDYA,Healthcare,Biotechnology,2.1,2025/06/22,249,100.0,"MA20, MA50, MA200, RSI, MACD, OBV, Trend",30.76923076923077,34.61538461538461,-3.846153846153843,0,0,True,True,False,False,False,False,False,True,False,False,False,False,False,True,False,False,True,False,False,True,False,True
FRSH,Technology,Software - Application,5.63,2025/06/22,249,100.0,"MA20, MA50, MA200, RSI, MACD, OBV, Trend",30.76923076923077,34.61538461538461,-3.846153846153843,0,0,False,True,True,False,False,True,False,False,False,False,False,True,False,False,False,False,False,False,True,True,False,True
BV,Industrials,Specialty Business Services,1.5,2025/06/22,249,100.0,"MA20, MA50, MA200, RSI, MACD, OBV, Trend",30.76923076923077,34.61538461538461,-3.846153846153843,1,0,False,True,True,False,False,False,False,False,False,False,True,True,False,False,False,False,True,False,True,True,False,False
MLM,Basic Materials,Building Materials,33.26,2025/06/22,249,100.0,"MA20, MA50, MA200, RSI, MACD, OBV, Trend",30.76923076923077,34.61538461538461,-3.846153846153843,0,1,False,True,True,False,False,True,False,False,False,False,False,True,False,False,False,False,False,False,True,True,False,True
IMVT,Healthcare,Biotechnology,3.69,2025/06/22,249,100.0,"MA20, MA50, MA200, RSI, MACD, OBV, Trend",30.76923076923077,34.61538461538461,-3.846153846153843,0,0,True,True,False,False,False,False,False,True,False,False,False,False,False,True,False,False,True,False,False,True,False,True
XYL,Industrials,Specialty Industrial Machinery,30.13,2025/06/22,249,100.0,"MA20, MA50, MA200, RSI, MACD, OBV, Trend",30.76923076923077,34.61538461538461,-3.846153846153843,0,0,False,True,True,False,False,True,False,False,False,False,False,True,False,False,False,False,False,False,True,True,False,True
CORZ,Technology,Software - Infrastructure,3.43,2025/06/22,249,100.0,"MA20, MA50, MA200, RSI, MACD, OBV, Trend",30.76923076923077,34.61538461538461,-3.846153846153843,0,0,True,True,False,False,False,False,False,True,False,False,False,False,False,True,False,False,True,False,False,True,False,True
POWI,Technology,Semiconductors,3.54,2025/06/22,249,100.0,"MA20, MA50, MA200, RSI, MACD, OBV, Trend",30.76923076923077,34.61538461538461,-3.846153846153843,0,0,True,True,False,False,False,True,False,False,False,False,False,False,False,True,False,False,False,False,True,True,False,True
TRNO,Real Estate,REIT - Industrial,6.49,2025/06/22,249,100.0,"MA20, MA50, MA200, RSI, MACD, OBV, Trend",30.76923076923077,34.61538461538461,-3.846153846153843,0,1,True,True,False,False,False,True,False,False,False,False,False,False,False,True,False,False,False,False,True,True,False,True
NGVT,Basic Materials,Specialty Chemicals,1.65,2025/06/22,249,100.0,"MA20, MA50, MA200, RSI, MACD, OBV, Trend",30.76923076923077,34.61538461538461,-3.846153846153843,0,0,False,True,True,False,False,True,False,False,False,False,False,True,False,False,False,False,False,False,True,True,False,True
LEA,Consumer Cyclical,Auto Parts,5.11,2025/06/22,249,100.0,"MA20, MA50, MA200, RSI, MACD, OBV, Trend",30.76923076923077,34.61538461538461,-3.846153846153843,0,1,True,True,False,False,False,False,False,True,False,False,False,False,False,True,False,False,True,False,False,True,False,True
QLYS,Technology,Software - Infrastructure,5.11,2025/06/22,249,100.0,"MA20, MA50, MA200, RSI, MACD, OBV, Trend",30.76923076923077,34.61538461538461,-3.846153846153843,0,1,False,True,True,False,False,True,False,False,False,False,False,True,False,False,False,False,False,False,True,True,False,True
MAC,Real Estate,REIT - Retail,5.35,2025/06/22,249,100.0,"MA20, MA50, MA200, RSI, MACD, OBV, Trend",30.76923076923077,34.61538461538461,-3.846153846153843,0,0,True,True,False,False,False,False,False,True,False,False,False,False,False,True,False,False,True,False,False,True,False,True
GBDC,Financial Services,Asset Management,4.16,2025/06/22,249,100.0,"MA20, MA50, MA200, RSI, MACD, OBV, Trend",30.76923076923077,34.61538461538461,-3.846153846153843,0,0,False,True,True,False,False,False,False,True,False,False,False,True,False,False,False,False,True,False,False,True,False,True
ABNB,Consumer Cyclical,Travel Services,81.95,2025/06/22,249,100.0,"MA20, MA50, MA200, RSI, MACD, OBV, Trend",30.76923076923077,34.61538461538461,-3.846153846153843,0,0,False,True,True,False,False,True,False,False,False,False,False,True,False,False,False,False,False,False,True,True,False,True
PRCT,Healthcare,Medical Devices,3.92,2025/06/22,249,100.0,"MA20, MA50, MA200, RSI, MACD, OBV, Trend",30.76923076923077,34.61538461538461,-3.846153846153843,0,0,True,True,False,False,False,False,False,True,False,False,False,False,False,True,False,False,True,False,False,True,False,True
BGC,Financial Services,Capital Markets,4.65,2025/06/22,249,100.0,"MA20, MA50, MA200, RSI, MACD, OBV, Trend",30.76923076923077,34.61538461538461,-3.846153846153843,0,0,False,True,True,False,False,True,False,False,False,False,False,True,False,False,False,False,False,False,True,True,False,True
NU,Financial Services,Banks - Regional,63.64,2025/06/22,249,100.0,"MA20, MA50, MA200, RSI, MACD, OBV, Trend",30.76923076923077,34.61538461538461,-3.846153846153843,0,0,True,True,False,False,False,True,False,False,False,False,False,False,False,True,False,False,False,False,True,True,False,True
RNST,Financial Services,Banks - Regional,2.47,2025/06/22,249,100.0,"MA20, MA50, MA200, RSI, MACD, OBV, Trend",30.76923076923077,34.61538461538461,-3.846153846153843,0,1,False,True,True,False,False,True,False,False,False,False,False,True,False,False,False,False,False,False,True,True,False,True
AFYA,Consumer Defensive,Education & Training Services,1.46,2025/06/22,249,100.0,"MA20, MA50, MA200, RSI, MACD, OBV, Trend",34.61538461538461,38.46153846153847,-3.846153846153854,2,0,False,False,True,False,True,True,False,False,False,False,True,True,True,False,False,False,False,False,True,True,False,False
BKU,Financial Services,Banks - Regional,3.07,2025/06/22,249,100.0,"MA20, MA50, MA200, RSI, MACD, OBV, Trend",34.61538461538461,38.46153846153847,-3.846153846153854,1,0,False,True,False,False,False,True,True,False,False,False,True,True,False,True,False,False,False,False,True,True,False,False
OGE,Utilities,Utilities - Regulated Electric,8.58,2025/06/22,249,100.0,"MA20, MA50, MA200, RSI, MACD, OBV, Trend",34.61538461538461,38.46153846153847,-3.846153846153854,0,0,False,False,True,False,False,True,True,False,False,False,True,True,True,False,False,False,False,False,True,True,False,False
AIZ,Financial Services,Insurance - Property & Casualty,11.04,2025/06/22,249,100.0,"MA20, MA50, MA200, RSI, MACD, OBV, Trend",34.61538461538461,38.46153846153847,-3.846153846153854,0,0,False,True,False,False,False,True,True,False,False,False,True,True,False,True,False,False,False,False,True,True,False,False
UNF,Industrials,Specialty Business Services,3.98,2025/06/22,249,100.0,"MA20, MA50, MA200, RSI, MACD, OBV, Trend",34.61538461538461,38.46153846153847,-3.846153846153854,1,0,False,True,False,False,False,True,True,False,False,False,True,True,False,True,False,False,False,False,True,True,False,False
PGNY,Healthcare,Health Information Services,1.97,2025/06/22,249,100.0,"MA20, MA50, MA200, RSI, MACD, OBV, Trend",34.61538461538461,38.46153846153847,-3.846153846153854,0,0,False,False,True,False,False,True,True,False,False,False,True,True,True,False,False,False,False,False,True,True,False,False
SBLK,Industrials,Marine Shipping,1.83,2025/06/22,249,100.0,"MA20, MA50, MA200, RSI, MACD, OBV, Trend",34.61538461538461,38.46153846153847,-3.846153846153854,0,0,False,True,False,False,False,False,False,True,False,True,True,True,False,True,False,False,True,False,False,True,False,False
GL,Financial Services,Insurance - Life,10.25,2025/06/22,249,100.0,"MA20, MA50, MA200, RSI, MACD, OBV, Trend",34.61538461538461,38.46153846153847,-3.846153846153854,0,0,False,False,True,False,False,True,True,False,False,False,True,True,True,False,False,False,False,False,True,True,False,False
PNFP,Financial Services,Banks - Regional,9.64,2025/06/22,249,100.0,"MA20, MA50, MA200, RSI, MACD, OBV, Trend",34.61538461538461,38.46153846153847,-3.846153846153854,1,0,False,True,False,False,False,True,True,False,False,False,True,True,False,True,False,False,False,False,True,True,False,False
ZM,Technology,Software - Application,26.65,2025/06/22,249,100.0,"MA20, MA50, MA200, RSI, MACD, OBV, Trend",38.46153846153847,46.15384615384615,-7.692307692307686,0,0,False,False,True,True,False,True,True,False,False,False,False,True,True,False,False,False,False,False,True,True,False,True
TUYA,Technology,Software - Infrastructure,1.35,2025/06/22,249,100.0,"MA20, MA50, MA200, RSI, MACD, OBV, Trend",38.46153846153847,46.15384615384615,-7.692307692307686,0,0,False,False,True,True,False,True,True,False,False,False,False,True,True,False,False,False,False,False,True,True,False,True
CVLT,Technology,Software - Application,7.01,2025/06/22,249,100.0,"MA20, MA50, MA200, RSI, MACD, OBV, Trend",38.46153846153847,46.15384615384615,-7.692307692307686,0,1,False,False,True,True,False,True,True,False,False,False,False,True,True,False,False,False,False,False,True,True,False,True
SONY,Technology,Consumer Electronics,134.47,2025/06/22,249,100.0,"MA20, MA50, MA200, RSI, MACD, OBV, Trend",38.46153846153847,46.15384615384615,-7.692307692307686,0,0,False,False,True,True,False,True,True,False,False,False,False,True,True,False,False,False,False,False,True,True,False,True
ROP,Technology,Software - Application,61.73,2025/06/22,249,100.0,"MA20, MA50, MA200, RSI, MACD, OBV, Trend",38.46153846153847,46.15384615384615,-7.692307692307686,1,0,False,False,True,True,False,True,False,False,False,False,True,True,True,False,False,False,False,False,True,True,True,False
TFSL,Financial Services,Banks - Regional,3.85,2025/06/22,249,100.0,"MA20, MA50, MA200, RSI, MACD, OBV, Trend",38.46153846153847,46.15384615384615,-7.692307692307686,1,0,False,False,True,True,False,True,False,False,False,False,True,True,True,False,False,False,False,False,True,True,True,False
WERN,Industrials,Trucking,2.23,2025/06/22,249,100.0,"MA20, MA50, MA200, RSI, MACD, OBV, Trend",38.46153846153847,46.15384615384615,-7.692307692307686,0,0,True,True,False,False,False,True,False,False,True,False,False,False,False,True,True,False,False,True,True,False,False,True
SKWD,Financial Services,Insurance - Property & Casualty,1.78,2025/06/22,249,100.0,"MA20, MA50, MA200, RSI, MACD, OBV, Trend",38.46153846153847,46.15384615384615,-7.692307692307686,1,0,False,False,True,True,False,True,True,False,False,False,False,True,True,False,False,False,False,False,True,True,False,True
WM,Industrials,Waste Management,88.4,2025/06/22,249,100.0,"MA20, MA50, MA200, RSI, MACD, OBV, Trend",38.46153846153847,46.15384615384615,-7.692307692307686,0,0,False,False,True,True,False,True,True,False,False,False,False,True,True,False,False,False,False,False,True,True,False,True
CHKP,Technology,Software - Infrastructure,23.98,2025/06/22,249,100.0,"MA20, MA50, MA200, RSI, MACD, OBV, Trend",38.46153846153847,46.15384615384615,-7.692307692307686,0,0,False,False,True,True,False,True,True,False,False,False,False,True,True,False,False,False,False,False,True,True,False,True
BSAC,Financial Services,Banks - Regional,9.62,2025/06/22,249,100.0,"MA20, MA50, MA200, RSI, MACD, OBV, Trend",38.46153846153847,46.15384615384615,-7.692307692307686,0,1,False,False,True,True,False,True,True,False,False,False,False,True,True,False,False,False,False,False,True,True,False,True
LNT,Utilities,Utilities - Regulated Electric,15.11,2025/06/22,249,100.0,"MA20, MA50, MA200, RSI, MACD, OBV, Trend",38.46153846153847,46.15384615384615,-7.692307692307686,0,0,False,False,True,True,False,True,True,False,False,False,False,True,True,False,False,False,False,False,True,True,False,True
MELI,Consumer Cyclical,Internet Retail,97.45,2025/06/22,249,100.0,"MA20, MA50, MA200, RSI, MACD, OBV, Trend",34.61538461538461,42.30769230769231,-7.692307692307693,0,0,False,True,True,True,False,False,False,False,False,False,False,True,False,False,False,False,True,False,True,True,False,True
ZLAB,Healthcare,Biotechnology,2.96,2025/06/22,249,100.0,"MA20, MA50, MA200, RSI, MACD, OBV, Trend",34.61538461538461,42.30769230769231,-7.692307692307693,0,0,False,True,True,True,False,False,False,False,False,False,False,True,False,False,False,False,True,False,True,True,False,True
AZEK,Industrials,Building Products & Equipment,7.46,2025/06/22,249,100.0,"MA20, MA50, MA200, RSI, MACD, OBV, Trend",34.61538461538461,42.30769230769231,-7.692307692307693,0,0,False,True,True,True,False,False,False,False,False,False,False,True,False,False,False,False,True,False,True,True,False,True
OLO,Technology,Software - Application,1.21,2025/06/22,249,100.0,"MA20, MA50, MA200, RSI, MACD, OBV, Trend",34.61538461538461,42.30769230769231,-7.692307692307693,0,0,False,True,True,True,False,False,False,False,False,False,False,True,False,False,False,False,True,False,True,True,False,True
WMT,Consumer Defensive,Discount Stores,788.56,2025/06/22,249,100.0,"MA20, MA50, MA200, RSI, MACD, OBV, Trend",34.61538461538461,42.30769230769231,-7.692307692307693,0,0,False,True,True,True,False,False,False,False,False,False,False,True,False,False,False,False,True,False,True,True,False,True
XENE,Healthcare,Biotechnology,3.05,2025/06/22,249,100.0,"MA20, MA50, MA200, RSI, MACD, OBV, Trend",34.61538461538461,42.30769230769231,-7.692307692307693,0,0,True,False,False,False,False,False,False,True,True,False,True,False,True,True,True,False,True,False,False,False,False,False
UBER,Technology,Software - Application,140.77,2025/06/22,249,100.0,"MA20, MA50, MA200, RSI, MACD, OBV, Trend",34.61538461538461,42.30769230769231,-7.692307692307693,0,0,False,True,True,True,False,False,False,False,False,False,False,True,False,False,False,False,True,False,True,True,False,True
FWRG,Consumer Cyclical,Restaurants,1.27,2025/06/22,249,100.0,"MA20, MA50, MA200, RSI, MACD, OBV, Trend",34.61538461538461,42.30769230769231,-7.692307692307693,0,0,True,False,False,False,False,True,False,False,True,False,True,False,True,True,True,False,False,False,True,False,False,False
IGT,Consumer Cyclical,Gambling,3.44,2025/06/22,249,100.0,"MA20, MA50, MA200, RSI, MACD, OBV, Trend",34.61538461538461,42.30769230769231,-7.692307692307693,0,0,True,False,False,False,False,True,False,False,True,False,True,False,True,True,True,False,False,False,True,False,False,False
HG,Financial Services,Insurance - Reinsurance,1.95,2025/06/22,249,100.0,"MA20, MA50, MA200, RSI, MACD, OBV, Trend",34.61538461538461,42.30769230769231,-7.692307692307693,0,0,False,True,True,True,False,False,False,False,False,False,False,True,False,False,False,False,True,False,True,True,False,True
ARE,Real Estate,REIT - Office,16.85,2025/06/22,249,100.0,"MA20, MA50, MA200, RSI, MACD, OBV, Trend",34.61538461538461,42.30769230769231,-7.692307692307693,1,0,True,False,False,False,False,True,False,False,True,False,True,False,True,True,True,False,False,False,True,False,False,False
AGX,Industrials,Engineering & Construction,1.86,2025/06/22,249,100.0,"MA20, MA50, MA200, RSI, MACD, OBV, Trend",34.61538461538461,42.30769230769231,-7.692307692307693,0,1,False,True,True,True,False,False,False,False,False,False,False,True,False,False,False,False,True,False,True,True,False,True
GFL,Industrials,Waste Management,17.16,2025/06/22,249,100.0,"MA20, MA50, MA200, RSI, MACD, OBV, Trend",34.61538461538461,42.30769230769231,-7.692307692307693,0,0,False,True,True,True,False,False,False,False,False,False,False,True,False,False,False,False,True,False,True,True,False,True
BA,Industrials,Aerospace & Defense,132.25,2025/06/22,249,100.0,"MA20, MA50, MA200, RSI, MACD, OBV, Trend",34.61538461538461,42.30769230769231,-7.692307692307693,0,1,False,True,True,True,False,False,False,False,False,False,False,True,False,False,False,False,True,False,True,True,False,True
PRKS,Consumer Cyclical,Leisure,2.89,2025/06/22,249,100.0,"MA20, MA50, MA200, RSI, MACD, OBV, Trend",34.61538461538461,42.30769230769231,-7.692307692307693,0,0,True,False,False,False,False,True,False,True,True,False,False,False,True,True,True,False,False,False,False,False,False,True
NXRT,Real Estate,REIT - Residential,2.04,2025/06/22,249,100.0,"MA20, MA50, MA200, RSI, MACD, OBV, Trend",34.61538461538461,42.30769230769231,-7.692307692307693,1,0,True,False,False,False,False,True,False,False,True,False,True,False,True,True,True,False,False,False,True,False,False,False
WIX,Technology,Software - Infrastructure,12.89,2025/06/22,249,100.0,"MA20, MA50, MA200, RSI, MACD, OBV, Trend",34.61538461538461,42.30769230769231,-7.692307692307693,0,0,True,False,False,False,False,True,False,False,True,False,True,False,True,True,True,False,False,False,True,False,False,False
CPA,Industrials,Airlines,3.88,2025/06/22,249,100.0,"MA20, MA50, MA200, RSI, MACD, OBV, Trend",34.61538461538461,42.30769230769231,-7.692307692307693,0,0,False,True,True,True,False,False,False,False,False,False,False,True,False,False,False,False,True,False,True,True,False,True
KRYS,Healthcare,Biotechnology,4.59,2025/06/22,249,100.0,"MA20, MA50, MA200, RSI, MACD, OBV, Trend",34.61538461538461,42.30769230769231,-7.692307692307693,0,0,True,False,False,False,False,True,False,False,True,False,True,False,True,True,True,False,False,False,True,False,False,False
EE,Energy,Oil & Gas Midstream,3.17,2025/06/22,249,100.0,"MA20, MA50, MA200, RSI, MACD, OBV, Trend",34.61538461538461,42.30769230769231,-7.692307692307693,0,0,False,True,True,True,False,False,False,False,False,False,False,True,False,False,False,False,True,False,True,True,False,True
BOX,Technology,Software - Infrastructure,4.8,2025/06/22,249,100.0,"MA20, MA50, MA200, RSI, MACD, OBV, Trend",34.61538461538461,42.30769230769231,-7.692307692307693,0,0,False,True,True,True,False,False,False,False,False,False,False,True,False,False,False,False,True,False,True,True,False,True
CCOI,Communication Services,Telecom Services,3.69,2025/06/22,249,100.0,"MA20, MA50, MA200, RSI, MACD, OBV, Trend",34.61538461538461,42.30769230769231,-7.692307692307693,1,0,True,False,False,False,False,True,False,False,True,False,True,False,True,True,True,False,False,False,True,False,False,False
CIEN,Technology,Communication Equipment,12.38,2025/06/22,249,100.0,"MA20, MA50, MA200, RSI, MACD, OBV, Trend",34.61538461538461,42.30769230769231,-7.692307692307693,0,0,False,True,True,True,False,False,False,False,False,False,False,True,False,False,False,False,True,False,True,True,False,True
DUOL,Technology,Software - Application,15.98,2025/06/22,249,100.0,"MA20, MA50, MA200, RSI, MACD, OBV, Trend",42.30769230769231,50.0,-7.692307692307693,0,0,False,True,True,True,False,False,True,False,False,False,False,True,False,False,False,False,True,False,True,True,True,True
YOU,Technology,Software - Application,3.3,2025/06/22,249,100.0,"MA20, MA50, MA200, RSI, MACD, OBV, Trend",34.61538461538461,42.30769230769231,-7.692307692307693,1,0,True,False,False,False,False,True,False,True,False,False,True,False,True,True,True,False,False,False,False,True,False,False
SKT,Real Estate,REIT - Retail,3.63,2025/06/22,249,100.0,"MA20, MA50, MA200, RSI, MACD, OBV, Trend",34.61538461538461,42.30769230769231,-7.692307692307693,0,0,True,False,False,False,False,True,False,False,True,False,True,False,True,True,True,False,False,False,True,False,False,False
GPN,Industrials,Specialty Business Services,28.72,2025/06/22,249,100.0,"MA20, MA50, MA200, RSI, MACD, OBV, Trend",34.61538461538461,42.30769230769231,-7.692307692307693,1,0,True,False,False,False,False,True,False,False,True,False,True,False,True,True,True,False,False,False,True,False,False,False
KAR,Consumer Cyclical,Auto & Truck Dealerships,2.17,2025/06/22,249,100.0,"MA20, MA50, MA200, RSI, MACD, OBV, Trend",34.61538461538461,42.30769230769231,-7.692307692307693,0,0,False,True,True,True,False,False,False,False,False,False,False,True,False,False,False,False,True,False,True,True,False,True
CYTK,Healthcare,Biotechnology,5.9,2025/06/22,249,100.0,"MA20, MA50, MA200, RSI, MACD, OBV, Trend",34.61538461538461,42.30769230769231,-7.692307692307693,0,0,True,False,False,False,False,True,False,False,True,False,True,False,True,True,True,False,False,False,True,False,False,False
FLNG,Energy,Oil & Gas Midstream,1.4,2025/06/22,249,100.0,"MA20, MA50, MA200, RSI, MACD, OBV, Trend",34.61538461538461,42.30769230769231,-7.692307692307693,0,0,False,True,True,True,False,False,False,False,False,False,False,True,False,False,False,False,True,False,True,True,False,True
ONC,Healthcare,Biotechnology,25.52,2025/06/22,249,100.0,"MA20, MA50, MA200, RSI, MACD, OBV, Trend",34.61538461538461,42.30769230769231,-7.692307692307693,1,0,False,True,True,True,False,False,False,False,False,False,False,True,False,False,False,False,True,False,True,True,False,True
YMM,Technology,Software - Application,11.78,2025/06/22,249,100.0,"MA20, MA50, MA200, RSI, MACD, OBV, Trend",34.61538461538461,42.30769230769231,-7.692307692307693,0,0,False,True,True,True,False,False,False,False,False,False,False,True,False,False,False,False,True,False,True,True,False,True
RADX,Healthcare,Biotechnology,10.83,2025/06/22,134,76.92307692307693,"MA20, MA50, RSI, MACD, OBV, Trend",35.0,45.0,-10.0,1,0,False,True,,,False,False,True,False,False,False,True,True,False,,,False,True,False,True,True,False,False
YPF,Energy,Oil & Gas Integrated,17.87,2025/06/22,249,100.0,"MA20, MA50, MA200, RSI, MACD, OBV, Trend",30.76923076923077,42.30769230769231,-11.538461538461537,0,0,False,True,True,False,False,False,True,False,False,False,False,True,False,False,False,False,True,False,True,True,False,True
NOW,Technology,Software - Application,210.28,2025/06/22,249,100.0,"MA20, MA50, MA200, RSI, MACD, OBV, Trend",30.76923076923077,42.30769230769231,-11.538461538461537,0,0,False,True,True,False,False,True,False,False,False,False,False,True,False,False,False,False,False,False,True,True,True,True
KWR,Basic Materials,Specialty Chemicals,2.51,2025/06/22,249,100.0,"MA20, MA50, MA200, RSI, MACD, OBV, Trend",30.76923076923077,42.30769230769231,-11.538461538461537,0,0,True,True,False,False,False,False,False,True,False,False,False,False,False,True,False,False,True,True,False,True,False,True
SR,Utilities,Utilities - Regulated Gas,4.1,2025/06/22,249,100.0,"MA20, MA50, MA200, RSI, MACD, OBV, Trend",34.61538461538461,46.15384615384615,-11.53846153846154,0,0,False,False,True,False,False,True,True,False,False,False,True,True,True,False,False,False,False,False,True,True,True,False
MGRC,Industrials,Rental & Leasing Services,3.01,2025/06/22,249,100.0,"MA20, MA50, MA200, RSI, MACD, OBV, Trend",34.61538461538461,46.15384615384615,-11.53846153846154,0,0,False,True,False,False,False,True,True,False,False,False,True,True,False,True,False,False,False,False,True,True,True,False
HTZ,Industrials,Rental & Leasing Services,1.27,2025/06/22,249,100.0,"MA20, MA50, MA200, RSI, MACD, OBV, Trend",34.61538461538461,46.15384615384615,-11.53846153846154,0,0,False,False,True,False,False,True,True,False,False,False,True,True,True,False,False,False,False,False,True,True,True,False
PAR,Technology,Software - Application,2.76,2025/06/22,249,100.0,"MA20, MA50, MA200, RSI, MACD, OBV, Trend",34.61538461538461,46.15384615384615,-11.53846153846154,0,0,False,True,False,False,False,True,True,False,False,False,True,True,False,True,False,False,False,False,True,True,True,False
EXOD,Technology,Software - Infrastructure,1.34,2025/06/22,249,100.0,"MA20, MA50, MA200, RSI, MACD, OBV, Trend",26.923076923076923,38.46153846153847,-11.538461538461544,0,0,True,False,False,False,False,False,False,False,True,False,True,False,True,True,False,False,True,False,True,False,False,False
BUSE,Financial Services,Banks - Regional,1.38,2025/06/22,249,100.0,"MA20, MA50, MA200, RSI, MACD, OBV, Trend",26.923076923076923,38.46153846153847,-11.538461538461544,0,0,False,True,False,False,False,True,False,True,False,False,False,True,False,True,False,False,False,False,False,True,False,True
LW,Consumer Defensive,Packaged Foods,8.55,2025/06/22,249,100.0,"MA20, MA50, MA200, RSI, MACD, OBV, Trend",26.923076923076923,38.46153846153847,-11.538461538461544,0,0,False,True,False,False,False,True,False,False,False,False,True,True,False,True,False,False,False,False,True,True,False,False
MDGL,Healthcare,Biotechnology,7.3,2025/06/22,249,100.0,"MA20, MA50, MA200, RSI, MACD, OBV, Trend",26.923076923076923,38.46153846153847,-11.538461538461544,0,0,True,False,False,False,False,False,False,False,True,False,True,False,True,True,False,False,True,False,True,False,False,False
VCEL,Healthcare,Biotechnology,2.89,2025/06/22,249,100.0,"MA20, MA50, MA200, RSI, MACD, OBV, Trend",26.923076923076923,38.46153846153847,-11.538461538461544,0,0,False,True,False,False,False,True,False,False,False,False,True,True,False,True,False,False,False,False,True,True,False,False
SFL,Industrials,Marine Shipping,1.41,2025/06/22,249,100.0,"MA20, MA50, MA200, RSI, MACD, OBV, Trend",26.923076923076923,38.46153846153847,-11.538461538461544,1,0,False,True,False,False,False,False,False,True,False,False,True,True,False,True,False,False,True,False,False,True,False,False
ORLY,Consumer Cyclical,Specialty Retail,74.73,2025/06/22,249,100.0,"MA20, MA50, MA200, RSI, MACD, OBV, Trend",26.923076923076923,38.46153846153847,-11.538461538461544,0,0,False,False,True,False,False,True,False,False,False,False,True,True,True,False,False,False,False,False,True,True,False,False
TKR,Industrials,Tools & Accessories,5.63,2025/06/22,249,100.0,"MA20, MA50, MA200, RSI, MACD, OBV, Trend",26.923076923076923,38.46153846153847,-11.538461538461544,0,0,False,True,False,False,False,True,False,True,False,False,False,True,False,True,False,False,False,False,False,True,False,True
BL,Technology,Software - Application,3.99,2025/06/22,249,100.0,"MA20, MA50, MA200, RSI, MACD, OBV, Trend",26.923076923076923,38.46153846153847,-11.538461538461544,0,0,False,True,False,False,False,True,False,True,False,False,False,True,False,True,False,False,False,False,False,True,False,True
IX,Financial Services,Financial Conglomerates,120.2,2025/06/22,249,100.0,"MA20, MA50, MA200, RSI, MACD, OBV, Trend",26.923076923076923,38.46153846153847,-11.538461538461544,1,0,False,True,False,False,False,False,False,True,False,False,True,True,False,True,False,False,True,False,False,True,False,False
LMT,Industrials,Aerospace & Defense,108.97,2025/06/22,249,100.0,"MA20, MA50, MA200, RSI, MACD, OBV, Trend",26.923076923076923,38.46153846153847,-11.538461538461544,0,1,False,True,False,False,False,True,False,False,False,False,True,True,False,True,False,False,False,False,True,True,False,False
CMCSA,Communication Services,Telecom Services,128.48,2025/06/22,249,100.0,"MA20, MA50, MA200, RSI, MACD, OBV, Trend",26.923076923076923,38.46153846153847,-11.538461538461544,1,0,False,True,False,False,False,True,False,False,False,False,True,True,False,True,False,False,False,False,True,True,False,False
SPGI,Financial Services,Financial Data & Stock Exchanges,161.79,2025/06/22,249,100.0,"MA20, MA50, MA200, RSI, MACD, OBV, Trend",26.923076923076923,38.46153846153847,-11.538461538461544,0,0,False,True,False,False,False,True,False,False,False,False,True,True,False,True,False,False,False,False,True,True,False,False
USB,Financial Services,Banks - Regional,74.54,2025/06/22,249,100.0,"MA20, MA50, MA200, RSI, MACD, OBV, Trend",26.923076923076923,38.46153846153847,-11.538461538461544,1,0,False,True,False,False,False,True,False,False,False,False,True,True,False,True,False,False,False,False,True,True,False,False
RQI,Financial Services,Asset Management,1.72,2025/06/22,249,100.0,"MA20, MA50, MA200, RSI, MACD, OBV, Trend",26.923076923076923,38.46153846153847,-11.538461538461544,0,0,False,True,False,False,False,False,False,True,False,False,True,True,False,True,False,False,True,False,False,True,False,False
FCF,Financial Services,Banks - Regional,1.7,2025/06/22,249,100.0,"MA20, MA50, MA200, RSI, MACD, OBV, Trend",26.923076923076923,38.46153846153847,-11.538461538461544,1,0,False,True,False,False,False,True,False,False,False,False,True,True,False,True,False,False,False,False,True,True,False,False
NWBI,Financial Services,Banks - Regional,1.68,2025/06/22,249,100.0,"MA20, MA50, MA200, RSI, MACD, OBV, Trend",26.923076923076923,38.46153846153847,-11.538461538461544,0,0,False,True,False,False,False,True,False,False,False,False,True,True,False,True,False,False,False,False,True,True,False,False
TYL,Technology,Software - Application,25.75,2025/06/22,249,100.0,"MA20, MA50, MA200, RSI, MACD, OBV, Trend",26.923076923076923,38.46153846153847,-11.538461538461544,1,0,False,True,False,False,False,True,False,False,False,False,True,True,False,True,False,False,False,False,True,True,False,False
PTC,Technology,Software - Application,23.29,2025/06/22,249,100.0,"MA20, MA50, MA200, RSI, MACD, OBV, Trend",26.923076923076923,38.46153846153847,-11.538461538461544,0,0,False,True,False,False,False,True,False,False,False,False,True,True,False,True,False,False,False,False,True,True,False,False
SNDR,Industrials,Trucking,5.21,2025/06/22,249,100.0,"MA20, MA50, MA200, RSI, MACD, OBV, Trend",26.923076923076923,38.46153846153847,-11.538461538461544,0,0,False,True,False,False,False,True,False,False,False,False,True,True,False,True,False,False,False,False,True,True,False,False
GERN,Healthcare,Biotechnology,1.73,2025/06/22,249,100.0,"MA20, MA50, MA200, RSI, MACD, OBV, Trend",26.923076923076923,38.46153846153847,-11.538461538461544,0,0,False,True,False,False,False,False,False,True,False,False,True,True,False,True,False,False,True,False,False,True,False,False
WY,Real Estate,REIT - Specialty,22.23,2025/06/22,249,100.0,"MA20, MA50, MA200, RSI, MACD, OBV, Trend",26.923076923076923,38.46153846153847,-11.538461538461544,0,0,False,True,False,False,False,True,False,False,False,False,True,True,False,True,False,False,False,False,True,True,False,False
ZG,Communication Services,Internet Content & Information,19.39,2025/06/22,249,100.0,"MA20, MA50, MA200, RSI, MACD, OBV, Trend",26.923076923076923,38.46153846153847,-11.538461538461544,0,0,False,True,False,False,False,True,False,False,False,False,True,True,False,True,False,False,False,False,True,True,False,False
Z,Communication Services,Internet Content & Information,19.39,2025/06/22,249,100.0,"MA20, MA50, MA200, RSI, MACD, OBV, Trend",26.923076923076923,38.46153846153847,-11.538461538461544,0,0,False,True,False,False,False,True,False,False,False,False,True,True,False,True,False,False,False,False,True,True,False,False
PFG,Financial Services,Asset Management,18.86,2025/06/22,249,100.0,"MA20, MA50, MA200, RSI, MACD, OBV, Trend",26.923076923076923,38.46153846153847,-11.538461538461544,0,0,False,True,False,False,False,True,False,False,False,False,True,True,False,True,False,False,False,False,True,True,False,False
EXPE,Consumer Cyclical,Travel Services,21.94,2025/06/22,249,100.0,"MA20, MA50, MA200, RSI, MACD, OBV, Trend",26.923076923076923,38.46153846153847,-11.538461538461544,0,0,False,True,False,False,False,True,False,False,False,False,True,True,False,True,False,False,False,False,True,True,False,False
WWW,Consumer Cyclical,Footwear & Accessories,1.79,2025/06/22,249,100.0,"MA20, MA50, MA200, RSI, MACD, OBV, Trend",26.923076923076923,38.46153846153847,-11.538461538461544,0,1,False,True,False,False,False,False,False,True,False,False,True,True,False,True,False,False,True,False,False,True,False,False
NABL,Technology,Information Technology Services,1.82,2025/06/22,249,100.0,"MA20, MA50, MA200, RSI, MACD, OBV, Trend",26.923076923076923,38.46153846153847,-11.538461538461544,0,0,False,True,False,False,False,True,False,False,False,False,True,True,False,True,False,False,False,False,True,True,False,False
TRU,Financial Services,Financial Data & Stock Exchanges,19.34,2025/06/22,249,100.0,"MA20, MA50, MA200, RSI, MACD, OBV, Trend",26.923076923076923,38.46153846153847,-11.538461538461544,0,0,False,True,False,False,False,True,False,False,False,False,True,True,False,True,False,False,False,False,True,True,False,False
MC,Financial Services,Capital Markets,5.53,2025/06/22,249,100.0,"MA20, MA50, MA200, RSI, MACD, OBV, Trend",26.923076923076923,38.46153846153847,-11.538461538461544,1,0,False,True,False,False,False,True,False,False,False,False,True,True,False,True,False,False,False,False,True,True,False,False
CADE,Financial Services,Banks - Regional,6.44,2025/06/22,249,100.0,"MA20, MA50, MA200, RSI, MACD, OBV, Trend",26.923076923076923,38.46153846153847,-11.538461538461544,0,0,False,True,False,False,False,True,False,False,False,False,True,True,False,True,False,False,False,False,True,True,False,False
NMRK,Real Estate,Real Estate Services,3.41,2025/06/22,249,100.0,"MA20, MA50, MA200, RSI, MACD, OBV, Trend",26.923076923076923,38.46153846153847,-11.538461538461544,0,1,False,True,False,False,False,True,False,False,False,False,True,True,False,True,False,False,False,False,True,True,False,False
PPG,Basic Materials,Specialty Chemicals,26.77,2025/06/22,249,100.0,"MA20, MA50, MA200, RSI, MACD, OBV, Trend",26.923076923076923,38.46153846153847,-11.538461538461544,1,0,False,True,False,False,False,True,False,False,False,False,True,True,False,True,False,False,False,False,True,True,False,False
ED,Utilities,Utilities - Regulated Electric,32.48,2025/06/22,249,100.0,"MA20, MA50, MA200, RSI, MACD, OBV, Trend",26.923076923076923,38.46153846153847,-11.538461538461544,1,0,False,False,True,False,False,True,False,False,False,False,True,True,True,False,False,False,False,False,True,True,False,False
CATY,Financial Services,Banks - Regional,3.37,2025/06/22,249,100.0,"MA20, MA50, MA200, RSI, MACD, OBV, Trend",26.923076923076923,38.46153846153847,-11.538461538461544,1,0,False,True,False,False,False,True,False,False,False,False,True,True,False,True,False,False,False,False,True,True,False,False
H,Consumer Cyclical,Lodging,15.2,2025/06/22,249,100.0,"MA20, MA50, MA200, RSI, MACD, OBV, Trend",26.923076923076923,38.46153846153847,-11.538461538461544,0,0,False,True,False,False,False,True,False,True,False,False,False,True,False,True,False,False,False,False,False,True,False,True
AMH,Real Estate,REIT - Residential,14.58,2025/06/22,249,100.0,"MA20, MA50, MA200, RSI, MACD, OBV, Trend",26.923076923076923,38.46153846153847,-11.538461538461544,0,0,False,False,True,False,False,True,False,False,False,False,True,True,True,False,False,False,False,False,True,True,False,False
ROCK,Industrials,Building Products & Equipment,1.86,2025/06/22,249,100.0,"MA20, MA50, MA200, RSI, MACD, OBV, Trend",26.923076923076923,38.46153846153847,-11.538461538461544,1,0,False,True,False,False,False,True,False,False,False,False,True,True,False,True,False,False,False,False,True,True,False,False
JBHT,Industrials,Integrated Freight & Logistics,17.22,2025/06/22,249,100.0,"MA20, MA50, MA200, RSI, MACD, OBV, Trend",26.923076923076923,38.46153846153847,-11.538461538461544,0,0,False,True,False,False,False,True,False,False,False,False,True,True,False,True,False,False,False,False,True,True,False,False
FCX,Basic Materials,Copper,52.65,2025/06/22,249,100.0,"MA20, MA50, MA200, RSI, MACD, OBV, Trend",26.923076923076923,38.46153846153847,-11.538461538461544,0,0,False,True,False,False,False,True,False,True,False,False,False,True,False,True,False,False,False,False,False,True,False,True
GENI,Communication Services,Internet Content & Information,2.02,2025/06/22,249,100.0,"MA20, MA50, MA200, RSI, MACD, OBV, Trend",26.923076923076923,38.46153846153847,-11.538461538461544,1,0,False,False,True,False,False,False,False,False,True,False,True,True,True,False,False,False,True,False,True,False,False,False
DPZ,Consumer Cyclical,Restaurants,15.51,2025/06/22,249,100.0,"MA20, MA50, MA200, RSI, MACD, OBV, Trend",26.923076923076923,38.46153846153847,-11.538461538461544,0,0,False,False,True,False,False,True,False,False,False,False,True,True,True,False,False,False,False,False,True,True,False,False
AEP,Utilities,Utilities - Regulated Electric,52.38,2025/06/22,249,100.0,"MA20, MA50, MA200, RSI, MACD, OBV, Trend",26.923076923076923,38.46153846153847,-11.538461538461544,0,0,False,False,True,False,False,True,False,False,True,False,False,True,True,False,False,False,False,False,True,False,False,True
NDSN,Industrials,Specialty Industrial Machinery,12.57,2025/06/22,249,100.0,"MA20, MA50, MA200, RSI, MACD, OBV, Trend",26.923076923076923,38.46153846153847,-11.538461538461544,0,1,False,True,False,False,False,True,False,True,False,False,False,True,False,True,False,False,False,False,False,True,False,True
TILE,Industrials,Building Products & Equipment,1.44,2025/06/22,249,100.0,"MA20, MA50, MA200, RSI, MACD, OBV, Trend",26.923076923076923,38.46153846153847,-11.538461538461544,0,0,False,True,False,False,False,True,False,False,False,False,True,True,False,True,False,False,False,False,True,True,False,False
VBTX,Financial Services,Banks - Regional,1.46,2025/06/22,249,100.0,"MA20, MA50, MA200, RSI, MACD, OBV, Trend",26.923076923076923,38.46153846153847,-11.538461538461544,1,0,False,True,False,False,False,True,False,False,False,False,True,True,False,True,False,False,False,False,True,True,False,False
CGON,Healthcare,Biotechnology,2.3,2025/06/22,249,100.0,"MA20, MA50, MA200, RSI, MACD, OBV, Trend",26.923076923076923,38.46153846153847,-11.538461538461544,0,0,False,True,False,False,False,True,False,False,False,False,True,True,False,True,False,False,False,False,True,True,False,False
CFLT,Technology,Software - Infrastructure,9.73,2025/06/22,249,100.0,"MA20, MA50, MA200, RSI, MACD, OBV, Trend",26.923076923076923,38.46153846153847,-11.538461538461544,0,0,False,True,False,False,False,True,False,False,False,False,True,True,False,True,False,False,False,False,True,True,False,False
WBS,Financial Services,Banks - Regional,10.32,2025/06/22,249,100.0,"MA20, MA50, MA200, RSI, MACD, OBV, Trend",26.923076923076923,38.46153846153847,-11.538461538461544,0,0,False,True,False,False,False,True,False,True,False,False,False,True,False,True,False,False,False,False,False,True,False,True
NZF,Financial Services,Asset Management,2.44,2025/06/22,249,100.0,"MA20, MA50, MA200, RSI, MACD, OBV, Trend",26.923076923076923,38.46153846153847,-11.538461538461544,0,0,False,True,False,False,False,True,False,False,False,False,True,True,False,True,False,False,False,False,True,True,False,False
FULT,Financial Services,Banks - Regional,3.7,2025/06/22,249,100.0,"MA20, MA50, MA200, RSI, MACD, OBV, Trend",26.923076923076923,38.46153846153847,-11.538461538461544,1,0,False,True,False,False,False,True,False,False,False,False,True,True,False,True,False,False,False,False,True,True,False,False
ARLP,Energy,Thermal Coal,3.68,2025/06/22,249,100.0,"MA20, MA50, MA200, RSI, MACD, OBV, Trend",26.923076923076923,38.46153846153847,-11.538461538461544,1,1,False,False,True,False,False,True,False,False,True,False,False,True,True,False,False,False,False,False,True,False,False,True
ESI,Basic Materials,Specialty Chemicals,6.25,2025/06/22,249,100.0,"MA20, MA50, MA200, RSI, MACD, OBV, Trend",26.923076923076923,38.46153846153847,-11.538461538461544,1,0,False,True,False,False,False,True,False,False,False,False,True,True,False,True,False,False,False,False,True,True,False,False
CPK,Utilities,Utilities - Regulated Gas,2.77,2025/06/22,249,100.0,"MA20, MA50, MA200, RSI, MACD, OBV, Trend",26.923076923076923,38.46153846153847,-11.538461538461544,0,1,True,False,False,False,False,True,False,False,True,False,False,False,True,True,False,False,False,False,True,False,False,True
CUBE,Real Estate,REIT - Industrial,9.54,2025/06/22,249,100.0,"MA20, MA50, MA200, RSI, MACD, OBV, Trend",26.923076923076923,38.46153846153847,-11.538461538461544,0,1,False,True,False,False,False,True,False,False,False,False,True,True,False,True,False,False,False,False,True,True,False,False
IBRX,Healthcare,Biotechnology,2.53,2025/06/22,249,100.0,"MA20, MA50, MA200, RSI, MACD, OBV, Trend",26.923076923076923,38.46153846153847,-11.538461538461544,1,0,False,True,False,False,False,False,False,True,False,False,True,True,False,True,False,False,True,False,False,True,False,False
NVG,Financial Services,Asset Management,2.69,2025/06/22,249,100.0,"MA20, MA50, MA200, RSI, MACD, OBV, Trend",26.923076923076923,38.46153846153847,-11.538461538461544,0,0,False,True,False,False,False,True,False,False,False,False,True,True,False,True,False,False,False,False,True,True,False,False
LCII,Consumer Cyclical,Recreational Vehicles,2.67,2025/06/22,249,100.0,"MA20, MA50, MA200, RSI, MACD, OBV, Trend",26.923076923076923,38.46153846153847,-11.538461538461544,0,0,False,True,False,False,False,True,False,True,False,False,False,True,False,True,False,False,False,False,False,True,False,True
SHO,Real Estate,REIT - Hotel & Motel,2.28,2025/06/22,249,100.0,"MA20, MA50, MA200, RSI, MACD, OBV, Trend",26.923076923076923,38.46153846153847,-11.538461538461544,0,0,False,True,False,False,False,True,False,False,False,False,True,True,False,True,False,False,False,False,True,True,False,False
ENVX,Industrials,Electrical Equipment & Parts,2.27,2025/06/22,249,100.0,"MA20, MA50, MA200, RSI, MACD, OBV, Trend",26.923076923076923,38.46153846153847,-11.538461538461544,0,0,False,True,False,False,False,False,False,True,False,False,True,True,False,True,False,False,True,False,False,True,False,False
NCNO,Technology,Software - Application,3.94,2025/06/22,249,100.0,"MA20, MA50, MA200, RSI, MACD, OBV, Trend",26.923076923076923,38.46153846153847,-11.538461538461544,0,0,False,True,False,False,False,True,False,True,False,False,False,True,False,True,False,False,False,False,False,True,False,True
GM,Consumer Cyclical,Auto Manufacturers,49.25,2025/06/22,249,100.0,"MA20, MA50, MA200, RSI, MACD, OBV, Trend",26.923076923076923,38.46153846153847,-11.538461538461544,1,0,False,True,False,False,False,True,False,False,False,False,True,True,False,True,False,False,False,False,True,True,False,False
HCI,Financial Services,Insurance - Property & Casualty,1.28,2025/06/22,249,100.0,"MA20, MA50, MA200, RSI, MACD, OBV, Trend",38.46153846153847,53.84615384615385,-15.38461538461538,0,1,False,False,True,True,False,True,True,False,False,False,False,True,True,False,False,False,False,False,True,True,True,True
FTNT,Technology,Software - Infrastructure,77.32,2025/06/22,249,100.0,"MA20, MA50, MA200, RSI, MACD, OBV, Trend",38.46153846153847,53.84615384615385,-15.38461538461538,0,0,False,False,True,True,False,True,True,False,False,False,False,True,True,False,False,False,False,False,True,True,True,True
ENB,Energy,Oil & Gas Midstream,94.68,2025/06/22,249,100.0,"MA20, MA50, MA200, RSI, MACD, OBV, Trend",38.46153846153847,53.84615384615385,-15.38461538461538,0,0,False,False,True,True,False,True,True,False,False,False,False,True,True,False,False,False,False,False,True,True,True,True
HLN,Healthcare,Drug Manufacturers - Specialty & Generic,42.82,2025/06/22,249,100.0,"MA20, MA50, MA200, RSI, MACD, OBV, Trend",38.46153846153847,53.84615384615385,-15.38461538461538,0,0,False,False,True,True,False,True,True,False,False,False,False,True,True,False,False,False,False,False,True,True,True,True
LOMA,Basic Materials,Building Materials,1.64,2025/06/22,249,100.0,"MA20, MA50, MA200, RSI, MACD, OBV, Trend",38.46153846153847,53.84615384615385,-15.38461538461538,0,0,False,False,True,True,False,True,True,False,False,False,False,True,True,False,False,False,False,False,True,True,True,True
NOK,Technology,Communication Equipment,25.35,2025/06/22,249,100.0,"MA20, MA50, MA200, RSI, MACD, OBV, Trend",38.46153846153847,53.84615384615385,-15.38461538461538,0,0,False,False,True,True,False,True,True,False,False,False,False,True,True,False,False,False,False,False,True,True,True,True
PAYC,Technology,Software - Application,11.97,2025/06/22,249,100.0,"MA20, MA50, MA200, RSI, MACD, OBV, Trend",38.46153846153847,53.84615384615385,-15.38461538461538,0,1,False,False,True,True,False,True,True,False,False,False,False,True,True,False,False,False,False,False,True,True,True,True
BCH,Financial Services,Banks - Regional,12.5,2025/06/22,249,100.0,"MA20, MA50, MA200, RSI, MACD, OBV, Trend",38.46153846153847,53.84615384615385,-15.38461538461538,0,0,False,False,True,True,False,True,True,False,False,False,False,True,True,False,False,False,False,False,True,True,True,True
CAAP,Industrials,Airports & Air Services,3.15,2025/06/22,249,100.0,"MA20, MA50, MA200, RSI, MACD, OBV, Trend",38.46153846153847,53.84615384615385,-15.38461538461538,0,0,False,False,True,True,False,True,True,False,False,False,False,True,True,False,False,False,False,False,True,True,True,True
FRHC,Financial Services,Capital Markets,8.54,2025/06/22,249,100.0,"MA20, MA50, MA200, RSI, MACD, OBV, Trend",38.46153846153847,53.84615384615385,-15.38461538461538,0,0,False,False,True,True,False,True,True,False,False,False,False,True,True,False,False,False,False,False,True,True,True,True
GSK,Healthcare,Drug Manufacturers - General,71.96,2025/06/22,249,100.0,"MA20, MA50, MA200, RSI, MACD, OBV, Trend",30.76923076923077,46.15384615384615,-15.384615384615383,0,0,False,False,True,True,False,True,False,False,False,False,False,True,True,False,False,False,False,False,True,True,False,True
MFC,Financial Services,Insurance - Life,53.0,2025/06/22,249,100.0,"MA20, MA50, MA200, RSI, MACD, OBV, Trend",30.76923076923077,46.15384615384615,-15.384615384615383,0,0,False,False,True,True,False,True,False,False,False,False,False,True,True,False,False,False,False,False,True,True,False,True
FDP,Consumer Defensive,Farm Products,1.46,2025/06/22,249,100.0,"MA20, MA50, MA200, RSI, MACD, OBV, Trend",30.76923076923077,46.15384615384615,-15.384615384615383,0,1,False,False,True,True,False,True,False,False,False,False,False,True,True,False,False,False,False,False,True,True,False,True
NVR,Consumer Cyclical,Residential Construction,24.92,2025/06/22,249,100.0,"MA20, MA50, MA200, RSI, MACD, OBV, Trend",30.76923076923077,46.15384615384615,-15.384615384615383,1,0,True,True,False,False,False,True,False,False,False,False,False,False,False,True,True,False,False,False,True,True,False,True
RUM,Technology,Software - Application,3.52,2025/06/22,249,100.0,"MA20, MA50, MA200, RSI, MACD, OBV, Trend",30.76923076923077,46.15384615384615,-15.384615384615383,0,1,False,False,True,True,False,True,False,False,False,False,False,True,True,False,False,False,False,False,True,True,False,True
BR,Technology,Information Technology Services,27.85,2025/06/22,249,100.0,"MA20, MA50, MA200, RSI, MACD, OBV, Trend",30.76923076923077,46.15384615384615,-15.384615384615383,0,0,False,False,True,True,False,True,False,False,False,False,False,True,True,False,False,False,False,False,True,True,False,True
FTRE,Healthcare,Biotechnology,1.51,2025/06/22,249,100.0,"MA20, MA50, MA200, RSI, MACD, OBV, Trend",30.76923076923077,46.15384615384615,-15.384615384615383,0,0,True,True,False,False,False,False,False,False,True,False,False,False,False,True,True,False,True,False,True,False,False,True
TIGR,Financial Services,Capital Markets,1.32,2025/06/22,249,100.0,"MA20, MA50, MA200, RSI, MACD, OBV, Trend",30.76923076923077,46.15384615384615,-15.384615384615383,0,0,False,False,True,True,False,True,False,False,False,False,False,True,True,False,False,False,False,False,True,True,False,True
MSTR,Technology,Software - Application,84.48,2025/06/22,249,100.0,"MA20, MA50, MA200, RSI, MACD, OBV, Trend",30.76923076923077,46.15384615384615,-15.384615384615383,0,0,False,False,True,True,False,True,False,False,False,False,False,True,True,False,False,False,False,False,True,True,False,True
NIC,Financial Services,Banks - Regional,1.72,2025/06/22,249,100.0,"MA20, MA50, MA200, RSI, MACD, OBV, Trend",30.76923076923077,46.15384615384615,-15.384615384615383,0,1,False,False,True,True,False,True,False,False,False,False,False,True,True,False,False,False,False,False,True,True,False,True
KOF,Consumer Defensive,Beverages - Non-Alcoholic,17.39,2025/06/22,249,100.0,"MA20, MA50, MA200, RSI, MACD, OBV, Trend",30.76923076923077,46.15384615384615,-15.384615384615383,0,0,False,False,True,True,False,False,False,False,False,False,True,True,True,False,False,False,True,False,True,True,False,False
LRN,Consumer Defensive,Education & Training Services,5.87,2025/06/22,249,100.0,"MA20, MA50, MA200, RSI, MACD, OBV, Trend",30.76923076923077,46.15384615384615,-15.384615384615383,0,0,False,False,True,True,False,False,False,False,False,False,True,True,True,False,False,False,True,False,True,True,False,False
RNW,Utilities,Utilities - Renewable,2.35,2025/06/22,249,100.0,"MA20, MA50, MA200, RSI, MACD, OBV, Trend",30.76923076923077,46.15384615384615,-15.384615384615383,1,0,False,False,True,True,False,True,False,False,False,False,False,True,True,False,False,False,False,False,True,True,False,True
VEON,Communication Services,Telecom Services,3.18,2025/06/22,249,100.0,"MA20, MA50, MA200, RSI, MACD, OBV, Trend",30.76923076923077,46.15384615384615,-15.384615384615383,1,1,False,False,True,True,False,True,False,False,False,False,False,True,True,False,False,False,False,False,True,True,False,True
OSIS,Technology,Electronic Components,3.3,2025/06/22,249,100.0,"MA20, MA50, MA200, RSI, MACD, OBV, Trend",30.76923076923077,46.15384615384615,-15.384615384615383,1,1,False,False,True,True,False,True,False,False,False,False,False,True,True,False,False,False,False,False,True,True,False,True
MNDY,Technology,Software - Application,12.74,2025/06/22,249,100.0,"MA20, MA50, MA200, RSI, MACD, OBV, Trend",30.76923076923077,46.15384615384615,-15.384615384615383,0,0,False,False,True,True,False,True,False,False,False,False,False,True,True,False,False,False,False,False,True,True,False,True
AZZ,Industrials,Specialty Business Services,2.62,2025/06/22,249,100.0,"MA20, MA50, MA200, RSI, MACD, OBV, Trend",30.76923076923077,46.15384615384615,-15.384615384615383,0,0,False,False,True,True,False,True,False,False,False,False,False,True,True,False,False,False,False,False,True,True,False,True
CWST,Industrials,Waste Management,6.9,2025/06/22,249,100.0,"MA20, MA50, MA200, RSI, MACD, OBV, Trend",30.76923076923077,46.15384615384615,-15.384615384615383,0,0,False,False,True,True,False,False,False,False,False,False,True,True,True,False,False,False,True,False,True,True,False,False
TGS,Energy,Oil & Gas Integrated,5.01,2025/06/22,249,100.0,"MA20, MA50, MA200, RSI, MACD, OBV, Trend",30.76923076923077,46.15384615384615,-15.384615384615383,0,1,False,False,True,True,False,True,False,False,False,False,False,True,True,False,False,False,False,False,True,True,False,True
ADP,Technology,Software - Application,123.29,2025/06/22,249,100.0,"MA20, MA50, MA200, RSI, MACD, OBV, Trend",30.76923076923077,46.15384615384615,-15.384615384615383,0,1,False,False,True,True,False,True,False,False,False,False,False,True,True,False,False,False,False,False,True,True,False,True
LBRDA,Communication Services,Telecom Services,10.94,2025/06/22,249,100.0,"MA20, MA50, MA200, RSI, MACD, OBV, Trend",34.61538461538461,50.0,-15.384615384615387,0,0,False,True,True,True,False,False,False,False,False,False,False,True,False,False,False,False,True,False,True,True,True,True
NTNX,Technology,Software - Infrastructure,18.42,2025/06/22,249,100.0,"MA20, MA50, MA200, RSI, MACD, OBV, Trend",34.61538461538461,50.0,-15.384615384615387,0,0,False,True,True,True,False,False,False,False,False,False,False,True,False,False,False,False,True,False,True,True,True,True
FROG,Technology,Software - Application,3.88,2025/06/22,249,100.0,"MA20, MA50, MA200, RSI, MACD, OBV, Trend",34.61538461538461,50.0,-15.384615384615387,0,0,False,True,True,True,False,False,False,False,False,False,False,True,False,False,False,False,True,False,True,True,True,True
CC,Basic Materials,Specialty Chemicals,2.84,2025/06/22,249,100.0,"MA20, MA50, MA200, RSI, MACD, OBV, Trend",34.61538461538461,50.0,-15.384615384615387,0,0,True,False,False,False,False,True,False,False,True,False,True,False,True,True,True,False,False,True,True,False,False,False
FER,Industrials,Infrastructure Operations,30.94,2025/06/22,249,100.0,"MA20, MA50, MA200, RSI, MACD, OBV, Trend",34.61538461538461,50.0,-15.384615384615387,0,0,False,True,True,True,False,False,False,False,False,False,False,True,False,False,False,False,True,False,True,True,True,True
CDRE,Industrials,Aerospace & Defense,1.6,2025/06/22,249,100.0,"MA20, MA50, MA200, RSI, MACD, OBV, Trend",26.923076923076923,46.15384615384615,-19.23076923076923,0,0,False,True,False,False,False,True,True,False,False,False,False,True,False,True,False,False,False,False,True,True,False,True
RTO,Industrials,Specialty Business Services,12.58,2025/06/22,249,100.0,"MA20, MA50, MA200, RSI, MACD, OBV, Trend",26.923076923076923,46.15384615384615,-19.23076923076923,0,0,False,True,False,False,False,True,False,False,False,False,True,True,False,True,False,False,False,True,True,True,False,False
ETR,Utilities,Utilities - Regulated Electric,34.77,2025/06/22,249,100.0,"MA20, MA50, MA200, RSI, MACD, OBV, Trend",26.923076923076923,46.15384615384615,-19.23076923076923,1,0,False,False,True,False,False,True,True,False,False,False,False,True,True,False,False,False,False,False,True,True,False,True
AEE,Utilities,Utilities - Regulated Electric,25.14,2025/06/22,249,100.0,"MA20, MA50, MA200, RSI, MACD, OBV, Trend",26.923076923076923,46.15384615384615,-19.23076923076923,0,0,False,False,True,False,False,False,True,False,False,False,True,True,True,False,False,False,True,False,True,True,False,False
DTE,Utilities,Utilities - Regulated Electric,24.83,2025/06/22,249,100.0,"MA20, MA50, MA200, RSI, MACD, OBV, Trend",26.923076923076923,46.15384615384615,-19.23076923076923,0,0,False,False,True,False,False,True,True,False,False,False,False,True,True,False,False,False,False,False,True,True,False,True
TY,Financial Services,Asset Management,1.69,2025/06/22,249,100.0,"MA20, MA50, MA200, RSI, MACD, OBV, Trend",26.923076923076923,46.15384615384615,-19.23076923076923,0,0,False,True,False,False,False,True,True,False,False,False,False,True,False,True,False,False,False,False,True,True,False,True
TDS,Communication Services,Telecom Services,4.01,2025/06/22,249,100.0,"MA20, MA50, MA200, RSI, MACD, OBV, Trend",26.923076923076923,46.15384615384615,-19.23076923076923,0,0,False,False,True,False,False,True,True,False,False,False,False,True,True,False,False,False,False,False,True,True,False,True
TGT,Consumer Defensive,Discount Stores,63.19,2025/06/22,249,100.0,"MA20, MA50, MA200, RSI, MACD, OBV, Trend",26.923076923076923,46.15384615384615,-19.23076923076923,0,0,False,True,False,False,False,True,False,False,False,False,True,True,False,True,False,False,False,True,True,True,False,False
SNEX,Financial Services,Capital Markets,3.51,2025/06/22,249,100.0,"MA20, MA50, MA200, RSI, MACD, OBV, Trend",26.923076923076923,46.15384615384615,-19.23076923076923,0,1,False,False,True,False,False,True,True,False,False,False,False,True,True,False,False,False,False,False,True,True,False,True
TENB,Technology,Software - Infrastructure,5.18,2025/06/22,249,100.0,"MA20, MA50, MA200, RSI, MACD, OBV, Trend",26.923076923076923,46.15384615384615,-19.23076923076923,0,2,False,True,False,False,False,True,False,False,True,False,False,True,False,True,False,True,False,False,True,False,False,True
LUMN,Communication Services,Telecom Services,5.01,2025/06/22,249,100.0,"MA20, MA50, MA200, RSI, MACD, OBV, Trend",26.923076923076923,46.15384615384615,-19.23076923076923,0,0,False,True,False,False,False,True,True,False,False,False,False,True,False,True,False,False,False,False,True,True,False,True
OPCH,Healthcare,Medical Care Facilities,5.26,2025/06/22,249,100.0,"MA20, MA50, MA200, RSI, MACD, OBV, Trend",26.923076923076923,46.15384615384615,-19.23076923076923,0,1,False,False,True,False,False,True,True,False,False,False,False,True,True,False,False,False,False,False,True,True,False,True
PRG,Industrials,Rental & Leasing Services,1.78,2025/06/22,249,100.0,"MA20, MA50, MA200, RSI, MACD, OBV, Trend",26.923076923076923,46.15384615384615,-19.23076923076923,1,0,False,True,False,False,False,True,False,False,False,False,True,True,False,True,False,False,False,False,True,True,True,False
PEN,Healthcare,Medical Devices,10.25,2025/06/22,249,100.0,"MA20, MA50, MA200, RSI, MACD, OBV, Trend",26.923076923076923,46.15384615384615,-19.23076923076923,0,0,False,False,True,False,False,True,False,False,True,False,False,True,True,False,False,False,False,False,True,False,True,True
TTEK,Industrials,Engineering & Construction,9.86,2025/06/22,249,100.0,"MA20, MA50, MA200, RSI, MACD, OBV, Trend",26.923076923076923,46.15384615384615,-19.23076923076923,0,0,False,True,False,False,False,True,False,True,False,False,False,True,False,True,False,False,False,True,False,True,False,True
UMBF,Financial Services,Banks - Regional,5.76,2025/06/22,249,100.0,"MA20, MA50, MA200, RSI, MACD, OBV, Trend",26.923076923076923,46.15384615384615,-19.23076923076923,1,0,False,True,False,False,False,True,False,False,False,False,True,True,False,True,False,False,False,False,True,True,True,False
LTH,Consumer Cyclical,Leisure,6.0,2025/06/22,249,100.0,"MA20, MA50, MA200, RSI, MACD, OBV, Trend",30.76923076923077,50.0,-19.23076923076923,0,1,True,False,True,False,False,False,True,False,False,False,False,False,True,False,False,False,True,False,True,True,True,True
DORM,Consumer Cyclical,Auto Parts,4.06,2025/06/22,249,100.0,"MA20, MA50, MA200, RSI, MACD, OBV, Trend",26.923076923076923,46.15384615384615,-19.23076923076923,0,0,False,True,False,False,False,True,False,False,False,False,True,True,False,True,False,False,False,False,True,True,True,False
CNXN,Technology,Electronics & Computer Distribution,1.95,2025/06/22,249,100.0,"MA20, MA50, MA200, RSI, MACD, OBV, Trend",26.923076923076923,46.15384615384615,-19.23076923076923,1,1,False,True,False,False,False,True,False,False,False,False,True,True,False,True,False,False,False,False,True,True,True,False
OFG,Financial Services,Banks - Regional,1.94,2025/06/22,249,100.0,"MA20, MA50, MA200, RSI, MACD, OBV, Trend",26.923076923076923,46.15384615384615,-19.23076923076923,1,0,False,True,False,False,False,True,False,False,False,False,True,True,False,True,False,False,False,False,True,True,True,False
PNW,Utilities,Utilities - Regulated Electric,9.89,2025/06/22,249,100.0,"MA20, MA50, MA200, RSI, MACD, OBV, Trend",26.923076923076923,46.15384615384615,-19.23076923076923,1,0,False,False,True,False,False,True,True,False,False,False,False,True,True,False,False,False,False,False,True,True,False,True
IVT,Real Estate,REIT - Retail,2.29,2025/06/22,249,100.0,"MA20, MA50, MA200, RSI, MACD, OBV, Trend",26.923076923076923,46.15384615384615,-19.23076923076923,0,0,False,True,False,False,False,True,True,False,False,False,False,True,False,True,False,False,False,False,True,True,False,True
PRVA,Healthcare,Health Information Services,2.74,2025/06/22,249,100.0,"MA20, MA50, MA200, RSI, MACD, OBV, Trend",26.923076923076923,46.15384615384615,-19.23076923076923,0,0,False,False,True,False,False,True,False,False,False,False,True,True,True,False,False,False,False,False,True,True,True,False
PRK,Financial Services,Banks - Regional,2.74,2025/06/22,249,100.0,"MA20, MA50, MA200, RSI, MACD, OBV, Trend",26.923076923076923,46.15384615384615,-19.23076923076923,1,0,False,True,False,False,False,True,False,False,False,False,True,True,False,True,False,False,False,False,True,True,True,False
FRT,Real Estate,REIT - Retail,9.3,2025/06/22,249,100.0,"MA20, MA50, MA200, RSI, MACD, OBV, Trend",23.076923076923077,42.30769230769231,-19.23076923076923,0,0,True,True,False,False,False,False,False,False,False,False,False,False,False,True,False,False,True,False,True,True,False,True
BABA,Consumer Cyclical,Internet Retail,234.84,2025/06/22,249,100.0,"MA20, MA50, MA200, RSI, MACD, OBV, Trend",26.923076923076923,46.15384615384615,-19.23076923076923,0,0,False,False,True,False,False,True,True,False,False,False,False,True,True,False,False,False,False,False,True,True,False,True
AMRC,Industrials,Engineering & Construction,1.19,2025/06/22,249,100.0,"MA20, MA50, MA200, RSI, MACD, OBV, Trend",26.923076923076923,46.15384615384615,-19.23076923076923,0,1,False,True,False,False,False,True,False,True,False,False,False,True,False,True,False,False,False,True,False,True,False,True
IBOC,Financial Services,Banks - Regional,4.1,2025/06/22,249,100.0,"MA20, MA50, MA200, RSI, MACD, OBV, Trend",26.923076923076923,46.15384615384615,-19.23076923076923,1,0,False,True,False,False,False,True,False,False,False,False,True,True,False,True,False,False,False,False,True,True,True,False
SARO,Industrials,Aerospace & Defense,8.98,2025/06/22,179,76.92307692307693,"MA20, MA50, RSI, MACD, OBV, Trend",25.0,45.0,-20.0,0,0,False,True,,,False,True,False,False,False,False,False,True,False,,,False,False,False,True,True,False,True
V,Financial Services,Credit Services,659.34,2025/06/22,249,100.0,"MA20, MA50, MA200, RSI, MACD, OBV, Trend",38.46153846153847,61.53846153846154,-23.076923076923073,0,3,False,False,True,True,False,True,True,False,False,False,False,True,True,False,False,True,False,False,True,True,True,True
IOVA,Healthcare,Biotechnology,1.78,2025/06/22,249,100.0,"MA20, MA50, MA200, RSI, MACD, OBV, Trend",26.923076923076923,50.0,-23.076923076923077,0,0,True,False,False,False,False,False,False,False,True,False,True,False,True,True,True,False,True,False,True,False,False,False
LINE,Real Estate,REIT - Industrial,15.13,2025/06/22,227,100.0,"MA20, MA50, MA200, RSI, MACD, OBV, Trend",26.923076923076923,50.0,-23.076923076923077,0,0,True,False,False,False,False,False,False,False,True,False,True,False,True,True,True,False,True,False,True,False,False,False
FMS,Healthcare,Medical Care Facilities,14.65,2025/06/22,249,100.0,"MA20, MA50, MA200, RSI, MACD, OBV, Trend",30.76923076923077,53.84615384615385,-23.076923076923077,0,1,False,False,True,True,False,True,False,False,False,False,False,True,True,False,False,False,False,False,True,True,True,True
PSMT,Consumer Defensive,Discount Stores,2.79,2025/06/22,249,100.0,"MA20, MA50, MA200, RSI, MACD, OBV, Trend",30.76923076923077,53.84615384615385,-23.076923076923077,0,1,False,False,True,True,False,True,False,False,False,False,False,True,True,False,False,False,False,False,True,True,True,True
COST,Consumer Defensive,Discount Stores,434.97,2025/06/22,249,100.0,"MA20, MA50, MA200, RSI, MACD, OBV, Trend",30.76923076923077,53.84615384615385,-23.076923076923077,0,0,False,False,True,True,False,True,False,False,False,False,False,True,True,False,False,False,False,False,True,True,True,True
FMX,Consumer Defensive,Beverages - Brewers,150.58,2025/06/22,249,100.0,"MA20, MA50, MA200, RSI, MACD, OBV, Trend",30.76923076923077,53.84615384615385,-23.076923076923077,0,0,False,False,True,True,False,True,False,False,False,False,False,True,True,False,False,False,False,False,True,True,True,True
ABR,Real Estate,REIT - Mortgage,2.53,2025/06/22,249,100.0,"MA20, MA50, MA200, RSI, MACD, OBV, Trend",26.923076923076923,50.0,-23.076923076923077,0,0,True,False,False,False,False,False,False,False,True,False,True,False,True,True,True,False,True,False,True,False,False,False
SIM,Basic Materials,Steel,4.1,2025/06/22,249,100.0,"MA20, MA50, MA200, RSI, MACD, OBV, Trend",26.923076923076923,50.0,-23.076923076923077,1,0,False,False,False,True,False,True,False,False,False,False,True,True,True,True,False,False,False,False,True,True,False,False
UL,Consumer Defensive,Household & Personal Products,143.6,2025/06/22,249,100.0,"MA20, MA50, MA200, RSI, MACD, OBV, Trend",30.76923076923077,53.84615384615385,-23.076923076923077,0,0,False,False,True,True,False,True,False,False,False,False,False,True,True,False,False,False,False,False,True,True,True,True
IBN,Financial Services,Banks - Regional,102.1,2025/06/22,249,100.0,"MA20, MA50, MA200, RSI, MACD, OBV, Trend",30.76923076923077,53.84615384615385,-23.076923076923077,0,0,False,False,True,True,False,True,False,False,False,False,False,True,True,False,False,False,False,False,True,True,True,True
SAP,Technology,Software - Application,325.07,2025/06/22,249,100.0,"MA20, MA50, MA200, RSI, MACD, OBV, Trend",30.76923076923077,53.84615384615385,-23.076923076923077,0,0,False,False,True,True,False,True,False,False,False,False,False,True,True,False,False,False,False,False,True,True,True,True
BRKR,Healthcare,Medical Devices,8.82,2025/06/22,249,100.0,"MA20, MA50, MA200, RSI, MACD, OBV, Trend",26.923076923076923,50.0,-23.076923076923077,0,0,True,False,False,False,False,False,False,False,True,False,True,False,True,True,True,False,True,False,True,False,False,False
AFG,Financial Services,Insurance - Property & Casualty,11.6,2025/06/22,249,100.0,"MA20, MA50, MA200, RSI, MACD, OBV, Trend",26.923076923076923,50.0,-23.076923076923077,0,0,True,False,False,False,False,True,False,False,True,False,False,False,True,True,True,False,False,False,True,False,False,True
RIVN,Consumer Cyclical,Auto Manufacturers,12.82,2025/06/22,249,100.0,"MA20, MA50, MA200, RSI, MACD, OBV, Trend",30.76923076923077,53.84615384615385,-23.076923076923077,0,0,False,False,True,True,False,True,False,False,False,False,False,True,True,False,False,False,False,False,True,True,True,True
LNTH,Healthcare,Drug Manufacturers - Specialty & Generic,6.43,2025/06/22,249,100.0,"MA20, MA50, MA200, RSI, MACD, OBV, Trend",26.923076923076923,50.0,-23.076923076923077,0,0,True,False,False,False,False,False,False,False,True,False,True,False,True,True,True,False,True,False,True,False,False,False
VICR,Technology,Electronic Components,2.31,2025/06/22,249,100.0,"MA20, MA50, MA200, RSI, MACD, OBV, Trend",26.923076923076923,50.0,-23.076923076923077,0,0,True,False,False,False,False,True,False,False,True,False,False,False,True,True,True,False,False,False,True,False,False,True
DRVN,Consumer Cyclical,Auto & Truck Dealerships,2.71,2025/06/22,249,100.0,"MA20, MA50, MA200, RSI, MACD, OBV, Trend",30.76923076923077,53.84615384615385,-23.076923076923077,0,0,False,False,True,True,False,False,True,False,False,False,False,True,True,False,False,False,True,False,True,True,False,True
GT,Consumer Cyclical,Auto Parts,2.53,2025/06/22,249,100.0,"MA20, MA50, MA200, RSI, MACD, OBV, Trend",30.76923076923077,53.84615384615385,-23.076923076923077,0,0,False,False,True,True,False,True,False,False,False,False,False,True,True,False,False,False,False,False,True,True,True,True
LU,Financial Services,Credit Services,2.42,2025/06/22,249,100.0,"MA20, MA50, MA200, RSI, MACD, OBV, Trend",30.76923076923077,53.84615384615385,-23.076923076923077,0,1,False,False,True,True,False,True,False,False,False,False,False,True,True,False,False,False,False,False,True,True,True,True
ZBH,Healthcare,Medical Devices,21.79,2025/06/22,249,100.0,"MA20, MA50, MA200, RSI, MACD, OBV, Trend",30.76923076923077,53.84615384615385,-23.076923076923077,1,0,False,False,False,False,False,True,True,False,True,False,True,True,True,True,True,False,False,False,True,False,False,False
LBTYB,Communication Services,Telecom Services,4.17,2025/06/22,249,100.0,"MA20, MA50, MA200, RSI, MACD, OBV, Trend",30.76923076923077,53.84615384615385,-23.076923076923077,0,1,False,False,False,False,False,True,False,False,True,True,True,True,True,True,True,False,False,False,True,False,False,False
CNXC,Technology,Information Technology Services,3.44,2025/06/22,249,100.0,"MA20, MA50, MA200, RSI, MACD, OBV, Trend",30.76923076923077,53.84615384615385,-23.076923076923077,0,1,False,False,True,True,False,True,False,False,False,False,False,True,True,False,False,False,False,False,True,True,True,True
FNV,Basic Materials,Gold,26.38,2025/06/22,249,100.0,"MA20, MA50, MA200, RSI, MACD, OBV, Trend",30.76923076923077,53.84615384615385,-23.076923076923077,1,0,False,False,True,True,False,False,True,False,False,False,False,True,True,False,False,False,True,False,True,True,False,True
FTS,Utilities,Utilities - Regulated Electric,21.48,2025/06/22,249,100.0,"MA20, MA50, MA200, RSI, MACD, OBV, Trend",30.76923076923077,53.84615384615385,-23.076923076923077,0,0,False,False,True,True,False,False,True,False,False,False,False,True,True,False,False,False,True,False,True,True,False,True
PBH,Healthcare,Drug Manufacturers - Specialty & Generic,3.79,2025/06/22,249,100.0,"MA20, MA50, MA200, RSI, MACD, OBV, Trend",30.76923076923077,53.84615384615385,-23.076923076923077,0,0,False,False,True,True,False,True,False,False,False,False,False,True,True,False,False,False,False,False,True,True,True,True
DMLP,Energy,Oil & Gas E&P,1.51,2025/06/22,249,100.0,"MA20, MA50, MA200, RSI, MACD, OBV, Trend",26.923076923076923,50.0,-23.076923076923077,0,1,True,False,False,False,False,True,False,False,True,False,False,False,True,True,True,False,False,False,True,False,False,True
EW,Healthcare,Medical Devices,43.19,2025/06/22,249,100.0,"MA20, MA50, MA200, RSI, MACD, OBV, Trend",30.76923076923077,53.84615384615385,-23.076923076923077,0,0,False,False,True,True,False,True,False,False,False,False,False,True,True,False,False,False,False,False,True,True,True,True
WMG,Communication Services,Entertainment,16.53,2025/06/22,249,100.0,"MA20, MA50, MA200, RSI, MACD, OBV, Trend",26.923076923076923,50.0,-23.076923076923077,0,0,True,False,False,False,False,True,False,False,True,False,False,False,True,True,True,False,False,False,True,False,False,True
PAC,Industrials,Airports & Air Services,9.78,2025/06/22,249,100.0,"MA20, MA50, MA200, RSI, MACD, OBV, Trend",30.76923076923077,53.84615384615385,-23.076923076923077,0,0,False,False,True,True,False,True,False,False,False,False,False,True,True,False,False,False,False,False,True,True,True,True
NUV,Financial Services,Asset Management,1.83,2025/06/22,249,100.0,"MA20, MA50, MA200, RSI, MACD, OBV, Trend",26.923076923076923,50.0,-23.076923076923077,0,1,True,False,False,False,False,True,False,False,True,False,False,False,True,True,True,False,False,False,True,False,False,True
ATHM,Communication Services,Internet Content & Information,3.39,2025/06/22,249,100.0,"MA20, MA50, MA200, RSI, MACD, OBV, Trend",26.923076923076923,50.0,-23.076923076923077,0,0,True,False,False,False,False,True,False,False,True,False,False,False,True,True,True,False,False,False,True,False,False,True
CART,Consumer Cyclical,Internet Retail,12.4,2025/06/22,249,100.0,"MA20, MA50, MA200, RSI, MACD, OBV, Trend",30.76923076923077,53.84615384615385,-23.076923076923077,0,0,False,False,True,True,False,True,False,False,False,False,False,True,True,False,False,False,False,False,True,True,True,True
GNL,Real Estate,REIT - Diversified,1.68,2025/06/22,249,100.0,"MA20, MA50, MA200, RSI, MACD, OBV, Trend",30.76923076923077,53.84615384615385,-23.076923076923077,1,1,False,False,True,True,False,True,False,False,False,False,False,True,True,False,False,False,False,False,True,True,True,True
CSGS,Technology,Software - Infrastructure,1.71,2025/06/22,249,100.0,"MA20, MA50, MA200, RSI, MACD, OBV, Trend",30.76923076923077,53.84615384615385,-23.076923076923077,0,0,False,False,True,True,False,False,True,False,False,False,False,True,True,False,False,False,True,False,True,True,False,True
ERIC,Technology,Communication Equipment,24.83,2025/06/22,249,100.0,"MA20, MA50, MA200, RSI, MACD, OBV, Trend",30.76923076923077,53.84615384615385,-23.076923076923077,0,0,False,False,True,True,False,True,False,False,False,False,False,True,True,False,False,False,False,False,True,True,True,True
RYTM,Healthcare,Biotechnology,3.65,2025/06/22,249,100.0,"MA20, MA50, MA200, RSI, MACD, OBV, Trend",30.76923076923077,53.84615384615385,-23.076923076923077,0,0,False,False,True,True,False,False,True,False,False,False,False,True,True,False,False,False,True,False,True,True,False,True
BANF,Financial Services,Banks - Regional,3.96,2025/06/22,249,100.0,"MA20, MA50, MA200, RSI, MACD, OBV, Trend",30.76923076923077,53.84615384615385,-23.076923076923077,1,0,False,False,True,True,False,True,False,False,False,False,False,True,True,False,False,False,False,False,True,True,True,True
PAY,Technology,Software - Infrastructure,3.98,2025/06/22,249,100.0,"MA20, MA50, MA200, RSI, MACD, OBV, Trend",30.76923076923077,53.84615384615385,-23.076923076923077,0,0,False,False,True,True,False,True,False,False,False,False,False,True,True,False,False,False,False,False,True,True,True,True
RSG,Industrials,Waste Management,67.91,2025/06/22,249,100.0,"MA20, MA50, MA200, RSI, MACD, OBV, Trend",30.76923076923077,53.84615384615385,-23.076923076923077,0,0,False,False,True,True,False,False,True,False,False,False,False,True,True,False,False,False,True,False,True,True,False,True
ALL,Financial Services,Insurance - Property & Casualty,50.93,2025/06/22,249,100.0,"MA20, MA50, MA200, RSI, MACD, OBV, Trend",30.76923076923077,53.84615384615385,-23.076923076923077,0,2,False,False,True,True,False,True,False,False,False,False,False,True,True,False,False,True,False,False,True,True,False,True
PAYX,Technology,Software - Application,53.17,2025/06/22,249,100.0,"MA20, MA50, MA200, RSI, MACD, OBV, Trend",30.76923076923077,53.84615384615385,-23.076923076923077,0,1,False,False,True,True,False,True,False,False,False,False,False,True,True,False,False,False,False,False,True,True,True,True
OGN,Healthcare,Drug Manufacturers - General,4.01,2025/06/22,249,100.0,"MA20, MA50, MA200, RSI, MACD, OBV, Trend",26.923076923076923,50.0,-23.076923076923077,0,0,True,False,False,False,False,False,False,False,True,False,True,False,True,True,True,False,True,False,True,False,False,False
RELX,Industrials,Specialty Business Services,92.87,2025/06/22,249,100.0,"MA20, MA50, MA200, RSI, MACD, OBV, Trend",30.76923076923077,53.84615384615385,-23.076923076923077,0,0,False,False,True,True,False,True,False,False,False,False,False,True,True,False,False,False,False,False,True,True,True,True
UNH,Healthcare,Healthcare Plans,499.24,2025/06/22,249,100.0,"MA20, MA50, MA200, RSI, MACD, OBV, Trend",26.923076923076923,50.0,-23.076923076923077,0,0,True,False,False,False,False,True,False,False,True,False,False,False,True,True,True,False,False,False,True,False,False,True
RELY,Technology,Software - Infrastructure,4.65,2025/06/22,249,100.0,"MA20, MA50, MA200, RSI, MACD, OBV, Trend",19.230769230769234,46.15384615384615,-26.92307692307692,1,0,False,False,True,False,False,True,False,False,False,False,False,True,True,False,False,False,False,False,True,True,False,True
PLXS,Technology,Electronic Components,3.83,2025/06/22,249,100.0,"MA20, MA50, MA200, RSI, MACD, OBV, Trend",19.230769230769234,46.15384615384615,-26.92307692307692,0,1,False,True,False,False,False,True,False,False,False,False,False,True,False,True,False,False,False,False,True,True,False,True
GEHC,Healthcare,Health Information Services,40.34,2025/06/22,249,100.0,"MA20, MA50, MA200, RSI, MACD, OBV, Trend",19.230769230769234,46.15384615384615,-26.92307692307692,0,0,False,True,False,False,False,True,False,False,False,False,False,True,False,True,False,False,False,False,True,True,False,True
DOV,Industrials,Specialty Industrial Machinery,27.94,2025/06/22,249,100.0,"MA20, MA50, MA200, RSI, MACD, OBV, Trend",19.230769230769234,46.15384615384615,-26.92307692307692,0,1,False,True,False,False,False,True,False,False,False,False,False,True,False,True,False,False,False,False,True,True,False,True
TNC,Industrials,Specialty Industrial Machinery,1.61,2025/06/22,249,100.0,"MA20, MA50, MA200, RSI, MACD, OBV, Trend",19.230769230769234,46.15384615384615,-26.92307692307692,0,1,False,True,False,False,False,True,False,False,False,False,False,True,False,True,False,False,False,False,True,True,False,True
OWL,Financial Services,Asset Management,38.85,2025/06/22,249,100.0,"MA20, MA50, MA200, RSI, MACD, OBV, Trend",19.230769230769234,46.15384615384615,-26.92307692307692,0,0,False,True,False,False,False,False,False,False,False,False,True,True,False,True,False,False,True,False,True,True,False,False
MATX,Industrials,Marine Shipping,4.71,2025/06/22,249,100.0,"MA20, MA50, MA200, RSI, MACD, OBV, Trend",19.230769230769234,46.15384615384615,-26.92307692307692,0,0,False,True,False,False,False,True,False,False,False,False,False,True,False,True,False,False,False,False,True,True,False,True
PGR,Financial Services,Insurance - Property & Casualty,144.37,2025/06/22,249,100.0,"MA20, MA50, MA200, RSI, MACD, OBV, Trend",19.230769230769234,46.15384615384615,-26.92307692307692,1,0,False,False,True,False,False,True,False,False,False,False,False,True,True,False,False,False,False,False,True,True,False,True
PCRX,Healthcare,Drug Manufacturers - Specialty & Generic,1.22,2025/06/22,249,100.0,"MA20, MA50, MA200, RSI, MACD, OBV, Trend",19.230769230769234,46.15384615384615,-26.92307692307692,0,0,False,False,True,False,False,False,False,False,False,False,True,True,True,False,False,False,True,False,True,True,False,False
ABBV,Healthcare,Drug Manufacturers - General,324.98,2025/06/22,249,100.0,"MA20, MA50, MA200, RSI, MACD, OBV, Trend",19.230769230769234,46.15384615384615,-26.92307692307692,0,1,False,True,False,False,False,True,False,False,False,False,False,True,False,True,False,False,False,False,True,True,False,True
BMBL,Communication Services,Internet Content & Information,1.27,2025/06/22,249,100.0,"MA20, MA50, MA200, RSI, MACD, OBV, Trend",19.230769230769234,46.15384615384615,-26.92307692307692,0,1,False,True,False,False,False,True,False,False,False,False,False,True,False,True,False,False,False,False,True,True,False,True
CLSK,Financial Services,Capital Markets,3.08,2025/06/22,249,100.0,"MA20, MA50, MA200, RSI, MACD, OBV, Trend",19.230769230769234,46.15384615384615,-26.92307692307692,0,0,False,True,False,False,False,True,False,False,False,False,False,True,False,True,False,False,False,False,True,True,False,True
TRN,Industrials,Railroads,3.11,2025/06/22,249,100.0,"MA20, MA50, MA200, RSI, MACD, OBV, Trend",19.230769230769234,46.15384615384615,-26.92307692307692,1,1,False,True,False,False,False,True,False,False,False,False,False,True,False,True,False,False,False,False,True,True,False,True
ZWS,Industrials,Pollution & Treatment Controls,6.69,2025/06/22,249,100.0,"MA20, MA50, MA200, RSI, MACD, OBV, Trend",19.230769230769234,46.15384615384615,-26.92307692307692,0,1,False,True,False,False,False,True,False,False,False,False,False,True,False,True,False,False,False,False,True,True,False,True
OUT,Real Estate,REIT - Specialty,3.05,2025/06/22,249,100.0,"MA20, MA50, MA200, RSI, MACD, OBV, Trend",19.230769230769234,46.15384615384615,-26.92307692307692,0,0,False,True,False,False,False,True,False,False,False,False,False,True,False,True,False,False,False,False,True,True,False,True
PSN,Technology,Information Technology Services,8.42,2025/06/22,249,100.0,"MA20, MA50, MA200, RSI, MACD, OBV, Trend",19.230769230769234,46.15384615384615,-26.92307692307692,0,0,False,True,False,False,False,True,False,False,False,False,False,True,False,True,False,False,False,False,True,True,False,True
DCI,Industrials,Specialty Industrial Machinery,8.56,2025/06/22,249,100.0,"MA20, MA50, MA200, RSI, MACD, OBV, Trend",19.230769230769234,46.15384615384615,-26.92307692307692,0,0,False,True,False,False,False,True,False,False,False,False,False,True,False,True,False,False,False,False,True,True,False,True
ALRM,Technology,Software - Application,3.0,2025/06/22,249,100.0,"MA20, MA50, MA200, RSI, MACD, OBV, Trend",19.230769230769234,46.15384615384615,-26.92307692307692,0,0,False,True,False,False,False,True,False,False,False,False,False,True,False,True,False,False,False,False,True,True,False,True
FR,Real Estate,REIT - Industrial,7.26,2025/06/22,249,100.0,"MA20, MA50, MA200, RSI, MACD, OBV, Trend",19.230769230769234,46.15384615384615,-26.92307692307692,0,0,False,True,False,False,False,False,False,False,False,False,True,True,False,True,False,False,True,False,True,True,False,False
PCOR,Technology,Software - Application,11.83,2025/06/22,249,100.0,"MA20, MA50, MA200, RSI, MACD, OBV, Trend",19.230769230769234,46.15384615384615,-26.92307692307692,0,0,False,True,False,False,False,True,False,False,False,False,False,True,False,True,False,False,False,False,True,True,False,True
RNR,Financial Services,Insurance - Reinsurance,11.67,2025/06/22,249,100.0,"MA20, MA50, MA200, RSI, MACD, OBV, Trend",19.230769230769234,46.15384615384615,-26.92307692307692,0,1,False,True,False,False,False,True,False,False,False,False,False,True,False,True,False,False,False,False,True,True,False,True
HCM,Healthcare,Drug Manufacturers - Specialty & Generic,2.35,2025/06/22,249,100.0,"MA20, MA50, MA200, RSI, MACD, OBV, Trend",19.230769230769234,46.15384615384615,-26.92307692307692,1,0,False,True,False,False,False,False,False,False,False,False,True,True,False,True,False,False,True,False,True,True,False,False
ACA,Industrials,Engineering & Construction,4.94,2025/06/22,249,100.0,"MA20, MA50, MA200, RSI, MACD, OBV, Trend",19.230769230769234,46.15384615384615,-26.92307692307692,0,0,False,True,False,False,False,True,False,False,False,False,False,True,False,True,False,False,False,False,True,True,False,True
FHB,Financial Services,Banks - Regional,3.53,2025/06/22,249,100.0,"MA20, MA50, MA200, RSI, MACD, OBV, Trend",19.230769230769234,46.15384615384615,-26.92307692307692,0,1,False,True,False,False,False,True,False,False,False,False,False,True,False,True,False,False,False,False,True,True,False,True
DD,Basic Materials,Specialty Chemicals,32.1,2025/06/22,249,100.0,"MA20, MA50, MA200, RSI, MACD, OBV, Trend",19.230769230769234,46.15384615384615,-26.92307692307692,0,1,False,True,False,False,False,True,False,False,False,False,False,True,False,True,False,False,False,False,True,True,False,True
AME,Industrials,Specialty Industrial Machinery,42.69,2025/06/22,249,100.0,"MA20, MA50, MA200, RSI, MACD, OBV, Trend",19.230769230769234,46.15384615384615,-26.92307692307692,0,1,False,True,False,False,False,True,False,False,False,False,False,True,False,True,False,False,False,False,True,True,False,True
SPNS,Technology,Software - Application,1.53,2025/06/22,249,100.0,"MA20, MA50, MA200, RSI, MACD, OBV, Trend",19.230769230769234,46.15384615384615,-26.92307692307692,0,0,False,True,False,False,False,False,False,False,False,False,True,True,False,True,False,False,True,False,True,True,False,False
NRIX,Healthcare,Biotechnology,1.5,2025/06/22,249,100.0,"MA20, MA50, MA200, RSI, MACD, OBV, Trend",19.230769230769234,46.15384615384615,-26.92307692307692,0,0,False,True,False,False,False,False,False,True,False,False,False,True,False,True,False,False,True,False,False,True,False,True
LOB,Financial Services,Banks - Regional,1.61,2025/06/22,249,100.0,"MA20, MA50, MA200, RSI, MACD, OBV, Trend",19.230769230769234,46.15384615384615,-26.92307692307692,0,0,False,True,False,False,False,False,False,True,False,False,False,True,False,True,False,False,True,False,False,True,False,True
BHE,Technology,Electronic Components,1.54,2025/06/22,249,100.0,"MA20, MA50, MA200, RSI, MACD, OBV, Trend",19.230769230769234,46.15384615384615,-26.92307692307692,0,1,False,True,False,False,False,True,False,False,False,False,False,True,False,True,False,False,False,False,True,True,False,True
FFIN,Financial Services,Banks - Regional,5.29,2025/06/22,249,100.0,"MA20, MA50, MA200, RSI, MACD, OBV, Trend",19.230769230769234,46.15384615384615,-26.92307692307692,0,1,False,True,False,False,False,True,False,False,False,False,False,True,False,True,False,False,False,False,True,True,False,True
IAS,Communication Services,Advertising Agencies,1.71,2025/06/22,249,100.0,"MA20, MA50, MA200, RSI, MACD, OBV, Trend",19.230769230769234,46.15384615384615,-26.92307692307692,0,0,False,True,False,False,False,True,False,False,False,False,False,True,False,True,False,False,False,False,True,True,False,True
GTY,Real Estate,REIT - Retail,1.71,2025/06/22,249,100.0,"MA20, MA50, MA200, RSI, MACD, OBV, Trend",19.230769230769234,46.15384615384615,-26.92307692307692,0,1,False,True,False,False,False,True,False,False,False,False,False,True,False,True,False,False,False,False,True,True,False,True
SONO,Technology,Consumer Electronics,1.66,2025/06/22,249,100.0,"MA20, MA50, MA200, RSI, MACD, OBV, Trend",19.230769230769234,46.15384615384615,-26.92307692307692,0,0,False,True,False,False,False,True,False,False,False,False,False,True,False,True,False,False,False,False,True,True,False,True
WSM,Consumer Cyclical,Specialty Retail,26.02,2025/06/22,249,100.0,"MA20, MA50, MA200, RSI, MACD, OBV, Trend",19.230769230769234,46.15384615384615,-26.92307692307692,0,0,False,True,False,False,False,True,False,False,False,False,False,True,False,True,False,False,False,False,True,True,False,True
MDB,Technology,Software - Infrastructure,21.9,2025/06/22,249,100.0,"MA20, MA50, MA200, RSI, MACD, OBV, Trend",19.230769230769234,46.15384615384615,-26.92307692307692,0,0,False,True,False,False,False,False,False,True,False,False,False,True,False,True,False,False,True,False,False,True,False,True
PSTG,Technology,Computer Hardware,22.12,2025/06/22,249,100.0,"MA20, MA50, MA200, RSI, MACD, OBV, Trend",19.230769230769234,46.15384615384615,-26.92307692307692,0,0,False,True,False,False,False,True,False,False,False,False,False,True,False,True,False,False,False,False,True,True,False,True
ROG,Technology,Electronic Components,1.74,2025/06/22,249,100.0,"MA20, MA50, MA200, RSI, MACD, OBV, Trend",19.230769230769234,46.15384615384615,-26.92307692307692,0,0,False,True,False,False,False,True,False,False,False,False,False,True,False,True,False,False,False,False,True,True,False,True
LKFN,Financial Services,Banks - Regional,1.74,2025/06/22,249,100.0,"MA20, MA50, MA200, RSI, MACD, OBV, Trend",19.230769230769234,46.15384615384615,-26.92307692307692,0,1,False,True,False,False,False,True,False,False,False,False,False,True,False,True,False,False,False,False,True,True,False,True
HLIO,Industrials,Specialty Industrial Machinery,1.48,2025/06/22,249,100.0,"MA20, MA50, MA200, RSI, MACD, OBV, Trend",19.230769230769234,46.15384615384615,-26.92307692307692,0,0,False,True,False,False,False,True,False,False,False,False,False,True,False,True,False,False,False,False,True,True,False,True
ACLX,Healthcare,Biotechnology,3.68,2025/06/22,249,100.0,"MA20, MA50, MA200, RSI, MACD, OBV, Trend",19.230769230769234,46.15384615384615,-26.92307692307692,0,0,False,True,False,False,False,True,False,False,False,False,False,True,False,True,False,False,False,False,True,True,False,True
CI,Healthcare,Healthcare Plans,80.55,2025/06/22,249,100.0,"MA20, MA50, MA200, RSI, MACD, OBV, Trend",19.230769230769234,46.15384615384615,-26.92307692307692,0,0,True,False,False,False,False,False,False,False,True,False,False,False,True,True,False,False,True,False,True,False,False,True
SCL,Basic Materials,Specialty Chemicals,1.43,2025/06/22,249,100.0,"MA20, MA50, MA200, RSI, MACD, OBV, Trend",19.230769230769234,46.15384615384615,-26.92307692307692,0,0,False,True,False,False,False,True,False,False,False,False,False,True,False,True,False,False,False,False,True,True,False,True
NWL,Consumer Defensive,Household & Personal Products,4.14,2025/06/22,249,100.0,"MA20, MA50, MA200, RSI, MACD, OBV, Trend",19.230769230769234,46.15384615384615,-26.92307692307692,0,0,False,True,False,False,False,True,False,False,False,False,False,True,False,True,False,False,False,False,True,True,False,True
MCO,Financial Services,Financial Data & Stock Exchanges,90.51,2025/06/22,249,100.0,"MA20, MA50, MA200, RSI, MACD, OBV, Trend",19.230769230769234,46.15384615384615,-26.92307692307692,0,0,False,True,False,False,False,True,False,False,False,False,False,True,False,True,False,False,False,False,True,True,False,True
DUK,Utilities,Utilities - Regulated Electric,86.51,2025/06/22,249,100.0,"MA20, MA50, MA200, RSI, MACD, OBV, Trend",19.230769230769234,46.15384615384615,-26.92307692307692,0,0,False,False,True,False,False,True,False,False,False,False,False,True,True,False,False,False,False,False,True,True,False,True
AJG,Financial Services,Insurance Brokers,75.4,2025/06/22,249,100.0,"MA20, MA50, MA200, RSI, MACD, OBV, Trend",19.230769230769234,46.15384615384615,-26.92307692307692,0,0,False,False,True,False,False,True,False,False,False,False,False,True,True,False,False,False,False,False,True,True,False,True
PYPL,Financial Services,Credit Services,88.8,2025/06/22,249,100.0,"MA20, MA50, MA200, RSI, MACD, OBV, Trend",19.230769230769234,46.15384615384615,-26.92307692307692,0,1,False,True,False,False,False,True,False,False,False,False,False,True,False,True,False,False,False,False,True,True,False,True
SABR,Technology,Software - Infrastructure,1.29,2025/06/22,249,100.0,"MA20, MA50, MA200, RSI, MACD, OBV, Trend",19.230769230769234,46.15384615384615,-26.92307692307692,0,0,False,True,False,False,False,True,False,False,False,False,False,True,False,True,False,False,False,False,True,True,False,True
NKE,Consumer Cyclical,Footwear & Accessories,115.86,2025/06/22,249,100.0,"MA20, MA50, MA200, RSI, MACD, OBV, Trend",19.230769230769234,46.15384615384615,-26.92307692307692,0,0,False,True,False,False,False,True,False,False,False,False,False,True,False,True,False,False,False,False,True,True,False,True
XRAY,Healthcare,Medical Instruments & Supplies,3.93,2025/06/22,249,100.0,"MA20, MA50, MA200, RSI, MACD, OBV, Trend",19.230769230769234,46.15384615384615,-26.92307692307692,0,0,False,True,False,False,False,True,False,False,False,False,False,True,False,True,False,False,False,False,True,True,False,True
CRAI,Industrials,Consulting Services,1.24,2025/06/22,249,100.0,"MA20, MA50, MA200, RSI, MACD, OBV, Trend",19.230769230769234,46.15384615384615,-26.92307692307692,0,1,False,True,False,False,False,True,False,False,False,False,False,True,False,True,False,False,False,False,True,True,False,True
EOSE,Industrials,Electrical Equipment & Parts,1.25,2025/06/22,249,100.0,"MA20, MA50, MA200, RSI, MACD, OBV, Trend",19.230769230769234,46.15384615384615,-26.92307692307692,0,0,False,False,True,False,False,False,False,False,True,False,False,True,True,False,False,False,True,False,True,False,False,True
GOOG,Communication Services,Internet Content & Information,2504.76,2025/06/22,249,100.0,"MA20, MA50, MA200, RSI, MACD, OBV, Trend",19.230769230769234,46.15384615384615,-26.92307692307692,0,1,False,True,False,False,False,True,False,False,False,False,False,True,False,True,False,False,False,False,True,True,False,True
CLVT,Technology,Information Technology Services,3.9,2025/06/22,249,100.0,"MA20, MA50, MA200, RSI, MACD, OBV, Trend",19.230769230769234,46.15384615384615,-26.92307692307692,0,0,False,True,False,False,False,True,False,False,False,False,False,True,False,True,False,False,False,False,True,True,False,True
CMI,Industrials,Specialty Industrial Machinery,48.87,2025/06/22,249,100.0,"MA20, MA50, MA200, RSI, MACD, OBV, Trend",19.230769230769234,46.15384615384615,-26.92307692307692,0,0,False,True,False,False,False,True,False,False,False,False,False,True,False,True,False,False,False,False,True,True,False,True
ALKT,Technology,Software - Application,3.62,2025/06/22,249,100.0,"MA20, MA50, MA200, RSI, MACD, OBV, Trend",19.230769230769234,46.15384615384615,-26.92307692307692,0,0,False,True,False,False,False,True,False,False,False,False,False,True,False,True,False,False,False,False,True,True,False,True
SPG,Real Estate,REIT - Retail,65.28,2025/06/22,249,100.0,"MA20, MA50, MA200, RSI, MACD, OBV, Trend",19.230769230769234,46.15384615384615,-26.92307692307692,0,0,False,True,False,False,False,True,False,False,False,False,False,True,False,True,False,False,False,False,True,True,False,True
SCCO,Basic Materials,Copper,72.42,2025/06/22,249,100.0,"MA20, MA50, MA200, RSI, MACD, OBV, Trend",19.230769230769234,46.15384615384615,-26.92307692307692,0,1,False,True,False,False,False,True,False,False,False,False,False,True,False,True,False,False,False,False,True,True,False,True
ELME,Real Estate,REIT - Residential,1.34,2025/06/22,249,100.0,"MA20, MA50, MA200, RSI, MACD, OBV, Trend",19.230769230769234,46.15384615384615,-26.92307692307692,0,1,False,True,False,False,False,True,False,False,False,False,False,True,False,True,False,False,False,False,True,True,False,True
RXO,Industrials,Trucking,4.12,2025/06/22,249,100.0,"MA20, MA50, MA200, RSI, MACD, OBV, Trend",19.230769230769234,46.15384615384615,-26.92307692307692,0,0,False,True,False,False,False,True,False,False,False,False,False,True,False,True,False,False,False,False,True,True,False,True
SNPS,Technology,Software - Infrastructure,81.23,2025/06/22,249,100.0,"MA20, MA50, MA200, RSI, MACD, OBV, Trend",19.230769230769234,46.15384615384615,-26.92307692307692,0,0,False,True,False,False,False,True,False,False,False,False,False,True,False,True,False,False,False,False,True,True,False,True
EXR,Real Estate,REIT - Industrial,33.97,2025/06/22,249,100.0,"MA20, MA50, MA200, RSI, MACD, OBV, Trend",19.230769230769234,46.15384615384615,-26.92307692307692,0,1,False,True,False,False,False,True,False,False,False,False,False,True,False,True,False,False,False,False,True,True,False,True
HUT,Financial Services,Capital Markets,2.03,2025/06/22,249,100.0,"MA20, MA50, MA200, RSI, MACD, OBV, Trend",19.230769230769234,46.15384615384615,-26.92307692307692,0,0,False,True,False,False,False,False,False,True,False,False,False,True,False,True,False,False,True,False,False,True,False,True
PHIN,Consumer Cyclical,Auto Parts,2.17,2025/06/22,249,100.0,"MA20, MA50, MA200, RSI, MACD, OBV, Trend",19.230769230769234,46.15384615384615,-26.92307692307692,0,1,False,True,False,False,False,True,False,False,False,False,False,True,False,True,False,False,False,False,True,True,False,True
HNI,Industrials,Business Equipment & Supplies,2.38,2025/06/22,249,100.0,"MA20, MA50, MA200, RSI, MACD, OBV, Trend",19.230769230769234,46.15384615384615,-26.92307692307692,0,1,False,True,False,False,False,True,False,False,False,False,False,True,False,True,False,False,False,False,True,True,False,True
PWP,Financial Services,Capital Markets,2.32,2025/06/22,249,100.0,"MA20, MA50, MA200, RSI, MACD, OBV, Trend",19.230769230769234,46.15384615384615,-26.92307692307692,0,0,False,True,False,False,False,True,False,False,False,False,False,True,False,True,False,False,False,False,True,True,False,True
SUPN,Healthcare,Drug Manufacturers - Specialty & Generic,2.12,2025/06/22,249,100.0,"MA20, MA50, MA200, RSI, MACD, OBV, Trend",19.230769230769234,46.15384615384615,-26.92307692307692,1,1,False,True,False,False,False,True,False,False,False,False,False,True,False,True,False,False,False,False,True,True,False,True
LSPD,Technology,Software - Application,2.21,2025/06/22,249,100.0,"MA20, MA50, MA200, RSI, MACD, OBV, Trend",19.230769230769234,46.15384615384615,-26.92307692307692,0,0,False,True,False,False,False,False,False,False,False,False,True,True,False,True,False,False,True,False,True,True,False,False
GMAB,Healthcare,Biotechnology,12.5,2025/06/22,249,100.0,"MA20, MA50, MA200, RSI, MACD, OBV, Trend",19.230769230769234,46.15384615384615,-26.92307692307692,0,0,False,True,False,False,False,True,False,False,False,False,False,True,False,True,False,False,False,False,True,True,False,True
ARHS,Consumer Cyclical,Home Improvement Retail,1.77,2025/06/22,249,100.0,"MA20, MA50, MA200, RSI, MACD, OBV, Trend",19.230769230769234,46.15384615384615,-26.92307692307692,0,0,False,True,False,False,False,True,False,False,False,False,False,True,False,True,False,False,False,False,True,True,False,True
PLD,Real Estate,REIT - Industrial,110.45,2025/06/22,249,100.0,"MA20, MA50, MA200, RSI, MACD, OBV, Trend",19.230769230769234,46.15384615384615,-26.92307692307692,0,0,False,True,False,False,False,True,False,False,False,False,False,True,False,True,False,False,False,False,True,True,False,True
CPRI,Consumer Cyclical,Luxury Goods,2.92,2025/06/22,249,100.0,"MA20, MA50, MA200, RSI, MACD, OBV, Trend",19.230769230769234,46.15384615384615,-26.92307692307692,0,0,False,True,False,False,False,False,False,False,False,False,True,True,False,True,False,False,True,False,True,True,False,False
SIRI,Communication Services,Entertainment,8.13,2025/06/22,249,100.0,"MA20, MA50, MA200, RSI, MACD, OBV, Trend",19.230769230769234,46.15384615384615,-26.92307692307692,0,0,False,True,False,False,False,False,False,False,False,False,True,True,False,True,False,False,True,False,True,True,False,False
BX,Financial Services,Asset Management,216.28,2025/06/22,249,100.0,"MA20, MA50, MA200, RSI, MACD, OBV, Trend",19.230769230769234,46.15384615384615,-26.92307692307692,0,0,False,True,False,False,False,False,False,False,False,False,True,True,False,True,False,False,True,False,True,True,False,False
TAL,Consumer Defensive,Education & Training Services,7.39,2025/06/22,249,100.0,"MA20, MA50, MA200, RSI, MACD, OBV, Trend",19.230769230769234,46.15384615384615,-26.92307692307692,0,0,False,True,False,False,False,False,False,False,False,False,True,True,False,True,False,False,True,False,True,True,False,False
RVMD,Healthcare,Biotechnology,7.94,2025/06/22,249,100.0,"MA20, MA50, MA200, RSI, MACD, OBV, Trend",19.230769230769234,46.15384615384615,-26.92307692307692,0,0,False,True,False,False,False,True,False,False,False,False,False,True,False,True,False,False,False,False,True,True,False,True
INDB,Financial Services,Banks - Regional,2.85,2025/06/22,249,100.0,"MA20, MA50, MA200, RSI, MACD, OBV, Trend",19.230769230769234,46.15384615384615,-26.92307692307692,0,1,False,True,False,False,False,True,False,False,False,False,False,True,False,True,False,False,False,False,True,True,False,True
LNW,Consumer Cyclical,Gambling,7.76,2025/06/22,249,100.0,"MA20, MA50, MA200, RSI, MACD, OBV, Trend",19.230769230769234,46.15384615384615,-26.92307692307692,0,1,False,True,False,False,False,True,False,False,False,False,False,True,False,True,False,False,False,False,True,True,False,True
OTEX,Technology,Software - Application,7.84,2025/06/22,249,100.0,"MA20, MA50, MA200, RSI, MACD, OBV, Trend",19.230769230769234,46.15384615384615,-26.92307692307692,0,0,False,True,False,False,False,True,False,False,False,False,False,True,False,True,False,False,False,False,True,True,False,True
PII,Consumer Cyclical,Recreational Vehicles,2.66,2025/06/22,249,100.0,"MA20, MA50, MA200, RSI, MACD, OBV, Trend",19.230769230769234,46.15384615384615,-26.92307692307692,0,0,False,True,False,False,False,True,False,False,False,False,False,True,False,True,False,False,False,False,True,True,False,True
AGI,Basic Materials,Gold,8.96,2025/06/22,249,100.0,"MA20, MA50, MA200, RSI, MACD, OBV, Trend",19.230769230769234,46.15384615384615,-26.92307692307692,0,0,False,False,True,False,False,True,False,False,False,False,False,True,True,False,False,False,False,False,True,True,False,True
KNX,Industrials,Trucking,9.24,2025/06/22,249,100.0,"MA20, MA50, MA200, RSI, MACD, OBV, Trend",19.230769230769234,46.15384615384615,-26.92307692307692,0,0,False,True,False,False,False,True,False,False,False,False,False,True,False,True,False,False,False,False,True,True,False,True
IPGP,Technology,Semiconductor Equipment & Materials,3.17,2025/06/22,249,100.0,"MA20, MA50, MA200, RSI, MACD, OBV, Trend",19.230769230769234,46.15384615384615,-26.92307692307692,0,1,False,True,False,False,False,True,False,False,False,False,False,True,False,True,False,False,False,False,True,True,False,True
SBCF,Financial Services,Banks - Regional,2.43,2025/06/22,249,100.0,"MA20, MA50, MA200, RSI, MACD, OBV, Trend",19.230769230769234,46.15384615384615,-26.92307692307692,0,0,False,True,False,False,False,False,False,False,False,False,True,True,False,True,False,False,True,False,True,True,False,False
STRA,Consumer Defensive,Education & Training Services,2.41,2025/06/22,249,100.0,"MA20, MA50, MA200, RSI, MACD, OBV, Trend",19.230769230769234,46.15384615384615,-26.92307692307692,1,0,False,True,False,False,False,False,False,False,False,False,True,True,False,True,False,False,True,False,True,True,False,False
NICE,Technology,Software - Application,10.46,2025/06/22,249,100.0,"MA20, MA50, MA200, RSI, MACD, OBV, Trend",19.230769230769234,46.15384615384615,-26.92307692307692,0,0,False,True,False,False,False,True,False,False,False,False,False,True,False,True,False,False,False,False,True,True,False,True
AUB,Financial Services,Banks - Regional,3.39,2025/06/22,249,100.0,"MA20, MA50, MA200, RSI, MACD, OBV, Trend",19.230769230769234,46.15384615384615,-26.92307692307692,0,1,False,True,False,False,False,True,False,False,False,False,False,True,False,True,False,False,False,False,True,True,False,True
KVYO,Technology,Software - Infrastructure,12.41,2025/06/22,249,100.0,"MA20, MA50, MA200, RSI, MACD, OBV, Trend",19.230769230769234,46.15384615384615,-26.92307692307692,0,0,False,True,False,False,False,True,False,False,False,False,False,True,False,True,False,False,False,False,True,True,False,True
CLH,Industrials,Waste Management,12.56,2025/06/22,249,100.0,"MA20, MA50, MA200, RSI, MACD, OBV, Trend",19.230769230769234,46.15384615384615,-26.92307692307692,0,0,False,True,False,False,False,False,False,True,False,False,False,True,False,True,False,False,True,False,False,True,False,True
AVY,Consumer Cyclical,Packaging & Containers,14.92,2025/06/22,249,100.0,"MA20, MA50, MA200, RSI, MACD, OBV, Trend",19.230769230769234,46.15384615384615,-26.92307692307692,1,0,False,True,False,False,False,True,False,False,False,False,False,True,False,True,False,False,False,False,True,True,False,True
TEVA,Healthcare,Drug Manufacturers - Specialty & Generic,20.16,2025/06/22,249,100.0,"MA20, MA50, MA200, RSI, MACD, OBV, Trend",19.230769230769234,46.15384615384615,-26.92307692307692,0,0,False,True,False,False,False,True,False,False,False,False,False,True,False,True,False,False,False,False,True,True,False,True
USA,Financial Services,Asset Management,2.01,2025/06/22,249,100.0,"MA20, MA50, MA200, RSI, MACD, OBV, Trend",19.230769230769234,46.15384615384615,-26.92307692307692,0,0,False,True,False,False,False,True,False,False,False,False,False,True,False,True,False,False,False,False,True,True,False,True
EBR,Utilities,Utilities - Renewable,14.18,2025/06/22,249,100.0,"MA20, MA50, MA200, RSI, MACD, OBV, Trend",19.230769230769234,46.15384615384615,-26.92307692307692,0,1,False,False,True,False,False,True,False,False,False,False,False,True,True,False,False,False,False,False,True,True,False,True
GGG,Industrials,Specialty Industrial Machinery,14.21,2025/06/22,249,100.0,"MA20, MA50, MA200, RSI, MACD, OBV, Trend",19.230769230769234,46.15384615384615,-26.92307692307692,0,1,False,True,False,False,False,True,False,False,False,False,False,True,False,True,False,False,False,False,True,True,False,True
FA,Industrials,Specialty Business Services,3.26,2025/06/22,249,100.0,"MA20, MA50, MA200, RSI, MACD, OBV, Trend",19.230769230769234,46.15384615384615,-26.92307692307692,0,0,False,True,False,False,False,True,False,False,False,False,False,True,False,True,False,False,False,False,True,True,False,True
BANR,Financial Services,Banks - Regional,2.44,2025/06/22,249,100.0,"MA20, MA50, MA200, RSI, MACD, OBV, Trend",19.230769230769234,46.15384615384615,-26.92307692307692,0,1,False,True,False,False,False,True,False,False,False,False,False,True,False,True,False,False,False,False,True,True,False,True
MPW,Real Estate,REIT - Healthcare Facilities,2.82,2025/06/22,249,100.0,"MA20, MA50, MA200, RSI, MACD, OBV, Trend",23.076923076923077,50.0,-26.923076923076923,0,0,False,False,False,False,False,True,False,False,True,False,True,True,True,True,False,False,False,False,True,False,True,False
ANET,Technology,Computer Hardware,145.16,2025/06/22,249,100.0,"MA20, MA50, MA200, RSI, MACD, OBV, Trend",23.076923076923077,50.0,-26.923076923076923,0,0,False,False,False,False,False,True,True,False,False,False,True,True,True,True,False,False,False,False,True,True,False,False
SRCE,Financial Services,Banks - Regional,1.54,2025/06/22,249,100.0,"MA20, MA50, MA200, RSI, MACD, OBV, Trend",26.923076923076923,53.84615384615385,-26.923076923076923,1,2,False,True,False,False,False,True,False,False,False,False,True,True,False,True,False,True,False,False,True,True,True,False
XEL,Utilities,Utilities - Regulated Electric,38.59,2025/06/22,249,100.0,"MA20, MA50, MA200, RSI, MACD, OBV, Trend",26.923076923076923,53.84615384615385,-26.923076923076923,1,0,False,False,True,False,False,True,True,False,False,False,False,True,True,False,False,False,False,False,True,True,True,True
LX,Financial Services,Credit Services,1.3,2025/06/22,249,100.0,"MA20, MA50, MA200, RSI, MACD, OBV, Trend",26.923076923076923,53.84615384615385,-26.923076923076923,0,1,False,False,True,False,False,True,True,False,False,False,False,True,True,False,False,False,False,False,True,True,True,True
WDAY,Technology,Software - Application,69.71,2025/06/22,249,100.0,"MA20, MA50, MA200, RSI, MACD, OBV, Trend",23.076923076923077,50.0,-26.923076923076923,0,0,False,False,False,False,False,True,True,False,False,False,True,True,True,True,False,False,False,False,True,True,False,False
LUNR,Industrials,Aerospace & Defense,2.01,2025/06/22,249,100.0,"MA20, MA50, MA200, RSI, MACD, OBV, Trend",26.923076923076923,53.84615384615385,-26.923076923076923,0,0,False,True,False,False,False,False,True,False,False,False,True,True,False,True,False,False,True,False,True,True,True,False
INGM,Technology,Information Technology Services,5.48,2025/06/22,163,76.92307692307693,"MA20, MA50, RSI, MACD, OBV, Trend",25.0,55.00000000000001,-30.000000000000007,0,1,False,True,,,False,True,False,False,False,False,False,True,False,,,False,False,True,True,True,False,True
STEW,Financial Services,Asset Management,1.6,2025/06/22,249,100.0,"MA20, MA50, MA200, RSI, MACD, OBV, Trend",30.76923076923077,61.53846153846154,-30.76923076923077,0,0,False,False,True,True,False,False,True,False,False,False,False,True,True,False,False,False,True,False,True,True,True,True
IMCR,Healthcare,Biotechnology,1.65,2025/06/22,249,100.0,"MA20, MA50, MA200, RSI, MACD, OBV, Trend",23.076923076923077,53.84615384615385,-30.76923076923077,0,0,False,False,True,True,False,False,False,False,False,False,False,True,True,False,False,False,True,False,True,True,False,True
CODI,Industrials,Conglomerates,1.63,2025/06/22,249,100.0,"MA20, MA50, MA200, RSI, MACD, OBV, Trend",23.076923076923077,53.84615384615385,-30.76923076923077,0,0,False,False,False,False,False,True,False,False,True,False,True,True,True,True,True,False,False,False,True,False,False,False
ENIC,Utilities,Utilities - Regulated Electric,4.21,2025/06/22,249,100.0,"MA20, MA50, MA200, RSI, MACD, OBV, Trend",23.076923076923077,53.84615384615385,-30.76923076923077,0,0,False,False,True,True,False,False,False,False,False,False,False,True,True,False,False,False,True,False,True,True,False,True
QNST,Communication Services,Advertising Agencies,1.33,2025/06/22,249,100.0,"MA20, MA50, MA200, RSI, MACD, OBV, Trend",23.076923076923077,53.84615384615385,-30.76923076923077,0,0,False,False,False,False,False,True,False,False,True,False,True,True,True,True,True,False,False,False,True,False,False,False
KLG,Consumer Defensive,Packaged Foods,1.43,2025/06/22,249,100.0,"MA20, MA50, MA200, RSI, MACD, OBV, Trend",23.076923076923077,53.84615384615385,-30.76923076923077,0,0,False,False,False,False,False,True,False,False,True,False,True,True,True,True,True,False,False,False,True,False,False,False
FI,Technology,Information Technology Services,122.91,2025/06/22,249,100.0,"MA20, MA50, MA200, RSI, MACD, OBV, Trend",23.076923076923077,53.84615384615385,-30.76923076923077,0,0,False,False,False,False,False,True,False,False,True,False,True,True,True,True,True,False,False,False,True,False,False,False
MA,Financial Services,Credit Services,517.37,2025/06/22,249,100.0,"MA20, MA50, MA200, RSI, MACD, OBV, Trend",30.76923076923077,61.53846153846154,-30.76923076923077,0,3,False,False,True,True,False,True,False,False,False,False,False,True,True,False,False,True,False,False,True,True,True,True
LLY,Healthcare,Drug Manufacturers - General,729.42,2025/06/22,249,100.0,"MA20, MA50, MA200, RSI, MACD, OBV, Trend",23.076923076923077,53.84615384615385,-30.76923076923077,0,0,False,False,False,False,False,True,False,False,True,False,True,True,True,True,True,False,False,False,True,False,False,False
VCYT,Healthcare,Diagnostics & Research,3.52,2025/06/22,249,100.0,"MA20, MA50, MA200, RSI, MACD, OBV, Trend",23.076923076923077,53.84615384615385,-30.76923076923077,0,0,False,False,False,False,False,True,False,False,True,False,True,True,True,True,True,False,False,False,True,False,False,False
APP,Technology,Software - Application,124.03,2025/06/22,249,100.0,"MA20, MA50, MA200, RSI, MACD, OBV, Trend",30.76923076923077,61.53846153846154,-30.76923076923077,0,0,False,False,True,True,False,False,True,False,False,False,False,True,True,False,False,False,True,False,True,True,True,True
DOC,Real Estate,REIT - Healthcare Facilities,14.45,2025/06/22,249,100.0,"MA20, MA50, MA200, RSI, MACD, OBV, Trend",23.076923076923077,53.84615384615385,-30.76923076923077,0,0,False,False,False,False,False,True,False,False,True,False,True,True,True,True,True,False,False,False,True,False,False,False
GTX,Consumer Cyclical,Auto Parts,2.05,2025/06/22,249,100.0,"MA20, MA50, MA200, RSI, MACD, OBV, Trend",23.076923076923077,53.84615384615385,-30.76923076923077,0,0,False,False,True,True,False,False,False,False,False,False,False,True,True,False,False,False,True,False,True,True,False,True
NSIT,Technology,Electronics & Computer Distribution,5.49,2025/06/22,249,100.0,"MA20, MA50, MA200, RSI, MACD, OBV, Trend",23.076923076923077,53.84615384615385,-30.76923076923077,0,1,False,False,False,False,False,True,False,False,True,False,True,True,True,True,True,False,False,False,True,False,False,False
FG,Financial Services,Insurance - Life,5.79,2025/06/22,249,100.0,"MA20, MA50, MA200, RSI, MACD, OBV, Trend",23.076923076923077,53.84615384615385,-30.76923076923077,0,0,False,False,False,False,False,True,False,False,True,False,True,True,True,True,True,False,False,False,True,False,False,False
UWMC,Financial Services,Mortgage Finance,9.87,2025/06/22,249,100.0,"MA20, MA50, MA200, RSI, MACD, OBV, Trend",23.076923076923077,53.84615384615385,-30.76923076923077,1,1,False,False,False,False,False,True,False,False,True,False,True,True,True,True,True,False,False,False,True,False,False,False
CNTA,Healthcare,Biotechnology,2.23,2025/06/22,249,100.0,"MA20, MA50, MA200, RSI, MACD, OBV, Trend",23.076923076923077,53.84615384615385,-30.76923076923077,0,0,False,False,False,False,False,True,False,False,True,False,True,True,True,True,True,False,False,False,True,False,False,False
BIRK,Consumer Cyclical,Footwear & Accessories,11.11,2025/06/22,249,100.0,"MA20, MA50, MA200, RSI, MACD, OBV, Trend",23.076923076923077,53.84615384615385,-30.76923076923077,0,0,False,False,True,True,False,False,False,False,False,False,False,True,True,False,False,False,True,False,True,True,False,True
MBC,Consumer Cyclical,"Furnishings, Fixtures & Appliances",2.2,2025/06/22,249,100.0,"MA20, MA50, MA200, RSI, MACD, OBV, Trend",23.076923076923077,53.84615384615385,-30.76923076923077,1,0,False,False,False,False,False,True,False,False,True,False,True,True,True,True,True,False,False,False,True,False,False,False
COKE,Consumer Defensive,Beverages - Non-Alcoholic,11.98,2025/06/22,249,100.0,"MA20, MA50, MA200, RSI, MACD, OBV, Trend",23.076923076923077,53.84615384615385,-30.76923076923077,0,0,False,False,False,False,False,True,False,False,True,False,True,True,True,True,True,False,False,False,True,False,False,False
VRE,Real Estate,REIT - Residential,1.76,2025/06/22,249,100.0,"MA20, MA50, MA200, RSI, MACD, OBV, Trend",23.076923076923077,53.84615384615385,-30.76923076923077,1,0,False,False,False,False,False,True,False,False,True,False,True,True,True,True,True,False,False,False,True,False,False,False
FYBR,Communication Services,Telecom Services,8.9,2025/06/22,249,100.0,"MA20, MA50, MA200, RSI, MACD, OBV, Trend",23.076923076923077,53.84615384615385,-30.76923076923077,0,0,False,False,True,True,False,False,False,False,False,False,False,True,True,False,False,False,True,False,True,True,False,True
WAY,Healthcare,Health Information Services,6.92,2025/06/22,249,100.0,"MA20, MA50, MA200, RSI, MACD, OBV, Trend",23.076923076923077,53.84615384615385,-30.76923076923077,0,0,False,False,True,True,False,False,False,False,False,False,False,True,True,False,False,False,True,False,True,True,False,True
CWT,Utilities,Utilities - Regulated Water,2.69,2025/06/22,249,100.0,"MA20, MA50, MA200, RSI, MACD, OBV, Trend",23.076923076923077,53.84615384615385,-30.76923076923077,1,0,False,False,False,False,False,True,False,False,True,False,True,True,True,True,True,False,False,False,True,False,False,False
PLMR,Financial Services,Insurance - Property & Casualty,2.85,2025/06/22,249,100.0,"MA20, MA50, MA200, RSI, MACD, OBV, Trend",23.076923076923077,53.84615384615385,-30.76923076923077,0,0,False,False,True,True,False,False,False,False,False,False,False,True,True,False,False,False,True,False,True,True,False,True
CORT,Healthcare,Biotechnology,7.01,2025/06/22,249,100.0,"MA20, MA50, MA200, RSI, MACD, OBV, Trend",23.076923076923077,53.84615384615385,-30.76923076923077,0,0,False,False,True,True,False,False,False,False,False,False,False,True,True,False,False,False,True,False,True,True,False,True
PEP,Consumer Defensive,Beverages - Non-Alcoholic,206.75,2025/06/22,249,100.0,"MA20, MA50, MA200, RSI, MACD, OBV, Trend",23.076923076923077,53.84615384615385,-30.76923076923077,0,0,False,False,False,False,False,True,False,False,True,False,True,True,True,True,True,False,False,False,True,False,False,False
BSX,Healthcare,Medical Devices,150.86,2025/06/22,249,100.0,"MA20, MA50, MA200, RSI, MACD, OBV, Trend",23.076923076923077,53.84615384615385,-30.76923076923077,0,0,False,False,True,True,False,False,False,False,False,False,False,True,True,False,False,False,True,False,True,True,False,True
CB,Financial Services,Insurance - Property & Casualty,108.94,2025/06/22,249,100.0,"MA20, MA50, MA200, RSI, MACD, OBV, Trend",30.76923076923077,61.53846153846154,-30.76923076923077,0,0,False,False,True,True,False,False,True,False,False,False,False,True,True,False,False,False,True,False,True,True,True,True
COUR,Consumer Defensive,Education & Training Services,1.22,2025/06/22,249,100.0,"MA20, MA50, MA200, RSI, MACD, OBV, Trend",30.76923076923077,61.53846153846154,-30.76923076923077,0,0,False,False,True,True,False,False,True,False,False,False,False,True,True,False,False,False,True,False,True,True,True,True
VZ,Communication Services,Telecom Services,165.82,2025/06/22,249,100.0,"MA20, MA50, MA200, RSI, MACD, OBV, Trend",19.230769230769234,53.84615384615385,-34.61538461538461,1,0,False,False,True,False,False,True,False,False,False,False,False,True,True,False,False,False,False,False,True,True,True,True
PG,Consumer Defensive,Household & Personal Products,389.22,2025/06/22,249,100.0,"MA20, MA50, MA200, RSI, MACD, OBV, Trend",23.076923076923077,57.692307692307686,-34.61538461538461,1,0,False,False,False,False,False,True,True,False,False,False,True,True,True,True,False,False,False,False,True,True,True,False
MORN,Financial Services,Financial Data & Stock Exchanges,14.09,2025/06/22,249,100.0,"MA20, MA50, MA200, RSI, MACD, OBV, Trend",19.230769230769234,53.84615384615385,-34.61538461538461,0,1,False,True,False,False,False,True,False,False,False,False,False,True,False,True,False,False,False,False,True,True,True,True
SWK,Industrials,Tools & Accessories,13.58,2025/06/22,249,100.0,"MA20, MA50, MA200, RSI, MACD, OBV, Trend",19.230769230769234,53.84615384615385,-34.61538461538461,0,0,False,True,False,False,False,True,False,False,False,False,False,True,False,True,False,False,False,True,True,True,False,True
KO,Consumer Defensive,Beverages - Non-Alcoholic,275.91,2025/06/22,249,100.0,"MA20, MA50, MA200, RSI, MACD, OBV, Trend",19.230769230769234,53.84615384615385,-34.61538461538461,0,1,False,False,True,False,False,True,False,False,False,False,False,True,True,False,False,False,False,False,True,True,True,True
HOG,Consumer Cyclical,Recreational Vehicles,3.45,2025/06/22,249,100.0,"MA20, MA50, MA200, RSI, MACD, OBV, Trend",15.384615384615385,50.0,-34.61538461538461,0,0,False,False,False,False,False,True,False,False,False,False,True,True,True,True,False,False,False,False,True,True,False,False
CCU,Consumer Defensive,Beverages - Brewers,2.24,2025/06/22,249,100.0,"MA20, MA50, MA200, RSI, MACD, OBV, Trend",19.230769230769234,53.84615384615385,-34.61538461538461,0,0,False,False,True,False,False,False,True,False,False,False,False,True,True,False,False,False,True,False,False,True,True,True
ZD,Communication Services,Advertising Agencies,2.3,2025/06/22,249,100.0,"MA20, MA50, MA200, RSI, MACD, OBV, Trend",15.384615384615385,50.0,-34.61538461538461,0,0,False,False,False,False,False,True,False,False,False,False,True,True,True,True,False,False,False,False,True,True,False,False
DBRG,Real Estate,Real Estate Services,2.05,2025/06/22,249,100.0,"MA20, MA50, MA200, RSI, MACD, OBV, Trend",19.230769230769234,53.84615384615385,-34.61538461538461,0,0,False,True,False,False,False,True,False,False,False,False,False,True,False,True,False,False,False,False,True,True,True,True
MOH,Healthcare,Healthcare Plans,17.76,2025/06/22,249,100.0,"MA20, MA50, MA200, RSI, MACD, OBV, Trend",15.384615384615385,50.0,-34.61538461538461,0,0,False,False,False,False,False,True,False,False,True,False,False,True,True,True,False,False,False,False,True,False,False,True
SFBS,Financial Services,Banks - Regional,4.95,2025/06/22,249,100.0,"MA20, MA50, MA200, RSI, MACD, OBV, Trend",15.384615384615385,50.0,-34.61538461538461,1,0,False,False,False,False,False,True,False,False,False,False,True,True,True,True,False,False,False,False,True,True,False,False
WVE,Healthcare,Biotechnology,1.76,2025/06/22,249,100.0,"MA20, MA50, MA200, RSI, MACD, OBV, Trend",15.384615384615385,50.0,-34.61538461538461,0,0,False,False,False,False,False,False,False,False,True,False,True,True,True,True,False,False,True,False,True,False,False,False
HASI,Real Estate,Real Estate Services,3.37,2025/06/22,249,100.0,"MA20, MA50, MA200, RSI, MACD, OBV, Trend",15.384615384615385,50.0,-34.61538461538461,0,1,False,False,False,False,False,True,False,False,True,False,False,True,True,True,False,False,False,False,True,False,False,True
TTD,Technology,Software - Application,58.58,2025/06/22,249,100.0,"MA20, MA50, MA200, RSI, MACD, OBV, Trend",19.230769230769234,53.84615384615385,-34.61538461538461,0,0,False,True,False,False,False,True,False,False,False,False,False,True,False,True,False,False,False,False,True,True,True,True
CXW,Industrials,Security & Protection Services,2.28,2025/06/22,249,100.0,"MA20, MA50, MA200, RSI, MACD, OBV, Trend",19.230769230769234,53.84615384615385,-34.61538461538461,0,0,False,False,True,False,False,True,False,False,False,False,False,True,True,False,False,False,False,False,True,True,True,True
PSNY,Consumer Cyclical,Auto Manufacturers,2.19,2025/06/22,249,100.0,"MA20, MA50, MA200, RSI, MACD, OBV, Trend",15.384615384615385,50.0,-34.61538461538461,0,1,False,False,False,False,False,True,False,False,True,False,False,True,True,True,False,False,False,False,True,False,False,True
TSEM,Technology,Semiconductors,5.43,2025/06/22,249,100.0,"MA20, MA50, MA200, RSI, MACD, OBV, Trend",19.230769230769234,53.84615384615385,-34.61538461538461,0,2,False,True,False,False,False,True,False,False,False,False,False,True,False,True,False,True,False,False,True,True,False,True
BOKF,Financial Services,Banks - Regional,7.08,2025/06/22,249,100.0,"MA20, MA50, MA200, RSI, MACD, OBV, Trend",15.384615384615385,50.0,-34.61538461538461,1,0,False,False,False,False,False,True,False,False,False,False,True,True,True,True,False,False,False,False,True,True,False,False
ONB,Financial Services,Banks - Regional,7.61,2025/06/22,249,100.0,"MA20, MA50, MA200, RSI, MACD, OBV, Trend",15.384615384615385,50.0,-34.61538461538461,0,0,False,False,False,False,False,True,False,False,False,False,True,True,True,True,False,False,False,False,True,True,False,False
FMC,Basic Materials,Agricultural Inputs,6.96,2025/06/22,249,100.0,"MA20, MA50, MA200, RSI, MACD, OBV, Trend",19.230769230769234,53.84615384615385,-34.61538461538461,0,0,False,True,False,False,False,False,False,True,False,False,False,True,False,True,False,False,True,True,False,True,False,True
YETI,Consumer Cyclical,Leisure,3.16,2025/06/22,249,100.0,"MA20, MA50, MA200, RSI, MACD, OBV, Trend",15.384615384615385,50.0,-34.61538461538461,0,0,False,False,False,False,False,True,False,False,False,False,True,True,True,True,False,False,False,False,True,True,False,False
BIIB,Healthcare,Drug Manufacturers - General,20.97,2025/06/22,249,100.0,"MA20, MA50, MA200, RSI, MACD, OBV, Trend",19.230769230769234,53.84615384615385,-34.61538461538461,0,0,False,True,False,False,False,True,False,False,False,False,False,True,False,True,False,False,False,True,True,True,False,True
USM,Communication Services,Telecom Services,5.34,2025/06/22,249,100.0,"MA20, MA50, MA200, RSI, MACD, OBV, Trend",15.384615384615385,50.0,-34.61538461538461,0,0,False,False,False,False,False,True,False,False,False,False,True,True,True,True,False,False,False,False,True,True,False,False
DAY,Technology,Software - Application,11.16,2025/06/22,249,100.0,"MA20, MA50, MA200, RSI, MACD, OBV, Trend",15.384615384615385,50.0,-34.61538461538461,0,0,False,False,False,False,False,True,False,False,False,False,True,True,True,True,False,False,False,False,True,True,False,False
TTC,Industrials,Tools & Accessories,8.43,2025/06/22,249,100.0,"MA20, MA50, MA200, RSI, MACD, OBV, Trend",15.384615384615385,50.0,-34.61538461538461,1,0,False,False,False,False,False,True,False,False,False,False,True,True,True,True,False,False,False,False,True,True,False,False
DAL,Industrials,Airlines,43.41,2025/06/22,249,100.0,"MA20, MA50, MA200, RSI, MACD, OBV, Trend",19.230769230769234,53.84615384615385,-34.61538461538461,0,0,False,True,False,False,False,True,False,False,False,False,False,True,False,True,False,False,False,True,True,True,False,True
TPL,Energy,Oil & Gas E&P,29.8,2025/06/22,249,100.0,"MA20, MA50, MA200, RSI, MACD, OBV, Trend",15.384615384615385,50.0,-34.61538461538461,0,0,False,False,False,False,False,True,False,False,True,False,False,True,True,True,False,False,False,False,True,False,False,True
RDNT,Healthcare,Diagnostics & Research,4.85,2025/06/22,249,100.0,"MA20, MA50, MA200, RSI, MACD, OBV, Trend",15.384615384615385,50.0,-34.61538461538461,0,0,False,False,False,False,False,True,False,False,False,False,True,True,True,True,False,False,False,False,True,True,False,False
NJR,Utilities,Utilities - Regulated Gas,4.78,2025/06/22,249,100.0,"MA20, MA50, MA200, RSI, MACD, OBV, Trend",15.384615384615385,50.0,-34.61538461538461,0,0,False,False,False,False,False,True,False,False,True,False,False,True,True,True,False,False,False,False,True,False,False,True
CPAY,Technology,Software - Infrastructure,26.52,2025/06/22,249,100.0,"MA20, MA50, MA200, RSI, MACD, OBV, Trend",15.384615384615385,50.0,-34.61538461538461,0,0,False,False,False,False,False,True,False,False,False,False,True,True,True,True,False,False,False,False,True,True,False,False
CHD,Consumer Defensive,Household & Personal Products,25.85,2025/06/22,249,100.0,"MA20, MA50, MA200, RSI, MACD, OBV, Trend",15.384615384615385,50.0,-34.61538461538461,0,0,False,False,False,False,False,True,False,False,False,False,True,True,True,True,False,False,False,False,True,True,False,False
TROX,Basic Materials,Chemicals,1.62,2025/06/22,249,100.0,"MA20, MA50, MA200, RSI, MACD, OBV, Trend",15.384615384615385,50.0,-34.61538461538461,0,0,False,False,False,False,False,True,False,False,False,False,True,True,True,True,False,False,False,False,True,True,False,False
EXAS,Healthcare,Diagnostics & Research,10.37,2025/06/22,249,100.0,"MA20, MA50, MA200, RSI, MACD, OBV, Trend",19.230769230769234,53.84615384615385,-34.61538461538461,0,0,False,True,False,False,False,True,False,False,False,False,False,True,False,True,False,False,False,False,True,True,True,True
VLTO,Industrials,Pollution & Treatment Controls,25.57,2025/06/22,249,100.0,"MA20, MA50, MA200, RSI, MACD, OBV, Trend",19.230769230769234,53.84615384615385,-34.61538461538461,0,1,False,True,False,False,False,True,False,False,False,False,False,True,False,True,False,False,False,False,True,True,True,True
ATR,Healthcare,Medical Instruments & Supplies,10.52,2025/06/22,249,100.0,"MA20, MA50, MA200, RSI, MACD, OBV, Trend",15.384615384615385,50.0,-34.61538461538461,0,0,False,False,False,False,False,True,False,False,False,False,True,True,True,True,False,False,False,False,True,True,False,False
AIT,Industrials,Industrial Distribution,9.98,2025/06/22,249,100.0,"MA20, MA50, MA200, RSI, MACD, OBV, Trend",15.384615384615385,50.0,-34.61538461538461,0,0,False,False,False,False,False,True,False,False,False,False,True,True,True,True,False,False,False,False,True,True,False,False
PRI,Financial Services,Insurance - Life,9.68,2025/06/22,249,100.0,"MA20, MA50, MA200, RSI, MACD, OBV, Trend",23.076923076923077,57.692307692307686,-34.61538461538461,1,0,False,False,False,False,False,True,True,False,False,False,True,True,True,True,False,False,False,False,True,True,True,False
OGS,Utilities,Utilities - Regulated Gas,4.0,2025/06/22,249,100.0,"MA20, MA50, MA200, RSI, MACD, OBV, Trend",23.076923076923077,57.692307692307686,-34.61538461538461,1,0,False,False,False,False,False,True,True,False,False,False,True,True,True,True,False,False,False,False,True,True,True,False
NSSC,Industrials,Security & Protection Services,1.35,2025/06/22,249,100.0,"MA20, MA50, MA200, RSI, MACD, OBV, Trend",19.230769230769234,53.84615384615385,-34.61538461538461,0,0,False,True,False,False,False,True,False,False,False,False,False,True,False,True,False,False,False,False,True,True,True,True
XPEV,Consumer Cyclical,Auto Manufacturers,14.35,2025/06/22,249,100.0,"MA20, MA50, MA200, RSI, MACD, OBV, Trend",19.230769230769234,53.84615384615385,-34.61538461538461,0,0,False,False,True,False,False,False,True,False,False,False,False,True,True,False,False,False,True,False,True,True,False,True
BAX,Healthcare,Medical Instruments & Supplies,16.62,2025/06/22,249,100.0,"MA20, MA50, MA200, RSI, MACD, OBV, Trend",15.384615384615385,50.0,-34.61538461538461,0,0,False,False,False,False,False,True,False,False,False,False,True,True,True,True,False,False,False,False,True,True,False,False
NOMD,Consumer Defensive,Packaged Foods,2.87,2025/06/22,249,100.0,"MA20, MA50, MA200, RSI, MACD, OBV, Trend",15.384615384615385,50.0,-34.61538461538461,0,0,False,False,False,False,False,True,False,False,True,False,False,True,True,True,False,False,False,False,True,False,False,True
SYRE,Healthcare,Biotechnology,1.39,2025/06/22,249,100.0,"MA20, MA50, MA200, RSI, MACD, OBV, Trend",19.230769230769234,53.84615384615385,-34.61538461538461,0,3,False,True,False,False,False,True,False,False,False,False,False,True,False,True,False,True,False,False,True,True,False,True
SUN,Energy,Oil & Gas Refining & Marketing,7.66,2025/06/22,249,100.0,"MA20, MA50, MA200, RSI, MACD, OBV, Trend",19.230769230769234,53.84615384615385,-34.61538461538461,0,0,False,False,True,False,False,True,False,False,False,False,False,True,True,False,False,False,False,False,True,True,True,True
ALHC,Healthcare,Healthcare Plans,2.95,2025/06/22,249,100.0,"MA20, MA50, MA200, RSI, MACD, OBV, Trend",19.230769230769234,53.84615384615385,-34.61538461538461,0,1,False,False,True,False,False,True,False,False,False,False,False,True,True,False,False,False,False,False,True,True,True,True
ZTS,Healthcare,Drug Manufacturers - Specialty & Generic,77.1,2025/06/22,249,100.0,"MA20, MA50, MA200, RSI, MACD, OBV, Trend",15.384615384615385,50.0,-34.61538461538461,0,0,False,False,False,False,False,True,False,False,False,False,True,True,True,True,False,False,False,False,True,True,False,False
CNO,Financial Services,Insurance - Life,4.14,2025/06/22,249,100.0,"MA20, MA50, MA200, RSI, MACD, OBV, Trend",15.384615384615385,50.0,-34.61538461538461,1,0,False,False,False,False,False,True,False,False,False,False,True,True,True,True,False,False,False,False,True,True,False,False
MLKN,Consumer Cyclical,"Furnishings, Fixtures & Appliances",1.53,2025/06/22,249,100.0,"MA20, MA50, MA200, RSI, MACD, OBV, Trend",19.230769230769234,53.84615384615385,-34.61538461538461,0,0,False,True,False,False,False,True,False,False,False,False,False,True,False,True,False,False,False,True,True,True,False,True
EFX,Industrials,Consulting Services,34.06,2025/06/22,249,100.0,"MA20, MA50, MA200, RSI, MACD, OBV, Trend",15.384615384615385,50.0,-34.61538461538461,1,0,False,False,False,False,False,True,False,False,False,False,True,True,True,True,False,False,False,False,True,True,False,False
TJX,Consumer Cyclical,Apparel Retail,140.28,2025/06/22,249,100.0,"MA20, MA50, MA200, RSI, MACD, OBV, Trend",19.230769230769234,53.84615384615385,-34.61538461538461,0,0,False,False,True,False,False,True,False,False,False,False,False,True,True,False,False,False,False,False,True,True,True,True
HALO,Healthcare,Biotechnology,7.21,2025/06/22,249,100.0,"MA20, MA50, MA200, RSI, MACD, OBV, Trend",15.384615384615385,50.0,-34.61538461538461,0,1,False,False,False,False,False,True,False,False,True,False,False,True,True,True,False,False,False,False,True,False,False,True
EXC,Utilities,Utilities - Regulated Electric,40.19,2025/06/22,249,100.0,"MA20, MA50, MA200, RSI, MACD, OBV, Trend",19.230769230769234,53.84615384615385,-34.61538461538461,0,0,False,False,True,False,False,False,True,False,False,False,False,True,True,False,False,False,True,False,True,True,False,True
KC,Technology,Software - Application,2.99,2025/06/22,249,100.0,"MA20, MA50, MA200, RSI, MACD, OBV, Trend",19.230769230769234,53.84615384615385,-34.61538461538461,0,0,False,False,True,False,False,False,True,False,False,False,False,True,True,False,False,False,True,False,True,True,False,True
ANF,Consumer Cyclical,Apparel Retail,6.01,2025/06/22,249,100.0,"MA20, MA50, MA200, RSI, MACD, OBV, Trend",19.230769230769234,53.84615384615385,-34.61538461538461,0,0,False,True,False,False,False,False,False,True,False,False,False,True,False,True,False,False,True,True,False,True,False,True
LSTR,Industrials,Integrated Freight & Logistics,5.82,2025/06/22,249,100.0,"MA20, MA50, MA200, RSI, MACD, OBV, Trend",15.384615384615385,50.0,-34.61538461538461,0,0,False,False,False,False,False,True,False,False,False,False,True,True,True,True,False,False,False,False,True,True,False,False
EPAC,Industrials,Specialty Industrial Machinery,2.46,2025/06/22,249,100.0,"MA20, MA50, MA200, RSI, MACD, OBV, Trend",19.230769230769234,53.84615384615385,-34.61538461538461,1,0,False,True,False,False,False,False,False,False,False,False,True,True,False,True,False,False,True,False,True,True,True,False
AGL,Healthcare,Medical Care Facilities,1.48,2025/06/22,249,100.0,"MA20, MA50, MA200, RSI, MACD, OBV, Trend",15.384615384615385,50.0,-34.61538461538461,0,0,False,False,False,False,False,True,False,False,True,False,False,True,True,True,False,False,False,False,True,False,False,True
KSS,Consumer Cyclical,Department Stores,1.47,2025/06/22,249,100.0,"MA20, MA50, MA200, RSI, MACD, OBV, Trend",19.230769230769234,53.84615384615385,-34.61538461538461,0,0,False,True,False,False,False,False,False,True,False,False,False,True,False,True,False,False,True,True,False,True,False,True
ABCB,Financial Services,Banks - Regional,4.53,2025/06/22,249,100.0,"MA20, MA50, MA200, RSI, MACD, OBV, Trend",19.230769230769234,53.84615384615385,-34.61538461538461,0,0,False,True,False,False,False,True,False,False,False,False,False,True,False,True,False,False,False,False,True,True,True,True
CTS,Technology,Electronic Components,1.54,2025/06/22,249,100.0,"MA20, MA50, MA200, RSI, MACD, OBV, Trend",19.230769230769234,53.84615384615385,-34.61538461538461,0,1,False,True,False,False,False,True,False,False,False,False,False,True,False,True,False,False,False,True,True,True,False,True
MIDD,Industrials,Specialty Industrial Machinery,9.21,2025/06/22,249,100.0,"MA20, MA50, MA200, RSI, MACD, OBV, Trend",19.230769230769234,53.84615384615385,-34.61538461538461,0,0,False,True,False,False,False,True,False,False,False,False,False,True,False,True,False,False,False,False,True,True,True,True
VRNT,Technology,Software - Infrastructure,1.58,2025/06/22,249,100.0,"MA20, MA50, MA200, RSI, MACD, OBV, Trend",15.384615384615385,50.0,-34.61538461538461,0,1,False,False,False,False,False,True,False,False,False,False,True,True,True,True,False,False,False,False,True,True,False,False
ARWR,Healthcare,Biotechnology,2.49,2025/06/22,249,100.0,"MA20, MA50, MA200, RSI, MACD, OBV, Trend",19.230769230769234,53.84615384615385,-34.61538461538461,0,0,False,True,False,False,False,True,False,False,False,False,False,True,False,True,False,False,False,True,True,True,False,True
MRX,Financial Services,Capital Markets,2.51,2025/06/22,249,100.0,"MA20, MA50, MA200, RSI, MACD, OBV, Trend",19.230769230769234,53.84615384615385,-34.61538461538461,0,0,False,False,True,False,False,False,True,False,False,False,False,True,True,False,False,False,True,False,True,True,False,True
CQP,Energy,Oil & Gas Midstream,30.64,2025/06/22,249,100.0,"MA20, MA50, MA200, RSI, MACD, OBV, Trend",19.230769230769234,53.84615384615385,-34.61538461538461,0,1,False,False,True,False,False,True,False,False,False,False,False,True,True,False,False,False,False,False,True,True,True,True
CBSH,Financial Services,Banks - Regional,8.99,2025/06/22,249,100.0,"MA20, MA50, MA200, RSI, MACD, OBV, Trend",23.076923076923077,57.692307692307686,-34.61538461538461,0,0,False,False,False,False,False,True,True,False,False,False,True,True,True,True,False,False,False,False,True,True,True,False
PI,Technology,Semiconductors,3.59,2025/06/22,249,100.0,"MA20, MA50, MA200, RSI, MACD, OBV, Trend",19.230769230769234,53.84615384615385,-34.61538461538461,0,0,False,True,False,False,False,True,False,False,False,False,False,True,False,True,False,False,False,False,True,True,True,True
SEE,Consumer Cyclical,Packaging & Containers,5.07,2025/06/22,249,100.0,"MA20, MA50, MA200, RSI, MACD, OBV, Trend",19.230769230769234,53.84615384615385,-34.61538461538461,0,0,False,True,False,False,False,True,False,False,False,False,False,True,False,True,False,False,False,False,True,True,True,True
PCH,Real Estate,REIT - Specialty,3.52,2025/06/22,249,100.0,"MA20, MA50, MA200, RSI, MACD, OBV, Trend",15.384615384615385,50.0,-34.61538461538461,0,0,False,False,False,False,False,True,False,False,False,False,True,True,True,True,False,False,False,False,True,True,False,False
UCB,Financial Services,Banks - Regional,3.96,2025/06/22,249,100.0,"MA20, MA50, MA200, RSI, MACD, OBV, Trend",19.230769230769234,53.84615384615385,-34.61538461538461,0,1,False,True,False,False,False,True,False,False,False,False,False,True,False,True,False,False,False,False,True,True,True,True
SCS,Consumer Cyclical,"Furnishings, Fixtures & Appliances",1.31,2025/06/22,249,100.0,"MA20, MA50, MA200, RSI, MACD, OBV, Trend",19.230769230769234,53.84615384615385,-34.61538461538461,0,2,False,True,False,False,False,True,False,False,False,False,False,True,False,True,False,True,False,False,True,True,False,True
HP,Energy,Oil & Gas Drilling,3.18,2025/06/22,249,100.0,"MA20, MA50, MA200, RSI, MACD, OBV, Trend",19.230769230769234,57.692307692307686,-38.46153846153845,0,0,True,False,False,False,False,False,False,False,True,False,False,False,True,True,True,False,True,False,True,False,False,True
FIZZ,Consumer Defensive,Beverages - Non-Alcoholic,3.94,2025/06/22,249,100.0,"MA20, MA50, MA200, RSI, MACD, OBV, Trend",19.230769230769234,57.692307692307686,-38.46153846153845,0,1,False,False,False,True,False,True,False,False,False,False,False,True,True,True,False,False,False,False,True,True,False,True
TGLS,Basic Materials,Building Materials,3.57,2025/06/22,249,100.0,"MA20, MA50, MA200, RSI, MACD, OBV, Trend",19.230769230769234,57.692307692307686,-38.46153846153845,0,1,False,False,False,True,False,True,False,False,False,False,False,True,True,True,False,False,False,False,False,True,True,True
LBTYA,Communication Services,Telecom Services,4.17,2025/06/22,249,100.0,"MA20, MA50, MA200, RSI, MACD, OBV, Trend",19.230769230769234,57.692307692307686,-38.46153846153845,0,0,True,False,False,False,False,False,False,False,True,False,False,False,True,True,True,False,True,False,True,False,False,True
ENTG,Technology,Semiconductor Equipment & Materials,15.33,2025/06/22,249,100.0,"MA20, MA50, MA200, RSI, MACD, OBV, Trend",19.230769230769234,57.692307692307686,-38.46153846153845,0,0,True,False,False,False,False,False,False,False,True,False,False,False,True,True,True,False,True,False,True,False,False,True
IPG,Communication Services,Advertising Agencies,10.68,2025/06/22,249,100.0,"MA20, MA50, MA200, RSI, MACD, OBV, Trend",19.230769230769234,57.692307692307686,-38.46153846153845,0,1,True,False,False,False,False,False,False,False,True,False,False,False,True,True,True,False,True,False,True,False,False,True
MD,Healthcare,Medical Care Facilities,1.2,2025/06/22,249,100.0,"MA20, MA50, MA200, RSI, MACD, OBV, Trend",19.230769230769234,57.692307692307686,-38.46153846153845,0,0,False,False,False,True,False,True,False,False,False,False,False,True,True,True,False,False,False,False,True,True,False,True
STLD,Basic Materials,Steel,19.52,2025/06/22,249,100.0,"MA20, MA50, MA200, RSI, MACD, OBV, Trend",19.230769230769234,57.692307692307686,-38.46153846153845,0,1,False,False,False,True,False,True,False,False,False,False,False,True,True,True,False,False,False,False,True,True,False,True
AAPL,Technology,Consumer Electronics,3545.22,2025/06/22,249,100.0,"MA20, MA50, MA200, RSI, MACD, OBV, Trend",19.230769230769234,57.692307692307686,-38.46153846153845,0,0,True,False,False,False,False,False,False,False,False,False,True,False,True,True,True,False,True,False,True,True,False,False
UPWK,Communication Services,Internet Content & Information,2.11,2025/06/22,249,100.0,"MA20, MA50, MA200, RSI, MACD, OBV, Trend",19.230769230769234,57.692307692307686,-38.46153846153845,0,0,False,False,False,True,False,True,False,False,False,False,False,True,True,True,False,False,False,False,False,True,True,True
NSP,Industrials,Staffing & Employment Services,2.8,2025/06/22,249,100.0,"MA20, MA50, MA200, RSI, MACD, OBV, Trend",15.384615384615385,53.84615384615385,-38.46153846153846,0,0,False,False,False,False,False,True,False,False,True,False,False,True,True,True,True,False,False,False,False,False,False,True
SDHC,Real Estate,Real Estate - Development,1.24,2025/06/22,249,100.0,"MA20, MA50, MA200, RSI, MACD, OBV, Trend",23.076923076923077,61.53846153846154,-38.46153846153847,3,0,False,False,False,False,True,True,False,False,False,False,True,True,True,True,True,False,False,False,True,True,False,False
EXLS,Technology,Information Technology Services,8.09,2025/06/22,249,100.0,"MA20, MA50, MA200, RSI, MACD, OBV, Trend",26.923076923076923,65.38461538461539,-38.46153846153847,0,1,False,False,False,True,False,True,False,False,False,True,False,True,True,True,False,False,False,False,True,True,True,True
LQDA,Healthcare,Biotechnology,1.2,2025/06/22,249,100.0,"MA20, MA50, MA200, RSI, MACD, OBV, Trend",23.076923076923077,61.53846153846154,-38.46153846153847,0,1,False,False,True,True,False,False,False,False,False,False,False,True,True,False,False,False,True,False,True,True,True,True
FBP,Financial Services,Banks - Regional,3.4,2025/06/22,249,100.0,"MA20, MA50, MA200, RSI, MACD, OBV, Trend",26.923076923076923,65.38461538461539,-38.46153846153847,0,0,False,False,False,True,False,True,True,False,False,False,False,True,True,True,False,False,False,False,True,True,True,True
CLOV,Healthcare,Healthcare Plans,2.2,2025/06/22,249,100.0,"MA20, MA50, MA200, RSI, MACD, OBV, Trend",23.076923076923077,61.53846153846154,-38.46153846153847,0,0,False,False,False,False,False,True,False,False,True,False,True,True,True,True,True,False,False,False,True,False,True,False
IRS,Real Estate,Real Estate Services,1.25,2025/06/22,249,100.0,"MA20, MA50, MA200, RSI, MACD, OBV, Trend",23.076923076923077,61.53846153846154,-38.46153846153847,0,0,False,False,True,True,False,False,False,False,False,False,False,True,True,False,False,False,True,False,True,True,True,True
TMO,Healthcare,Diagnostics & Research,228.64,2025/06/22,249,100.0,"MA20, MA50, MA200, RSI, MACD, OBV, Trend",23.076923076923077,61.53846153846154,-38.46153846153847,0,0,False,False,False,False,False,True,False,False,True,False,True,True,True,True,True,False,False,False,True,False,True,False
BLTE,Healthcare,Biotechnology,1.85,2025/06/22,249,100.0,"MA20, MA50, MA200, RSI, MACD, OBV, Trend",26.923076923076923,65.38461538461539,-38.46153846153847,1,0,False,False,False,True,False,False,True,False,False,False,True,True,True,True,False,False,True,False,True,True,True,False
ATEC,Healthcare,Medical Devices,1.67,2025/06/22,249,100.0,"MA20, MA50, MA200, RSI, MACD, OBV, Trend",23.076923076923077,61.53846153846154,-38.46153846153847,0,1,False,False,True,True,False,False,False,False,False,False,False,True,True,False,False,False,True,False,True,True,True,True
CNR,Energy,Thermal Coal,4.82,2025/06/22,249,100.0,"MA20, MA50, MA200, RSI, MACD, OBV, Trend",23.076923076923077,61.53846153846154,-38.46153846153847,0,1,False,False,False,False,False,True,False,False,True,True,False,True,True,True,True,False,False,False,True,False,False,True
LI,Consumer Cyclical,Auto Manufacturers,24.47,2025/06/22,249,100.0,"MA20, MA50, MA200, RSI, MACD, OBV, Trend",23.076923076923077,61.53846153846154,-38.46153846153847,0,0,False,False,True,True,False,False,False,False,False,False,False,True,True,False,False,False,True,False,True,True,True,True
CCS,Real Estate,Real Estate - Development,2.42,2025/06/22,249,100.0,"MA20, MA50, MA200, RSI, MACD, OBV, Trend",23.076923076923077,61.53846153846154,-38.46153846153847,0,0,False,False,False,False,False,True,False,False,True,False,True,True,True,True,True,False,False,True,True,False,False,False
OTIS,Industrials,Specialty Industrial Machinery,38.12,2025/06/22,249,100.0,"MA20, MA50, MA200, RSI, MACD, OBV, Trend",23.076923076923077,61.53846153846154,-38.46153846153847,0,1,False,False,False,False,False,True,True,False,False,False,True,True,True,True,True,False,False,False,True,True,False,False
ASR,Industrials,Airports & Air Services,8.34,2025/06/22,249,100.0,"MA20, MA50, MA200, RSI, MACD, OBV, Trend",23.076923076923077,61.53846153846154,-38.46153846153847,0,1,False,False,True,True,False,False,False,False,False,False,False,True,True,False,False,False,True,False,True,True,True,True
CPRX,Healthcare,Biotechnology,2.69,2025/06/22,249,100.0,"MA20, MA50, MA200, RSI, MACD, OBV, Trend",23.076923076923077,61.53846153846154,-38.46153846153847,0,0,False,False,True,True,False,False,False,False,False,False,False,True,True,False,False,False,True,False,True,True,True,True
GO,Consumer Defensive,Grocery Stores,1.57,2025/06/22,249,100.0,"MA20, MA50, MA200, RSI, MACD, OBV, Trend",23.076923076923077,61.53846153846154,-38.46153846153847,0,0,False,False,False,False,False,True,False,False,True,False,True,True,True,True,True,False,False,False,True,False,True,False
BMY,Healthcare,Drug Manufacturers - General,119.95,2025/06/22,249,100.0,"MA20, MA50, MA200, RSI, MACD, OBV, Trend",23.076923076923077,61.53846153846154,-38.46153846153847,1,0,False,False,False,False,False,True,True,False,False,False,True,True,True,True,True,False,False,False,True,True,False,False
KARO,Technology,Software - Application,1.43,2025/06/22,249,100.0,"MA20, MA50, MA200, RSI, MACD, OBV, Trend",23.076923076923077,61.53846153846154,-38.46153846153847,1,2,False,False,True,True,False,False,False,False,False,False,False,True,True,False,False,True,True,False,True,True,False,True
RACE,Consumer Cyclical,Auto Manufacturers,76.97,2025/06/22,249,100.0,"MA20, MA50, MA200, RSI, MACD, OBV, Trend",23.076923076923077,61.53846153846154,-38.46153846153847,0,0,False,False,True,True,False,False,False,False,False,False,False,True,True,False,False,False,True,False,True,True,True,True
OCSL,Financial Services,Asset Management,1.32,2025/06/22,249,100.0,"MA20, MA50, MA200, RSI, MACD, OBV, Trend",15.384615384615385,57.692307692307686,-42.3076923076923,0,0,False,False,False,False,False,True,False,False,False,False,True,True,True,True,False,False,False,True,True,True,False,False
SMMT,Healthcare,Biotechnology,15.86,2025/06/22,249,100.0,"MA20, MA50, MA200, RSI, MACD, OBV, Trend",15.384615384615385,57.692307692307686,-42.3076923076923,0,0,False,False,False,False,False,False,True,False,False,False,True,True,True,True,False,False,True,False,True,True,False,False
AVA,Utilities,Utilities - Diversified,2.9,2025/06/22,249,100.0,"MA20, MA50, MA200, RSI, MACD, OBV, Trend",15.384615384615385,57.692307692307686,-42.3076923076923,0,1,False,False,False,False,False,True,False,False,True,False,False,True,True,True,False,False,False,False,True,False,True,True
HLIT,Technology,Communication Equipment,1.31,2025/06/22,249,100.0,"MA20, MA50, MA200, RSI, MACD, OBV, Trend",15.384615384615385,57.692307692307686,-42.3076923076923,1,0,False,False,False,False,False,True,False,False,False,False,True,True,True,True,False,False,False,False,True,True,True,False
CVBF,Financial Services,Banks - Regional,2.91,2025/06/22,249,100.0,"MA20, MA50, MA200, RSI, MACD, OBV, Trend",15.384615384615385,57.692307692307686,-42.3076923076923,1,0,False,False,False,False,False,True,False,False,False,False,True,True,True,True,False,False,False,False,True,True,True,False
D,Utilities,Utilities - Regulated Electric,46.7,2025/06/22,249,100.0,"MA20, MA50, MA200, RSI, MACD, OBV, Trend",15.384615384615385,57.692307692307686,-42.3076923076923,1,0,False,False,False,False,False,True,True,False,False,False,False,True,True,True,False,False,False,False,True,True,False,True
HUBG,Industrials,Integrated Freight & Logistics,2.74,2025/06/22,249,100.0,"MA20, MA50, MA200, RSI, MACD, OBV, Trend",15.384615384615385,57.692307692307686,-42.3076923076923,1,0,False,False,False,False,False,True,False,False,False,False,True,True,True,True,False,False,False,False,True,True,True,False
CTSH,Technology,Information Technology Services,40.96,2025/06/22,249,100.0,"MA20, MA50, MA200, RSI, MACD, OBV, Trend",15.384615384615385,57.692307692307686,-42.3076923076923,0,1,False,False,False,False,False,True,True,False,False,False,False,True,True,True,False,False,False,False,True,True,False,True
PFS,Financial Services,Banks - Regional,2.42,2025/06/22,249,100.0,"MA20, MA50, MA200, RSI, MACD, OBV, Trend",15.384615384615385,57.692307692307686,-42.3076923076923,0,0,False,False,False,False,False,True,False,False,False,False,True,True,True,True,False,False,False,False,True,True,True,False
TOWN,Financial Services,Banks - Regional,2.69,2025/06/22,249,100.0,"MA20, MA50, MA200, RSI, MACD, OBV, Trend",15.384615384615385,57.692307692307686,-42.3076923076923,0,0,False,False,False,False,False,True,False,False,False,False,True,True,True,True,False,False,False,False,True,True,True,False
HOMB,Financial Services,Banks - Regional,6.0,2025/06/22,249,100.0,"MA20, MA50, MA200, RSI, MACD, OBV, Trend",15.384615384615385,57.692307692307686,-42.3076923076923,1,0,False,False,False,False,False,True,False,False,False,False,True,True,True,True,False,False,False,False,True,True,True,False
BRFS,Consumer Defensive,Packaged Foods,6.09,2025/06/22,249,100.0,"MA20, MA50, MA200, RSI, MACD, OBV, Trend",15.384615384615385,57.692307692307686,-42.3076923076923,0,1,False,False,False,False,False,True,True,False,False,False,False,True,True,True,False,False,False,False,True,True,False,True
MLI,Industrials,Metal Fabrication,8.96,2025/06/22,249,100.0,"MA20, MA50, MA200, RSI, MACD, OBV, Trend",15.384615384615385,57.692307692307686,-42.3076923076923,1,0,False,False,False,False,False,True,False,False,False,False,True,True,True,True,False,False,False,False,True,True,True,False
FRME,Financial Services,Banks - Regional,2.58,2025/06/22,249,100.0,"MA20, MA50, MA200, RSI, MACD, OBV, Trend",15.384615384615385,57.692307692307686,-42.3076923076923,1,0,False,False,False,False,False,True,False,False,False,False,True,True,True,True,False,False,False,False,True,True,True,False
WNS,Technology,Information Technology Services,2.66,2025/06/22,249,100.0,"MA20, MA50, MA200, RSI, MACD, OBV, Trend",15.384615384615385,57.692307692307686,-42.3076923076923,0,1,False,False,False,False,False,True,True,False,False,False,False,True,True,True,False,False,False,False,True,True,False,True
EVO,Healthcare,Drug Manufacturers - Specialty & Generic,1.61,2025/06/22,249,100.0,"MA20, MA50, MA200, RSI, MACD, OBV, Trend",15.384615384615385,57.692307692307686,-42.3076923076923,0,1,False,False,False,False,False,True,True,False,False,False,False,True,True,True,False,False,False,False,True,True,False,True
LPX,Industrials,Building Products & Equipment,8.22,2025/06/22,249,100.0,"MA20, MA50, MA200, RSI, MACD, OBV, Trend",15.384615384615385,57.692307692307686,-42.3076923076923,0,1,False,False,False,False,False,True,False,False,False,False,True,True,True,True,False,False,False,False,True,True,True,False
PB,Financial Services,Banks - Regional,7.62,2025/06/22,249,100.0,"MA20, MA50, MA200, RSI, MACD, OBV, Trend",15.384615384615385,57.692307692307686,-42.3076923076923,0,0,False,False,False,False,False,True,False,False,False,False,True,True,True,True,False,False,False,False,True,True,True,False
SSD,Basic Materials,Lumber & Wood Production,7.08,2025/06/22,249,100.0,"MA20, MA50, MA200, RSI, MACD, OBV, Trend",15.384615384615385,57.692307692307686,-42.3076923076923,1,0,False,False,False,False,False,True,False,False,False,False,True,True,True,True,False,False,False,True,True,True,False,False
PCAR,Industrials,Farm & Heavy Construction Machinery,58.15,2025/06/22,249,100.0,"MA20, MA50, MA200, RSI, MACD, OBV, Trend",15.384615384615385,57.692307692307686,-42.3076923076923,1,0,False,False,False,False,False,True,False,False,False,False,True,True,True,True,False,False,False,False,True,True,True,False
RYAN,Financial Services,Insurance - Specialty,17.43,2025/06/22,249,100.0,"MA20, MA50, MA200, RSI, MACD, OBV, Trend",15.384615384615385,57.692307692307686,-42.3076923076923,0,0,False,False,False,False,False,True,True,False,False,False,False,True,True,True,False,False,False,False,True,True,False,True
CENT,Consumer Defensive,Packaged Foods,2.12,2025/06/22,249,100.0,"MA20, MA50, MA200, RSI, MACD, OBV, Trend",15.384615384615385,57.692307692307686,-42.3076923076923,1,0,False,False,False,False,False,True,False,False,False,False,True,True,True,True,False,False,False,False,True,True,True,False
UBSI,Financial Services,Banks - Regional,5.5,2025/06/22,249,100.0,"MA20, MA50, MA200, RSI, MACD, OBV, Trend",15.384615384615385,57.692307692307686,-42.3076923076923,1,0,False,False,False,False,False,True,False,False,False,False,True,True,True,True,False,False,False,False,True,True,True,False
PSO,Communication Services,Publishing,11.14,2025/06/22,249,100.0,"MA20, MA50, MA200, RSI, MACD, OBV, Trend",15.384615384615385,57.692307692307686,-42.3076923076923,0,0,False,False,False,False,False,True,False,False,False,False,True,True,True,True,False,False,False,False,True,True,True,False
TRMK,Financial Services,Banks - Regional,2.29,2025/06/22,249,100.0,"MA20, MA50, MA200, RSI, MACD, OBV, Trend",15.384615384615385,57.692307692307686,-42.3076923076923,1,0,False,False,False,False,False,True,False,False,False,False,True,True,True,True,False,False,False,False,True,True,True,False
CENTA,Consumer Defensive,Packaged Foods,2.12,2025/06/22,249,100.0,"MA20, MA50, MA200, RSI, MACD, OBV, Trend",15.384615384615385,57.692307692307686,-42.3076923076923,1,0,False,False,False,False,False,True,False,False,False,False,True,True,True,True,False,False,False,False,True,True,True,False
CHCO,Financial Services,Banks - Regional,1.74,2025/06/22,249,100.0,"MA20, MA50, MA200, RSI, MACD, OBV, Trend",15.384615384615385,57.692307692307686,-42.3076923076923,1,0,False,False,False,False,False,True,False,False,False,False,True,True,True,True,False,False,False,False,True,True,True,False
CMPR,Industrials,Specialty Business Services,1.74,2025/06/22,249,100.0,"MA20, MA50, MA200, RSI, MACD, OBV, Trend",15.384615384615385,57.692307692307686,-42.3076923076923,0,0,False,False,False,False,False,True,False,False,False,False,True,True,True,True,False,False,False,True,True,True,False,False
PFBC,Financial Services,Banks - Regional,1.2,2025/06/22,249,100.0,"MA20, MA50, MA200, RSI, MACD, OBV, Trend",15.384615384615385,57.692307692307686,-42.3076923076923,1,0,False,False,False,False,False,True,False,False,False,False,True,True,True,True,False,False,False,False,True,True,True,False
AZN,Healthcare,Drug Manufacturers - General,219.43,2025/06/22,249,100.0,"MA20, MA50, MA200, RSI, MACD, OBV, Trend",15.384615384615385,57.692307692307686,-42.3076923076923,0,0,False,False,False,False,False,True,True,False,False,False,False,True,True,True,False,False,False,False,True,True,False,True
PKG,Consumer Cyclical,Packaging & Containers,19.1,2025/06/22,249,100.0,"MA20, MA50, MA200, RSI, MACD, OBV, Trend",15.384615384615385,57.692307692307686,-42.3076923076923,0,0,False,False,False,False,False,True,False,False,False,False,True,True,True,True,False,False,False,False,True,True,True,False
WSFS,Financial Services,Banks - Regional,3.28,2025/06/22,249,100.0,"MA20, MA50, MA200, RSI, MACD, OBV, Trend",15.384615384615385,57.692307692307686,-42.3076923076923,1,0,False,False,False,False,False,True,False,False,False,False,True,True,True,True,False,False,False,False,True,True,True,False
PAM,Utilities,Utilities - Independent Power Producers,5.26,2025/06/22,249,100.0,"MA20, MA50, MA200, RSI, MACD, OBV, Trend",15.384615384615385,57.692307692307686,-42.3076923076923,0,1,False,False,False,False,False,True,True,False,False,False,False,True,True,True,False,False,False,False,True,True,False,True
OTTR,Utilities,Utilities - Diversified,3.22,2025/06/22,249,100.0,"MA20, MA50, MA200, RSI, MACD, OBV, Trend",15.384615384615385,57.692307692307686,-42.3076923076923,1,0,False,False,False,False,False,True,False,False,False,False,True,True,True,True,False,False,False,False,True,True,True,False
NBHC,Financial Services,Banks - Regional,1.64,2025/06/22,249,100.0,"MA20, MA50, MA200, RSI, MACD, OBV, Trend",15.384615384615385,57.692307692307686,-42.3076923076923,1,0,False,False,False,False,False,True,False,False,False,False,True,True,True,True,False,False,False,False,True,True,True,False
ACVA,Consumer Cyclical,Auto & Truck Dealerships,3.64,2025/06/22,249,100.0,"MA20, MA50, MA200, RSI, MACD, OBV, Trend",15.384615384615385,57.692307692307686,-42.3076923076923,0,0,False,False,False,False,False,True,False,False,False,False,True,True,True,True,False,False,False,False,True,True,True,False
WAT,Healthcare,Diagnostics & Research,24.67,2025/06/22,249,100.0,"MA20, MA50, MA200, RSI, MACD, OBV, Trend",15.384615384615385,57.692307692307686,-42.3076923076923,2,0,False,False,False,False,True,False,False,False,False,False,True,True,True,True,False,False,True,False,True,True,False,False
WEC,Utilities,Utilities - Regulated Electric,31.4,2025/06/22,249,100.0,"MA20, MA50, MA200, RSI, MACD, OBV, Trend",19.230769230769234,61.53846153846154,-42.30769230769231,0,0,False,False,True,False,False,False,True,False,False,False,False,True,True,False,False,False,True,False,True,True,True,True
MTD,Healthcare,Diagnostics & Research,28.79,2025/06/22,249,100.0,"MA20, MA50, MA200, RSI, MACD, OBV, Trend",11.538461538461538,53.84615384615385,-42.30769230769231,0,0,False,True,False,False,False,False,False,False,False,False,False,True,False,True,False,False,True,False,True,True,False,True
NUVL,Healthcare,Biotechnology,6.1,2025/06/22,249,100.0,"MA20, MA50, MA200, RSI, MACD, OBV, Trend",11.538461538461538,53.84615384615385,-42.30769230769231,0,0,False,True,False,False,False,False,False,False,False,False,False,True,False,True,False,False,True,False,True,True,False,True
ATKR,Industrials,Electrical Equipment & Parts,2.9,2025/06/22,249,100.0,"MA20, MA50, MA200, RSI, MACD, OBV, Trend",19.230769230769234,61.53846153846154,-42.30769230769231,0,2,False,True,False,False,False,True,False,False,False,False,False,True,False,True,False,True,False,True,True,True,False,True
OKTA,Technology,Software - Infrastructure,16.15,2025/06/22,249,100.0,"MA20, MA50, MA200, RSI, MACD, OBV, Trend",11.538461538461538,53.84615384615385,-42.30769230769231,0,0,False,False,True,False,False,False,False,False,False,False,False,True,True,False,False,False,True,False,True,True,False,True
FIVN,Technology,Software - Infrastructure,3.08,2025/06/22,249,100.0,"MA20, MA50, MA200, RSI, MACD, OBV, Trend",11.538461538461538,53.84615384615385,-42.30769230769231,0,0,False,True,False,False,False,False,False,False,False,False,False,True,False,True,False,False,True,False,True,True,False,True
RUSHB,Consumer Cyclical,Auto & Truck Dealerships,4.74,2025/06/22,249,100.0,"MA20, MA50, MA200, RSI, MACD, OBV, Trend",23.076923076923077,65.38461538461539,-42.30769230769231,4,3,False,False,False,False,True,True,False,False,False,False,True,True,True,True,False,True,False,False,True,True,True,False
FTV,Technology,Scientific & Technical Instruments,28.22,2025/06/22,249,100.0,"MA20, MA50, MA200, RSI, MACD, OBV, Trend",11.538461538461538,53.84615384615385,-42.30769230769231,0,0,False,True,False,False,False,False,False,False,False,False,False,True,False,True,False,False,True,False,True,True,False,True
OCUL,Healthcare,Biotechnology,1.21,2025/06/22,249,100.0,"MA20, MA50, MA200, RSI, MACD, OBV, Trend",11.538461538461538,53.84615384615385,-42.30769230769231,0,1,False,True,False,False,False,False,False,False,False,False,False,True,False,True,False,False,True,False,True,True,False,True
TBBK,Financial Services,Banks - Regional,2.91,2025/06/22,249,100.0,"MA20, MA50, MA200, RSI, MACD, OBV, Trend",11.538461538461538,53.84615384615385,-42.30769230769231,1,0,False,True,False,False,False,False,False,False,False,False,False,True,False,True,False,False,True,False,True,True,False,True
USPH,Healthcare,Medical Care Facilities,1.34,2025/06/22,249,100.0,"MA20, MA50, MA200, RSI, MACD, OBV, Trend",19.230769230769234,61.53846153846154,-42.30769230769231,0,2,False,True,False,False,False,True,False,False,False,False,False,True,False,True,False,True,False,True,True,True,False,True
TECK,Basic Materials,Other Industrial Metals & Mining,20.92,2025/06/22,249,100.0,"MA20, MA50, MA200, RSI, MACD, OBV, Trend",11.538461538461538,53.84615384615385,-42.30769230769231,0,0,False,True,False,False,False,False,False,False,False,False,False,True,False,True,False,False,True,False,True,True,False,True
WST,Healthcare,Medical Instruments & Supplies,24.74,2025/06/22,249,100.0,"MA20, MA50, MA200, RSI, MACD, OBV, Trend",11.538461538461538,53.84615384615385,-42.30769230769231,0,0,False,True,False,False,False,False,False,False,False,False,False,True,False,True,False,False,True,False,True,True,False,True
HURN,Industrials,Consulting Services,2.25,2025/06/22,249,100.0,"MA20, MA50, MA200, RSI, MACD, OBV, Trend",11.538461538461538,53.84615384615385,-42.30769230769231,0,0,False,False,True,False,False,False,False,False,False,False,False,True,True,False,False,False,True,False,True,True,False,True
PRMB,Consumer Defensive,Beverages - Non-Alcoholic,12.28,2025/06/22,249,100.0,"MA20, MA50, MA200, RSI, MACD, OBV, Trend",11.538461538461538,53.84615384615385,-42.30769230769231,0,1,False,False,True,False,False,False,False,False,False,False,False,True,True,False,False,False,True,False,True,True,False,True
PIPR,Financial Services,Capital Markets,5.11,2025/06/22,249,100.0,"MA20, MA50, MA200, RSI, MACD, OBV, Trend",11.538461538461538,53.84615384615385,-42.30769230769231,0,0,False,True,False,False,False,False,False,False,False,False,False,True,False,True,False,False,True,False,True,True,False,True
PCVX,Healthcare,Biotechnology,11.01,2025/06/22,249,100.0,"MA20, MA50, MA200, RSI, MACD, OBV, Trend",11.538461538461538,53.84615384615385,-42.30769230769231,0,0,False,True,False,False,False,False,False,False,False,False,False,True,False,True,False,False,True,False,True,True,False,True
RVLV,Consumer Cyclical,Internet Retail,2.23,2025/06/22,249,100.0,"MA20, MA50, MA200, RSI, MACD, OBV, Trend",11.538461538461538,53.84615384615385,-42.30769230769231,0,0,False,True,False,False,False,False,False,False,False,False,False,True,False,True,False,False,True,False,True,True,False,True
CPT,Real Estate,REIT - Residential,12.13,2025/06/22,249,100.0,"MA20, MA50, MA200, RSI, MACD, OBV, Trend",11.538461538461538,53.84615384615385,-42.30769230769231,0,0,False,True,False,False,False,False,False,False,False,False,False,True,False,True,False,False,True,False,True,True,False,True
PPC,Consumer Defensive,Packaged Foods,11.04,2025/06/22,249,100.0,"MA20, MA50, MA200, RSI, MACD, OBV, Trend",11.538461538461538,53.84615384615385,-42.30769230769231,0,0,False,False,True,False,False,False,False,False,False,False,False,True,True,False,False,False,True,False,True,True,False,True
MANH,Technology,Software - Application,12.71,2025/06/22,249,100.0,"MA20, MA50, MA200, RSI, MACD, OBV, Trend",11.538461538461538,53.84615384615385,-42.30769230769231,0,0,False,True,False,False,False,False,False,False,False,False,False,True,False,True,False,False,True,False,True,True,False,True
SOUN,Technology,Software - Application,5.57,2025/06/22,249,100.0,"MA20, MA50, MA200, RSI, MACD, OBV, Trend",11.538461538461538,53.84615384615385,-42.30769230769231,0,0,False,True,False,False,False,False,False,False,False,False,False,True,False,True,False,False,True,False,True,True,False,True
TGTX,Healthcare,Biotechnology,4.93,2025/06/22,249,100.0,"MA20, MA50, MA200, RSI, MACD, OBV, Trend",11.538461538461538,53.84615384615385,-42.30769230769231,0,0,False,False,True,False,False,False,False,False,False,False,False,True,True,False,False,False,True,False,True,True,False,True
IR,Industrials,Specialty Industrial Machinery,37.89,2025/06/22,249,100.0,"MA20, MA50, MA200, RSI, MACD, OBV, Trend",11.538461538461538,53.84615384615385,-42.30769230769231,0,0,False,True,False,False,False,False,False,False,False,False,False,True,False,True,False,False,True,False,True,True,False,True
GGB,Basic Materials,Steel,6.03,2025/06/22,249,100.0,"MA20, MA50, MA200, RSI, MACD, OBV, Trend",11.538461538461538,53.84615384615385,-42.30769230769231,0,0,False,True,False,False,False,False,False,False,False,False,False,True,False,True,False,False,True,False,True,True,False,True
HMC,Consumer Cyclical,Auto Manufacturers,43.82,2025/06/22,249,100.0,"MA20, MA50, MA200, RSI, MACD, OBV, Trend",11.538461538461538,53.84615384615385,-42.30769230769231,0,0,False,False,True,False,False,False,False,False,False,False,False,True,True,False,False,False,True,False,True,True,False,True
TNDM,Healthcare,Medical Devices,2.43,2025/06/22,249,100.0,"MA20, MA50, MA200, RSI, MACD, OBV, Trend",11.538461538461538,53.84615384615385,-42.30769230769231,0,0,False,True,False,False,False,False,False,False,False,False,False,True,False,True,False,False,True,False,True,True,False,True
LOGI,Technology,Computer Hardware,14.86,2025/06/22,249,100.0,"MA20, MA50, MA200, RSI, MACD, OBV, Trend",11.538461538461538,53.84615384615385,-42.30769230769231,0,0,False,True,False,False,False,False,False,False,False,False,False,True,False,True,False,False,True,False,True,True,False,True
MFIC,Financial Services,Asset Management,1.31,2025/06/22,249,100.0,"MA20, MA50, MA200, RSI, MACD, OBV, Trend",11.538461538461538,53.84615384615385,-42.30769230769231,0,0,False,True,False,False,False,False,False,False,False,False,False,True,False,True,False,False,True,False,True,True,False,True
LOAR,Industrials,Aerospace & Defense,7.44,2025/06/22,249,100.0,"MA20, MA50, MA200, RSI, MACD, OBV, Trend",11.538461538461538,53.84615384615385,-42.30769230769231,0,0,False,False,True,False,False,False,False,False,False,False,False,True,True,False,False,False,True,False,True,True,False,True
AI,Technology,Software - Application,4.05,2025/06/22,249,100.0,"MA20, MA50, MA200, RSI, MACD, OBV, Trend",11.538461538461538,53.84615384615385,-42.30769230769231,0,0,False,True,False,False,False,False,False,False,False,False,False,True,False,True,False,False,True,False,True,True,False,True
IDA,Utilities,Utilities - Regulated Electric,5.86,2025/06/22,249,100.0,"MA20, MA50, MA200, RSI, MACD, OBV, Trend",19.230769230769234,61.53846153846154,-42.30769230769231,0,0,False,False,True,False,False,False,True,False,False,False,False,True,True,False,False,False,True,False,True,True,True,True
AMC,Communication Services,Entertainment,1.19,2025/06/22,249,100.0,"MA20, MA50, MA200, RSI, MACD, OBV, Trend",11.538461538461538,53.84615384615385,-42.30769230769231,0,0,False,True,False,False,False,False,False,False,False,False,False,True,False,True,False,False,True,False,True,True,False,True
RVT,Financial Services,Asset Management,1.88,2025/06/22,249,100.0,"MA20, MA50, MA200, RSI, MACD, OBV, Trend",11.538461538461538,53.84615384615385,-42.30769230769231,0,0,False,True,False,False,False,False,False,False,False,False,False,True,False,True,False,False,True,False,True,True,False,True
BJ,Consumer Defensive,Discount Stores,13.08,2025/06/22,249,100.0,"MA20, MA50, MA200, RSI, MACD, OBV, Trend",11.538461538461538,53.84615384615385,-42.30769230769231,0,0,False,False,True,False,False,False,False,False,False,False,False,True,True,False,False,False,True,False,True,True,False,True
CXM,Technology,Software - Application,2.26,2025/06/22,249,100.0,"MA20, MA50, MA200, RSI, MACD, OBV, Trend",11.538461538461538,53.84615384615385,-42.30769230769231,0,1,False,True,False,False,False,False,False,False,False,False,False,True,False,True,False,False,True,False,True,True,False,True
PATH,Technology,Software - Infrastructure,8.01,2025/06/22,249,100.0,"MA20, MA50, MA200, RSI, MACD, OBV, Trend",11.538461538461538,53.84615384615385,-42.30769230769231,0,0,False,True,False,False,False,False,False,False,False,False,False,True,False,True,False,False,True,False,True,True,False,True
WULF,Financial Services,Capital Markets,1.84,2025/06/22,249,100.0,"MA20, MA50, MA200, RSI, MACD, OBV, Trend",11.538461538461538,53.84615384615385,-42.30769230769231,0,0,False,True,False,False,False,False,False,False,False,False,False,True,False,True,False,False,True,False,True,True,False,True
BBY,Consumer Cyclical,Specialty Retail,18.36,2025/06/22,249,100.0,"MA20, MA50, MA200, RSI, MACD, OBV, Trend",11.538461538461538,53.84615384615385,-42.30769230769231,0,0,False,True,False,False,False,False,False,False,False,False,False,True,False,True,False,False,True,False,True,True,False,True
CGNX,Technology,Scientific & Technical Instruments,6.84,2025/06/22,249,100.0,"MA20, MA50, MA200, RSI, MACD, OBV, Trend",11.538461538461538,53.84615384615385,-42.30769230769231,0,0,False,True,False,False,False,False,False,False,False,False,False,True,False,True,False,False,True,False,True,True,False,True
CE,Basic Materials,Chemicals,7.77,2025/06/22,249,100.0,"MA20, MA50, MA200, RSI, MACD, OBV, Trend",11.538461538461538,53.84615384615385,-42.30769230769231,0,0,False,True,False,False,False,False,False,False,False,False,False,True,False,True,False,False,True,False,True,True,False,True
GIL,Consumer Cyclical,Apparel Manufacturing,8.01,2025/06/22,249,100.0,"MA20, MA50, MA200, RSI, MACD, OBV, Trend",11.538461538461538,53.84615384615385,-42.30769230769231,0,0,False,True,False,False,False,False,False,False,False,False,False,True,False,True,False,False,True,False,True,True,False,True
HMY,Basic Materials,Gold,7.17,2025/06/22,249,100.0,"MA20, MA50, MA200, RSI, MACD, OBV, Trend",11.538461538461538,53.84615384615385,-42.30769230769231,0,0,False,False,True,False,False,False,False,False,False,False,False,True,True,False,False,False,True,False,True,True,False,True
VTMX,Real Estate,Real Estate - Development,2.34,2025/06/22,249,100.0,"MA20, MA50, MA200, RSI, MACD, OBV, Trend",23.076923076923077,69.23076923076923,-46.153846153846146,0,0,False,False,True,True,False,False,False,False,False,False,False,True,True,False,False,False,True,True,True,True,True,True
TRP,Energy,Oil & Gas Midstream,46.9,2025/06/22,249,100.0,"MA20, MA50, MA200, RSI, MACD, OBV, Trend",26.923076923076923,73.07692307692307,-46.153846153846146,1,2,False,False,False,True,False,True,True,False,False,False,False,True,True,True,False,True,False,False,True,True,True,True
ONTO,Technology,Semiconductor Equipment & Materials,10.11,2025/06/22,249,100.0,"MA20, MA50, MA200, RSI, MACD, OBV, Trend",15.384615384615385,61.53846153846154,-46.15384615384615,0,0,False,False,False,False,False,True,False,False,True,False,False,True,True,True,True,False,False,False,True,False,False,True
RUSHA,Consumer Cyclical,Auto & Truck Dealerships,4.74,2025/06/22,249,100.0,"MA20, MA50, MA200, RSI, MACD, OBV, Trend",15.384615384615385,61.53846153846154,-46.15384615384615,1,0,False,False,False,False,False,True,False,False,False,False,True,True,True,True,True,False,False,False,True,True,False,False
COLM,Consumer Cyclical,Apparel Manufacturing,5.05,2025/06/22,249,100.0,"MA20, MA50, MA200, RSI, MACD, OBV, Trend",15.384615384615385,61.53846153846154,-46.15384615384615,1,0,False,False,False,False,False,True,False,False,False,False,True,True,True,True,True,False,False,False,True,True,False,False
CLF,Basic Materials,Steel,5.06,2025/06/22,249,100.0,"MA20, MA50, MA200, RSI, MACD, OBV, Trend",15.384615384615385,61.53846153846154,-46.15384615384615,0,0,False,False,False,False,False,False,False,False,True,False,True,True,True,True,True,False,True,False,True,False,False,False
CNC,Healthcare,Healthcare Plans,32.33,2025/06/22,249,100.0,"MA20, MA50, MA200, RSI, MACD, OBV, Trend",15.384615384615385,61.53846153846154,-46.15384615384615,0,1,False,False,False,False,False,True,False,False,True,False,False,True,True,True,True,False,False,False,True,False,False,True
KMB,Consumer Defensive,Household & Personal Products,43.12,2025/06/22,249,100.0,"MA20, MA50, MA200, RSI, MACD, OBV, Trend",19.230769230769234,65.38461538461539,-46.15384615384615,1,0,False,False,False,True,False,True,False,False,False,False,False,True,True,True,False,False,False,False,True,True,True,True
BILL,Technology,Software - Application,10.02,2025/06/22,249,100.0,"MA20, MA50, MA200, RSI, MACD, OBV, Trend",15.384615384615385,61.53846153846154,-46.15384615384615,1,0,False,False,False,False,False,True,False,False,False,False,True,True,True,True,True,False,False,False,True,True,False,False
BRBR,Consumer Defensive,Packaged Foods,9.98,2025/06/22,249,100.0,"MA20, MA50, MA200, RSI, MACD, OBV, Trend",15.384615384615385,61.53846153846154,-46.15384615384615,0,0,False,False,False,False,False,True,False,False,True,False,False,True,True,True,True,False,False,False,True,False,False,True
EPC,Consumer Defensive,Household & Personal Products,1.62,2025/06/22,249,100.0,"MA20, MA50, MA200, RSI, MACD, OBV, Trend",15.384615384615385,61.53846153846154,-46.15384615384615,1,0,False,False,False,False,False,True,False,False,False,False,True,True,True,True,True,False,False,False,False,True,True,False
MMYT,Consumer Cyclical,Travel Services,12.0,2025/06/22,249,100.0,"MA20, MA50, MA200, RSI, MACD, OBV, Trend",15.384615384615385,61.53846153846154,-46.15384615384615,1,1,False,False,False,False,False,True,False,False,False,False,True,True,True,True,True,False,False,False,True,True,False,False
GMED,Healthcare,Medical Devices,12.63,2025/06/22,249,100.0,"MA20, MA50, MA200, RSI, MACD, OBV, Trend",15.384615384615385,61.53846153846154,-46.15384615384615,0,0,False,False,False,False,False,True,False,False,True,False,False,True,True,True,True,False,False,False,True,False,False,True
NSA,Real Estate,REIT - Industrial,5.51,2025/06/22,249,100.0,"MA20, MA50, MA200, RSI, MACD, OBV, Trend",15.384615384615385,61.53846153846154,-46.15384615384615,0,0,False,False,False,False,False,True,False,False,True,False,False,True,True,True,True,False,False,False,True,False,False,True
BEAM,Healthcare,Biotechnology,2.15,2025/06/22,249,100.0,"MA20, MA50, MA200, RSI, MACD, OBV, Trend",15.384615384615385,61.53846153846154,-46.15384615384615,0,0,False,False,False,False,False,True,False,False,True,False,False,True,True,True,True,False,False,False,True,False,False,True
GFF,Industrials,Conglomerates,3.64,2025/06/22,249,100.0,"MA20, MA50, MA200, RSI, MACD, OBV, Trend",15.384615384615385,61.53846153846154,-46.15384615384615,0,0,False,False,False,False,False,True,False,False,False,False,True,True,True,True,True,False,False,False,True,True,False,False
LII,Industrials,Building Products & Equipment,21.09,2025/06/22,249,100.0,"MA20, MA50, MA200, RSI, MACD, OBV, Trend",15.384615384615385,61.53846153846154,-46.15384615384615,0,0,False,False,False,False,False,True,False,False,False,False,True,True,True,True,True,False,False,False,True,True,False,False
SAIA,Industrials,Trucking,12.77,2025/06/22,249,100.0,"MA20, MA50, MA200, RSI, MACD, OBV, Trend",15.384615384615385,61.53846153846154,-46.15384615384615,0,0,False,False,False,False,False,True,False,False,True,False,False,True,True,True,True,False,False,False,True,False,False,True
ASH,Basic Materials,Specialty Chemicals,3.01,2025/06/22,249,100.0,"MA20, MA50, MA200, RSI, MACD, OBV, Trend",15.384615384615385,61.53846153846154,-46.15384615384615,1,0,False,False,False,False,False,True,False,False,False,False,True,True,True,True,True,False,False,False,True,True,False,False
EQR,Real Estate,REIT - Residential,27.62,2025/06/22,249,100.0,"MA20, MA50, MA200, RSI, MACD, OBV, Trend",15.384615384615385,61.53846153846154,-46.15384615384615,0,0,False,False,False,False,False,True,False,False,False,False,True,True,True,True,True,False,False,False,True,True,False,False
VMC,Basic Materials,Building Materials,36.2,2025/06/22,249,100.0,"MA20, MA50, MA200, RSI, MACD, OBV, Trend",19.230769230769234,65.38461538461539,-46.15384615384615,0,0,False,False,False,True,False,True,False,False,False,False,False,True,True,True,False,False,False,False,True,True,True,True
UDR,Real Estate,REIT - Residential,15.68,2025/06/22,249,100.0,"MA20, MA50, MA200, RSI, MACD, OBV, Trend",15.384615384615385,61.53846153846154,-46.15384615384615,0,0,False,False,False,False,False,True,False,False,True,False,False,True,True,True,True,False,False,False,True,False,False,True
OMC,Communication Services,Advertising Agencies,17.05,2025/06/22,249,100.0,"MA20, MA50, MA200, RSI, MACD, OBV, Trend",15.384615384615385,61.53846153846154,-46.15384615384615,1,1,False,False,False,False,False,True,False,False,False,False,True,True,True,True,True,False,False,False,True,True,False,False
BAH,Industrials,Consulting Services,16.48,2025/06/22,249,100.0,"MA20, MA50, MA200, RSI, MACD, OBV, Trend",15.384615384615385,61.53846153846154,-46.15384615384615,0,0,False,False,False,False,False,True,False,False,True,False,False,True,True,True,True,False,False,False,True,False,False,True
UMH,Real Estate,REIT - Residential,1.42,2025/06/22,249,100.0,"MA20, MA50, MA200, RSI, MACD, OBV, Trend",15.384615384615385,61.53846153846154,-46.15384615384615,0,1,False,False,False,False,False,True,False,False,True,False,False,True,True,True,True,False,False,False,True,False,False,True
PDD,Consumer Cyclical,Internet Retail,155.42,2025/06/22,249,100.0,"MA20, MA50, MA200, RSI, MACD, OBV, Trend",15.384615384615385,61.53846153846154,-46.15384615384615,0,0,False,False,False,False,False,True,False,False,True,False,False,True,True,True,True,False,False,False,True,False,False,True
MBIN,Financial Services,Banks - Regional,1.95,2025/06/22,249,100.0,"MA20, MA50, MA200, RSI, MACD, OBV, Trend",15.384615384615385,61.53846153846154,-46.15384615384615,0,0,False,False,False,False,False,True,False,False,False,False,True,True,True,True,True,False,False,False,True,True,False,False
TWO,Real Estate,REIT - Mortgage,1.32,2025/06/22,249,100.0,"MA20, MA50, MA200, RSI, MACD, OBV, Trend",15.384615384615385,61.53846153846154,-46.15384615384615,0,1,False,False,False,False,False,True,False,False,True,False,False,True,True,True,True,False,False,False,True,False,False,True
DVA,Healthcare,Medical Care Facilities,14.45,2025/06/22,249,100.0,"MA20, MA50, MA200, RSI, MACD, OBV, Trend",15.384615384615385,61.53846153846154,-46.15384615384615,1,0,False,False,False,False,False,True,False,False,True,False,False,True,True,True,True,False,False,False,True,False,False,True
EEFT,Technology,Software - Infrastructure,4.33,2025/06/22,249,100.0,"MA20, MA50, MA200, RSI, MACD, OBV, Trend",19.230769230769234,65.38461538461539,-46.15384615384615,0,0,False,False,False,True,False,True,False,False,False,False,False,True,True,True,False,False,False,False,True,True,True,True
NRP,Energy,Thermal Coal,1.38,2025/06/22,249,100.0,"MA20, MA50, MA200, RSI, MACD, OBV, Trend",15.384615384615385,61.53846153846154,-46.15384615384615,0,1,False,False,False,False,False,True,False,False,False,False,True,True,True,True,True,False,False,False,True,True,False,False
XNCR,Healthcare,Biotechnology,1.28,2025/06/22,249,100.0,"MA20, MA50, MA200, RSI, MACD, OBV, Trend",15.384615384615385,61.53846153846154,-46.15384615384615,0,0,False,False,False,False,False,True,False,False,False,False,True,True,True,True,True,False,False,False,True,True,False,False
COO,Healthcare,Medical Instruments & Supplies,19.27,2025/06/22,249,100.0,"MA20, MA50, MA200, RSI, MACD, OBV, Trend",15.384615384615385,61.53846153846154,-46.15384615384615,0,0,False,False,False,False,False,True,False,False,True,False,False,True,True,True,True,False,False,False,True,False,False,True
MHO,Consumer Cyclical,Residential Construction,3.42,2025/06/22,249,100.0,"MA20, MA50, MA200, RSI, MACD, OBV, Trend",15.384615384615385,61.53846153846154,-46.15384615384615,1,0,False,False,False,False,False,True,False,False,False,False,True,True,True,True,True,False,False,False,True,True,False,False
MKC,Consumer Defensive,Packaged Foods,20.71,2025/06/22,249,100.0,"MA20, MA50, MA200, RSI, MACD, OBV, Trend",15.384615384615385,61.53846153846154,-46.15384615384615,0,0,False,False,False,False,False,True,False,False,False,False,True,True,True,True,True,False,False,False,True,True,False,False
DVAX,Healthcare,Drug Manufacturers - Specialty & Generic,1.72,2025/06/22,249,100.0,"MA20, MA50, MA200, RSI, MACD, OBV, Trend",15.384615384615385,61.53846153846154,-46.15384615384615,0,1,False,False,False,False,False,True,False,False,True,False,False,True,True,True,True,False,False,False,True,False,False,True
GSHD,Financial Services,Insurance - Diversified,4.05,2025/06/22,249,100.0,"MA20, MA50, MA200, RSI, MACD, OBV, Trend",19.230769230769234,65.38461538461539,-46.15384615384615,1,0,False,False,False,True,False,True,False,False,False,False,False,True,True,True,False,False,False,False,True,True,True,True
VSTS,Industrials,Rental & Leasing Services,1.84,2025/06/22,249,100.0,"MA20, MA50, MA200, RSI, MACD, OBV, Trend",15.384615384615385,61.53846153846154,-46.15384615384615,0,0,False,False,False,False,False,True,False,False,True,False,False,True,True,True,True,False,False,False,True,False,False,True
VRTX,Healthcare,Biotechnology,118.9,2025/06/22,249,100.0,"MA20, MA50, MA200, RSI, MACD, OBV, Trend",15.384615384615385,61.53846153846154,-46.15384615384615,0,0,False,False,False,False,False,True,False,False,True,False,False,True,True,True,True,False,False,False,True,False,False,True
EVCM,Technology,Software - Infrastructure,1.86,2025/06/22,249,100.0,"MA20, MA50, MA200, RSI, MACD, OBV, Trend",15.384615384615385,61.53846153846154,-46.15384615384615,0,0,False,False,False,False,False,True,False,False,False,False,True,True,True,True,True,False,False,False,True,True,False,False
SKY,Consumer Cyclical,Residential Construction,5.3,2025/06/22,249,100.0,"MA20, MA50, MA200, RSI, MACD, OBV, Trend",15.384615384615385,61.53846153846154,-46.15384615384615,0,0,False,False,False,False,False,True,False,False,True,False,False,True,True,True,True,False,False,False,False,False,True,True
TREX,Industrials,Building Products & Equipment,7.8,2025/06/22,249,100.0,"MA20, MA50, MA200, RSI, MACD, OBV, Trend",15.384615384615385,61.53846153846154,-46.15384615384615,1,0,False,False,False,False,False,True,False,False,False,False,True,True,True,True,True,False,False,False,True,True,False,False
ALE,Utilities,Utilities - Diversified,3.8,2025/06/22,249,100.0,"MA20, MA50, MA200, RSI, MACD, OBV, Trend",19.230769230769234,65.38461538461539,-46.15384615384615,0,2,False,False,False,True,False,True,False,False,False,False,False,True,True,True,False,True,False,False,False,True,True,True
APLE,Real Estate,REIT - Hotel & Motel,3.72,2025/06/22,249,100.0,"MA20, MA50, MA200, RSI, MACD, OBV, Trend",15.384615384615385,61.53846153846154,-46.15384615384615,0,0,False,False,False,False,False,True,False,False,True,False,False,True,True,True,True,False,False,False,True,False,False,True
VNET,Technology,Information Technology Services,1.86,2025/06/22,249,100.0,"MA20, MA50, MA200, RSI, MACD, OBV, Trend",15.384615384615385,61.53846153846154,-46.15384615384615,0,0,False,False,False,False,False,True,False,False,False,False,True,True,True,True,True,False,False,False,True,True,False,False
STGW,Communication Services,Advertising Agencies,1.64,2025/06/22,249,100.0,"MA20, MA50, MA200, RSI, MACD, OBV, Trend",15.384615384615385,61.53846153846154,-46.15384615384615,0,0,False,False,False,False,False,False,False,False,True,False,True,True,True,True,True,False,True,False,True,False,False,False
KBH,Consumer Cyclical,Residential Construction,4.84,2025/06/22,249,100.0,"MA20, MA50, MA200, RSI, MACD, OBV, Trend",15.384615384615385,61.53846153846154,-46.15384615384615,1,0,False,False,False,False,False,True,False,False,False,False,True,True,True,True,True,False,False,False,True,True,False,False
PBA,Energy,Oil & Gas Midstream,21.01,2025/06/22,249,100.0,"MA20, MA50, MA200, RSI, MACD, OBV, Trend",15.384615384615385,61.53846153846154,-46.15384615384615,0,0,False,False,False,False,False,True,False,False,False,False,True,True,True,True,True,False,False,False,True,True,False,False
MTH,Consumer Cyclical,Residential Construction,5.6,2025/06/22,249,100.0,"MA20, MA50, MA200, RSI, MACD, OBV, Trend",15.384615384615385,61.53846153846154,-46.15384615384615,0,0,False,False,False,False,False,True,False,False,False,False,True,True,True,True,True,False,False,False,True,True,False,False
LMAT,Healthcare,Medical Instruments & Supplies,2.18,2025/06/22,249,100.0,"MA20, MA50, MA200, RSI, MACD, OBV, Trend",15.384615384615385,61.53846153846154,-46.15384615384615,1,0,False,False,False,False,False,True,False,False,False,False,True,True,True,True,True,False,False,False,True,True,False,False
ASTH,Healthcare,Medical Care Facilities,1.68,2025/06/22,249,100.0,"MA20, MA50, MA200, RSI, MACD, OBV, Trend",15.384615384615385,61.53846153846154,-46.15384615384615,0,1,False,False,False,False,False,True,False,False,True,False,False,True,True,True,True,False,False,False,True,False,False,True
AEO,Consumer Cyclical,Apparel Retail,3.18,2025/06/22,249,100.0,"MA20, MA50, MA200, RSI, MACD, OBV, Trend",15.384615384615385,61.53846153846154,-46.15384615384615,0,0,False,False,False,False,False,True,False,False,False,False,True,True,True,True,True,False,False,False,True,True,False,False
COLD,Real Estate,REIT - Industrial,6.28,2025/06/22,249,100.0,"MA20, MA50, MA200, RSI, MACD, OBV, Trend",15.384615384615385,61.53846153846154,-46.15384615384615,0,0,False,False,False,False,False,False,False,False,True,False,True,True,True,True,True,False,True,False,True,False,False,False
ERIE,Financial Services,Insurance Brokers,21.07,2025/06/22,249,100.0,"MA20, MA50, MA200, RSI, MACD, OBV, Trend",15.384615384615385,61.53846153846154,-46.15384615384615,1,0,False,False,False,False,False,True,False,False,False,False,True,True,True,True,True,False,False,False,True,True,False,False
IQ,Communication Services,Entertainment,2.23,2025/06/22,249,100.0,"MA20, MA50, MA200, RSI, MACD, OBV, Trend",15.384615384615385,61.53846153846154,-46.15384615384615,0,0,False,False,False,False,False,False,False,False,True,False,True,True,True,True,True,False,True,False,True,False,False,False
SQM,Basic Materials,Specialty Chemicals,11.03,2025/06/22,249,100.0,"MA20, MA50, MA200, RSI, MACD, OBV, Trend",15.384615384615385,61.53846153846154,-46.15384615384615,0,0,False,False,False,False,False,False,False,False,True,False,True,True,True,True,True,False,True,False,True,False,False,False
ALB,Basic Materials,Specialty Chemicals,9.9,2025/06/22,249,100.0,"MA20, MA50, MA200, RSI, MACD, OBV, Trend",7.6923076923076925,57.692307692307686,-49.99999999999999,0,0,False,False,False,False,False,True,False,False,False,False,False,True,True,True,False,False,False,False,True,True,False,True
NYMTN,Real Estate,REIT - Mortgage,1.19,2025/06/22,249,100.0,"MA20, MA50, MA200, RSI, MACD, OBV, Trend",7.6923076923076925,57.692307692307686,-49.99999999999999,0,1,False,False,False,False,False,True,False,False,False,False,False,True,True,True,False,False,False,False,True,True,False,True
FSLR,Technology,Solar,17.93,2025/06/22,249,100.0,"MA20, MA50, MA200, RSI, MACD, OBV, Trend",7.6923076923076925,57.692307692307686,-49.99999999999999,0,1,False,False,False,False,False,True,False,False,False,False,False,True,True,True,False,False,False,False,True,True,False,True
MMC,Financial Services,Insurance Brokers,106.51,2025/06/22,249,100.0,"MA20, MA50, MA200, RSI, MACD, OBV, Trend",7.6923076923076925,57.692307692307686,-49.99999999999999,1,0,False,False,False,False,False,True,False,False,False,False,False,True,True,True,False,False,False,False,True,True,False,True
CNA,Financial Services,Insurance - Property & Casualty,13.39,2025/06/22,249,100.0,"MA20, MA50, MA200, RSI, MACD, OBV, Trend",7.6923076923076925,57.692307692307686,-49.99999999999999,0,1,False,False,False,False,False,True,False,False,False,False,False,True,True,True,False,False,False,False,True,True,False,True
BFAM,Consumer Cyclical,Personal Services,7.13,2025/06/22,249,100.0,"MA20, MA50, MA200, RSI, MACD, OBV, Trend",7.6923076923076925,57.692307692307686,-49.99999999999999,0,0,False,False,False,False,False,False,False,False,False,False,True,True,True,True,False,False,True,False,True,True,False,False
WDFC,Basic Materials,Specialty Chemicals,3.18,2025/06/22,249,100.0,"MA20, MA50, MA200, RSI, MACD, OBV, Trend",7.6923076923076925,57.692307692307686,-49.99999999999999,0,0,False,False,False,False,False,True,False,False,False,False,False,True,True,True,False,False,False,False,True,True,False,True
HAYW,Industrials,Electrical Equipment & Parts,3.24,2025/06/22,249,100.0,"MA20, MA50, MA200, RSI, MACD, OBV, Trend",7.6923076923076925,57.692307692307686,-49.99999999999999,1,0,False,False,False,False,False,True,False,False,False,False,False,True,True,True,False,False,False,False,True,True,False,True
ACN,Technology,Information Technology Services,240.78,2025/06/22,249,100.0,"MA20, MA50, MA200, RSI, MACD, OBV, Trend",7.6923076923076925,57.692307692307686,-49.99999999999999,0,1,False,False,False,False,False,True,False,False,False,False,False,True,True,True,False,False,False,False,False,True,True,True
MCD,Consumer Cyclical,Restaurants,208.05,2025/06/22,249,100.0,"MA20, MA50, MA200, RSI, MACD, OBV, Trend",7.6923076923076925,57.692307692307686,-49.99999999999999,0,1,False,False,False,False,False,True,False,False,False,False,False,True,True,True,False,False,False,False,False,True,True,True
TLK,Communication Services,Telecom Services,16.18,2025/06/22,249,100.0,"MA20, MA50, MA200, RSI, MACD, OBV, Trend",7.6923076923076925,57.692307692307686,-49.99999999999999,0,0,False,False,False,False,False,True,False,False,False,False,False,True,True,True,False,False,False,False,True,True,False,True
INFY,Technology,Information Technology Services,90.92,2025/06/22,249,100.0,"MA20, MA50, MA200, RSI, MACD, OBV, Trend",7.6923076923076925,57.692307692307686,-49.99999999999999,0,1,False,False,False,False,False,True,False,False,False,False,False,True,True,True,False,False,False,False,True,True,False,True
DSGR,Industrials,Industrial Distribution,1.54,2025/06/22,249,100.0,"MA20, MA50, MA200, RSI, MACD, OBV, Trend",7.6923076923076925,57.692307692307686,-49.99999999999999,0,0,False,False,False,False,False,True,False,False,False,False,False,True,True,True,False,False,False,False,True,True,False,True
GCMG,Financial Services,Asset Management,2.53,2025/06/22,249,100.0,"MA20, MA50, MA200, RSI, MACD, OBV, Trend",7.6923076923076925,57.692307692307686,-49.99999999999999,0,1,False,False,False,False,False,True,False,False,False,False,False,True,True,True,False,False,False,False,False,True,True,True
UAL,Industrials,Airlines,34.81,2025/06/22,249,100.0,"MA20, MA50, MA200, RSI, MACD, OBV, Trend",7.6923076923076925,57.692307692307686,-49.99999999999999,0,0,False,False,False,False,False,True,False,False,False,False,False,True,True,True,False,False,False,False,True,True,False,True
ACGL,Financial Services,Insurance - Diversified,35.58,2025/06/22,249,100.0,"MA20, MA50, MA200, RSI, MACD, OBV, Trend",7.6923076923076925,57.692307692307686,-49.99999999999999,0,0,False,False,False,False,False,True,False,False,False,False,False,True,True,True,False,False,False,False,True,True,False,True
G,Technology,Information Technology Services,8.59,2025/06/22,249,100.0,"MA20, MA50, MA200, RSI, MACD, OBV, Trend",7.6923076923076925,57.692307692307686,-49.99999999999999,0,1,False,False,False,False,False,True,False,False,False,False,False,True,True,True,False,False,False,False,True,True,False,True
RXST,Healthcare,Medical Devices,1.37,2025/06/22,249,100.0,"MA20, MA50, MA200, RSI, MACD, OBV, Trend",7.6923076923076925,57.692307692307686,-49.99999999999999,0,0,False,False,False,False,False,True,False,False,False,False,False,True,True,True,False,False,False,False,True,True,False,True
VALE,Basic Materials,Other Industrial Metals & Mining,40.09,2025/06/22,249,100.0,"MA20, MA50, MA200, RSI, MACD, OBV, Trend",7.6923076923076925,57.692307692307686,-49.99999999999999,0,1,False,False,False,False,False,True,False,False,False,False,False,True,True,True,False,False,False,False,True,True,False,True
HTH,Financial Services,Banks - Regional,1.96,2025/06/22,249,100.0,"MA20, MA50, MA200, RSI, MACD, OBV, Trend",7.6923076923076925,57.692307692307686,-49.99999999999999,1,0,False,False,False,False,False,False,False,False,False,False,True,True,True,True,False,False,True,False,True,True,False,False
POWL,Industrials,Electrical Equipment & Parts,2.89,2025/06/22,249,100.0,"MA20, MA50, MA200, RSI, MACD, OBV, Trend",7.6923076923076925,57.692307692307686,-49.99999999999999,0,1,False,False,False,False,False,True,False,False,False,False,False,True,True,True,False,False,False,False,True,True,False,True
WGO,Consumer Cyclical,Recreational Vehicles,1.36,2025/06/22,249,100.0,"MA20, MA50, MA200, RSI, MACD, OBV, Trend",7.6923076923076925,57.692307692307686,-49.99999999999999,0,0,False,False,False,False,False,True,False,False,False,False,False,True,True,True,False,False,False,False,True,True,False,True
ITW,Industrials,Specialty Industrial Machinery,76.53,2025/06/22,249,100.0,"MA20, MA50, MA200, RSI, MACD, OBV, Trend",7.6923076923076925,57.692307692307686,-49.99999999999999,0,0,False,False,False,False,False,True,False,False,False,False,False,True,True,True,False,False,False,False,True,True,False,True
APD,Basic Materials,Specialty Chemicals,74.55,2025/06/22,249,100.0,"MA20, MA50, MA200, RSI, MACD, OBV, Trend",7.6923076923076925,57.692307692307686,-49.99999999999999,0,0,False,False,False,False,False,True,False,False,False,False,False,True,True,True,False,False,False,False,True,True,False,True
CHE,Healthcare,Medical Care Facilities,8.42,2025/06/22,249,100.0,"MA20, MA50, MA200, RSI, MACD, OBV, Trend",7.6923076923076925,57.692307692307686,-49.99999999999999,1,0,False,False,False,False,False,True,False,False,False,False,False,True,True,True,False,False,False,False,True,True,False,True
FSV,Real Estate,Real Estate Services,8.26,2025/06/22,249,100.0,"MA20, MA50, MA200, RSI, MACD, OBV, Trend",7.6923076923076925,57.692307692307686,-49.99999999999999,0,0,False,False,False,False,False,True,False,False,False,False,False,True,True,True,False,False,False,False,True,True,False,True
GBCI,Financial Services,Banks - Regional,5.63,2025/06/22,249,100.0,"MA20, MA50, MA200, RSI, MACD, OBV, Trend",7.6923076923076925,57.692307692307686,-49.99999999999999,0,1,False,False,False,False,False,True,False,False,False,False,False,True,True,True,False,False,False,False,True,True,False,True
SW,Consumer Cyclical,Packaging & Containers,27.62,2025/06/22,240,100.0,"MA20, MA50, MA200, RSI, MACD, OBV, Trend",7.6923076923076925,57.692307692307686,-49.99999999999999,0,1,False,False,False,False,False,True,False,False,False,False,False,True,True,True,False,False,False,False,True,True,False,True
RLJ,Real Estate,REIT - Hotel & Motel,1.5,2025/06/22,249,100.0,"MA20, MA50, MA200, RSI, MACD, OBV, Trend",7.6923076923076925,57.692307692307686,-49.99999999999999,0,0,False,False,False,False,False,True,False,False,False,False,False,True,True,True,False,False,False,False,True,True,False,True
ESTC,Technology,Software - Application,11.67,2025/06/22,249,100.0,"MA20, MA50, MA200, RSI, MACD, OBV, Trend",7.6923076923076925,57.692307692307686,-49.99999999999999,0,0,False,False,False,False,False,True,False,False,False,False,False,True,True,True,False,False,False,False,True,True,False,True
NWN,Utilities,Utilities - Regulated Gas,1.6,2025/06/22,249,100.0,"MA20, MA50, MA200, RSI, MACD, OBV, Trend",7.6923076923076925,57.692307692307686,-49.99999999999999,0,1,False,False,False,False,False,True,False,False,False,False,False,True,True,True,False,False,False,False,True,True,False,True
CSAN,Energy,Oil & Gas Refining & Marketing,2.51,2025/06/22,249,100.0,"MA20, MA50, MA200, RSI, MACD, OBV, Trend",7.6923076923076925,57.692307692307686,-49.99999999999999,0,0,False,False,False,False,False,True,False,False,False,False,False,True,True,True,False,False,False,False,True,True,False,True
CRVL,Financial Services,Insurance Brokers,5.95,2025/06/22,249,100.0,"MA20, MA50, MA200, RSI, MACD, OBV, Trend",7.6923076923076925,57.692307692307686,-49.99999999999999,0,0,False,False,False,False,False,True,False,False,False,False,False,True,True,True,False,False,False,False,False,True,True,True
MWA,Industrials,Specialty Industrial Machinery,3.6,2025/06/22,249,100.0,"MA20, MA50, MA200, RSI, MACD, OBV, Trend",7.6923076923076925,57.692307692307686,-49.99999999999999,0,1,False,False,False,False,False,True,False,False,False,False,False,True,True,True,False,False,False,False,True,True,False,True
ALKS,Healthcare,Drug Manufacturers - Specialty & Generic,5.1,2025/06/22,249,100.0,"MA20, MA50, MA200, RSI, MACD, OBV, Trend",7.6923076923076925,57.692307692307686,-49.99999999999999,0,1,False,False,False,False,False,True,False,False,False,False,False,True,True,True,False,False,False,False,True,True,False,True
FBK,Financial Services,Banks - Regional,2.47,2025/06/22,249,100.0,"MA20, MA50, MA200, RSI, MACD, OBV, Trend",7.6923076923076925,57.692307692307686,-49.99999999999999,1,0,False,False,False,False,False,True,False,False,False,False,False,True,True,True,False,False,False,False,True,True,False,True
MSCI,Financial Services,Financial Data & Stock Exchanges,46.77,2025/06/22,249,100.0,"MA20, MA50, MA200, RSI, MACD, OBV, Trend",7.6923076923076925,57.692307692307686,-49.99999999999999,0,0,False,False,False,False,False,True,False,False,False,False,False,True,True,True,False,False,False,False,True,True,False,True
VFC,Consumer Cyclical,Apparel Manufacturing,10.12,2025/06/22,249,100.0,"MA20, MA50, MA200, RSI, MACD, OBV, Trend",7.6923076923076925,57.692307692307686,-49.99999999999999,0,0,False,False,False,False,False,True,False,False,False,False,False,True,True,True,False,False,False,False,True,True,False,True
TCBK,Financial Services,Banks - Regional,1.45,2025/06/22,249,100.0,"MA20, MA50, MA200, RSI, MACD, OBV, Trend",7.6923076923076925,57.692307692307686,-49.99999999999999,1,0,False,False,False,False,False,True,False,False,False,False,False,True,True,True,False,False,False,False,True,True,False,True
KVUE,Consumer Defensive,Household & Personal Products,40.82,2025/06/22,249,100.0,"MA20, MA50, MA200, RSI, MACD, OBV, Trend",7.6923076923076925,57.692307692307686,-49.99999999999999,0,0,False,False,False,False,False,True,False,False,False,False,False,True,True,True,False,False,False,False,True,True,False,True
KGS,Energy,Oil & Gas Equipment & Services,4.08,2025/06/22,249,100.0,"MA20, MA50, MA200, RSI, MACD, OBV, Trend",7.6923076923076925,57.692307692307686,-49.99999999999999,0,0,False,False,False,False,False,False,False,False,False,False,True,True,True,True,False,False,True,False,True,True,False,False
JNJ,Healthcare,Drug Manufacturers - General,368.05,2025/06/22,249,100.0,"MA20, MA50, MA200, RSI, MACD, OBV, Trend",7.6923076923076925,57.692307692307686,-49.99999999999999,0,1,False,False,False,False,False,True,False,False,False,False,False,True,True,True,False,False,False,False,True,True,False,True
BAK,Basic Materials,Chemicals,1.86,2025/06/22,249,100.0,"MA20, MA50, MA200, RSI, MACD, OBV, Trend",7.6923076923076925,57.692307692307686,-49.99999999999999,0,0,False,False,False,False,False,True,False,False,False,False,False,True,True,True,False,False,False,False,True,True,False,True
MAS,Industrials,Building Products & Equipment,17.1,2025/06/22,249,100.0,"MA20, MA50, MA200, RSI, MACD, OBV, Trend",7.6923076923076925,57.692307692307686,-49.99999999999999,1,0,False,False,False,False,False,True,False,False,False,False,False,True,True,True,False,False,False,False,True,True,False,True
PSA,Real Estate,REIT - Industrial,52.29,2025/06/22,249,100.0,"MA20, MA50, MA200, RSI, MACD, OBV, Trend",7.6923076923076925,57.692307692307686,-49.99999999999999,0,0,False,False,False,False,False,True,False,False,False,False,False,True,True,True,False,False,False,False,True,True,False,True
WGS,Healthcare,Diagnostics & Research,2.06,2025/06/22,249,100.0,"MA20, MA50, MA200, RSI, MACD, OBV, Trend",7.6923076923076925,57.692307692307686,-49.99999999999999,0,0,False,False,False,False,False,False,False,False,False,False,True,True,True,True,False,False,True,False,True,True,False,False
TFIN,Financial Services,Banks - Regional,1.8,2025/06/22,249,100.0,"MA20, MA50, MA200, RSI, MACD, OBV, Trend",7.6923076923076925,57.692307692307686,-49.99999999999999,0,1,False,False,False,False,False,True,False,False,False,False,False,True,True,True,False,False,False,False,True,True,False,True
ULCC,Industrials,Airlines,1.9,2025/06/22,249,100.0,"MA20, MA50, MA200, RSI, MACD, OBV, Trend",7.6923076923076925,57.692307692307686,-49.99999999999999,0,1,False,False,False,False,False,True,False,False,False,False,False,True,True,True,False,False,False,False,True,True,False,True
VSCO,Consumer Cyclical,Apparel Retail,2.86,2025/06/22,249,100.0,"MA20, MA50, MA200, RSI, MACD, OBV, Trend",7.6923076923076925,57.692307692307686,-49.99999999999999,0,0,False,False,False,False,False,True,False,False,False,False,False,True,True,True,False,False,False,False,True,True,False,True
EDU,Consumer Defensive,Education & Training Services,7.97,2025/06/22,249,100.0,"MA20, MA50, MA200, RSI, MACD, OBV, Trend",7.6923076923076925,57.692307692307686,-49.99999999999999,0,0,False,False,False,False,False,False,False,False,False,False,True,True,True,True,False,False,True,False,True,True,False,False
KTB,Consumer Cyclical,Apparel Manufacturing,5.27,2025/06/22,249,100.0,"MA20, MA50, MA200, RSI, MACD, OBV, Trend",7.6923076923076925,57.692307692307686,-49.99999999999999,0,0,False,False,False,False,False,True,False,False,False,False,False,True,True,True,False,False,False,False,True,True,False,True
NHI,Real Estate,REIT - Healthcare Facilities,3.09,2025/06/22,249,100.0,"MA20, MA50, MA200, RSI, MACD, OBV, Trend",7.6923076923076925,57.692307692307686,-49.99999999999999,0,0,False,False,False,False,False,True,False,False,False,False,False,True,True,True,False,False,False,False,True,True,False,True
CPRT,Industrials,Specialty Business Services,55.82,2025/06/22,249,100.0,"MA20, MA50, MA200, RSI, MACD, OBV, Trend",7.6923076923076925,57.692307692307686,-49.99999999999999,0,0,False,False,False,False,False,True,False,False,False,False,False,True,True,True,False,False,False,False,False,True,True,True
CRNX,Healthcare,Biotechnology,3.74,2025/06/22,249,100.0,"MA20, MA50, MA200, RSI, MACD, OBV, Trend",7.6923076923076925,57.692307692307686,-49.99999999999999,0,0,False,False,False,False,False,True,False,False,False,False,False,True,True,True,False,False,False,False,True,True,False,True
IP,Consumer Cyclical,Packaging & Containers,19.33,2025/06/22,249,100.0,"MA20, MA50, MA200, RSI, MACD, OBV, Trend",7.6923076923076925,57.692307692307686,-49.99999999999999,0,0,False,False,False,False,False,True,False,False,False,False,False,True,True,True,False,False,False,False,True,True,False,True
WFG,Basic Materials,Lumber & Wood Production,6.98,2025/06/22,249,100.0,"MA20, MA50, MA200, RSI, MACD, OBV, Trend",7.6923076923076925,57.692307692307686,-49.99999999999999,0,0,False,False,False,False,False,True,False,False,False,False,False,True,True,True,False,False,False,False,True,True,False,True
BCE,Communication Services,Telecom Services,21.82,2025/06/22,249,100.0,"MA20, MA50, MA200, RSI, MACD, OBV, Trend",7.6923076923076925,57.692307692307686,-49.99999999999999,0,0,False,False,False,False,False,True,False,False,False,False,False,True,True,True,False,False,False,False,True,True,False,True
IFF,Basic Materials,Specialty Chemicals,22.27,2025/06/22,249,100.0,"MA20, MA50, MA200, RSI, MACD, OBV, Trend",7.6923076923076925,57.692307692307686,-49.99999999999999,0,1,False,False,False,False,False,True,False,False,False,False,False,True,True,True,False,False,False,False,True,True,False,True
FUL,Basic Materials,Specialty Chemicals,3.45,2025/06/22,249,100.0,"MA20, MA50, MA200, RSI, MACD, OBV, Trend",7.6923076923076925,57.692307692307686,-49.99999999999999,1,0,False,False,False,False,False,False,False,False,False,False,True,True,True,True,False,False,True,False,True,True,False,False
CENX,Basic Materials,Aluminum,1.7,2025/06/22,249,100.0,"MA20, MA50, MA200, RSI, MACD, OBV, Trend",7.6923076923076925,57.692307692307686,-49.99999999999999,0,0,False,False,False,False,False,True,False,False,False,False,False,True,True,True,False,False,False,False,True,True,False,True
FIBK,Financial Services,Banks - Regional,3.5,2025/06/22,249,100.0,"MA20, MA50, MA200, RSI, MACD, OBV, Trend",7.6923076923076925,57.692307692307686,-49.99999999999999,0,0,False,False,False,False,False,True,False,False,False,False,False,True,True,True,False,False,False,False,True,True,False,True
SJW,Utilities,Utilities - Regulated Water,1.67,2025/06/22,249,100.0,"MA20, MA50, MA200, RSI, MACD, OBV, Trend",7.6923076923076925,57.692307692307686,-49.99999999999999,0,1,False,False,False,False,False,False,False,False,True,False,False,True,True,True,False,False,True,False,True,False,False,True
UHAL,Industrials,Rental & Leasing Services,12.35,2025/06/22,249,100.0,"MA20, MA50, MA200, RSI, MACD, OBV, Trend",7.6923076923076925,57.692307692307686,-49.99999999999999,0,0,False,False,False,False,False,True,False,False,False,False,False,True,True,True,False,False,False,False,True,True,False,True
NOVT,Technology,Scientific & Technical Instruments,5.38,2025/06/22,249,100.0,"MA20, MA50, MA200, RSI, MACD, OBV, Trend",7.6923076923076925,57.692307692307686,-49.99999999999999,0,0,False,False,False,False,False,True,False,False,False,False,False,True,True,True,False,False,False,False,True,True,False,True
PK,Real Estate,REIT - Hotel & Motel,2.78,2025/06/22,249,100.0,"MA20, MA50, MA200, RSI, MACD, OBV, Trend",7.6923076923076925,57.692307692307686,-49.99999999999999,0,1,False,False,False,False,False,True,False,False,False,False,False,True,True,True,False,False,False,False,True,True,False,True
K,Consumer Defensive,Packaged Foods,28.17,2025/06/22,249,100.0,"MA20, MA50, MA200, RSI, MACD, OBV, Trend",15.384615384615385,65.38461538461539,-50.0,0,3,False,False,False,False,False,True,True,False,False,False,False,True,True,True,False,True,False,False,False,True,True,True
CFR,Financial Services,Banks - Regional,9.02,2025/06/22,249,100.0,"MA20, MA50, MA200, RSI, MACD, OBV, Trend",11.538461538461538,61.53846153846154,-50.0,0,0,False,True,False,False,False,False,False,False,False,False,False,True,False,True,False,False,True,False,True,True,True,True
SILA,Real Estate,REIT - Healthcare Facilities,1.37,2025/06/22,249,100.0,"MA20, MA50, MA200, RSI, MACD, OBV, Trend",15.384615384615385,65.38461538461539,-50.0,1,0,False,False,False,False,False,True,True,False,False,False,False,True,True,True,False,False,False,False,True,True,True,True
PTON,Consumer Cyclical,Leisure,2.96,2025/06/22,249,100.0,"MA20, MA50, MA200, RSI, MACD, OBV, Trend",15.384615384615385,65.38461538461539,-50.0,0,0,False,False,False,False,False,True,True,False,False,False,False,True,True,True,False,False,False,False,True,True,True,True
KRNT,Industrials,Specialty Industrial Machinery,1.38,2025/06/22,249,100.0,"MA20, MA50, MA200, RSI, MACD, OBV, Trend",15.384615384615385,65.38461538461539,-50.0,0,0,False,False,False,False,False,True,True,False,False,False,False,True,True,True,False,False,False,False,True,True,True,True
KLC,Consumer Defensive,Education & Training Services,2.45,2025/06/22,174,76.92307692307693,"MA20, MA50, RSI, MACD, OBV, Trend",10.0,60.0,-50.0,0,0,False,False,,,False,True,False,False,False,False,False,True,True,,,False,False,False,False,True,True,True
CNP,Utilities,Utilities - Regulated Electric,21.23,2025/06/22,249,100.0,"MA20, MA50, MA200, RSI, MACD, OBV, Trend",11.538461538461538,61.53846153846154,-50.0,0,0,False,False,True,False,False,False,False,False,False,False,False,True,True,False,False,False,True,False,True,True,True,True
LB,Energy,Oil & Gas Equipment & Services,4.96,2025/06/22,245,100.0,"MA20, MA50, MA200, RSI, MACD, OBV, Trend",11.538461538461538,61.53846153846154,-50.0,0,0,False,False,True,False,False,False,False,False,False,False,False,True,True,False,False,False,True,False,True,True,True,True
VTR,Real Estate,REIT - Healthcare Facilities,25.35,2025/06/22,249,100.0,"MA20, MA50, MA200, RSI, MACD, OBV, Trend",15.384615384615385,65.38461538461539,-50.0,0,1,False,False,False,False,False,True,True,False,False,False,False,True,True,True,False,False,False,False,True,True,True,True
WSBC,Financial Services,Banks - Regional,2.34,2025/06/22,249,100.0,"MA20, MA50, MA200, RSI, MACD, OBV, Trend",11.538461538461538,61.53846153846154,-50.0,1,0,False,True,False,False,False,False,False,False,False,False,False,True,False,True,False,False,True,True,True,True,False,True
GRAB,Technology,Software - Application,18.69,2025/06/22,249,100.0,"MA20, MA50, MA200, RSI, MACD, OBV, Trend",19.230769230769234,73.07692307692307,-53.84615384615383,1,1,False,False,False,True,False,False,True,False,False,False,False,True,True,True,False,False,True,False,True,True,True,True
ESAB,Industrials,Metal Fabrication,7.49,2025/06/22,249,100.0,"MA20, MA50, MA200, RSI, MACD, OBV, Trend",19.230769230769234,73.07692307692307,-53.84615384615383,0,2,False,False,False,True,False,True,False,False,False,False,False,True,True,True,False,True,False,False,True,True,True,True
RPD,Technology,Software - Infrastructure,2.43,2025/06/22,249,100.0,"MA20, MA50, MA200, RSI, MACD, OBV, Trend",15.384615384615385,69.23076923076923,-53.84615384615384,0,1,False,False,False,False,False,True,False,False,True,False,False,True,True,True,True,False,False,True,True,False,False,True
FBIN,Industrials,Building Products & Equipment,8.9,2025/06/22,249,100.0,"MA20, MA50, MA200, RSI, MACD, OBV, Trend",15.384615384615385,69.23076923076923,-53.84615384615384,0,0,False,False,False,False,False,True,False,False,False,False,True,True,True,True,True,False,False,True,True,True,False,False
AMR,Basic Materials,Coking Coal,2.43,2025/06/22,249,100.0,"MA20, MA50, MA200, RSI, MACD, OBV, Trend",15.384615384615385,69.23076923076923,-53.84615384615384,0,1,False,False,False,False,False,True,False,False,True,False,False,True,True,True,True,False,False,True,True,False,False,True
WLK,Basic Materials,Specialty Chemicals,14.71,2025/06/22,249,100.0,"MA20, MA50, MA200, RSI, MACD, OBV, Trend",15.384615384615385,69.23076923076923,-53.84615384615384,0,0,False,False,False,False,False,False,False,False,True,False,True,True,True,True,True,False,True,True,True,False,False,False
HELE,Consumer Defensive,Household & Personal Products,1.41,2025/06/22,249,100.0,"MA20, MA50, MA200, RSI, MACD, OBV, Trend",15.384615384615385,69.23076923076923,-53.84615384615384,0,0,False,False,False,False,False,False,False,False,True,False,True,True,True,True,True,False,True,True,True,False,False,False
DCBO,Technology,Software - Application,1.28,2025/06/22,249,100.0,"MA20, MA50, MA200, RSI, MACD, OBV, Trend",15.384615384615385,69.23076923076923,-53.84615384615384,0,0,False,False,False,False,False,True,False,False,True,False,False,True,True,True,True,False,False,True,True,False,False,True
WABC,Financial Services,Banks - Regional,1.38,2025/06/22,249,100.0,"MA20, MA50, MA200, RSI, MACD, OBV, Trend",15.384615384615385,69.23076923076923,-53.84615384615384,1,0,False,False,False,False,False,True,False,False,False,False,True,True,True,True,True,False,False,False,True,True,True,False
FLO,Consumer Defensive,Packaged Foods,4.12,2025/06/22,249,100.0,"MA20, MA50, MA200, RSI, MACD, OBV, Trend",15.384615384615385,69.23076923076923,-53.84615384615384,0,0,False,False,False,False,False,True,False,False,False,False,True,True,True,True,True,False,False,False,True,True,True,False
QCRH,Financial Services,Banks - Regional,1.32,2025/06/22,249,100.0,"MA20, MA50, MA200, RSI, MACD, OBV, Trend",15.384615384615385,69.23076923076923,-53.84615384615384,0,0,False,False,False,False,False,True,False,False,False,False,True,True,True,True,True,False,False,False,True,True,True,False
GBTG,Technology,Software - Application,4.15,2025/06/22,249,100.0,"MA20, MA50, MA200, RSI, MACD, OBV, Trend",15.384615384615385,69.23076923076923,-53.84615384615384,0,1,False,False,False,False,False,True,True,False,False,False,False,True,True,True,True,False,False,False,True,True,False,True
CLBK,Financial Services,Banks - Regional,1.56,2025/06/22,249,100.0,"MA20, MA50, MA200, RSI, MACD, OBV, Trend",15.384615384615385,69.23076923076923,-53.84615384615384,1,0,False,False,False,False,False,True,False,False,False,False,True,True,True,True,True,False,False,False,True,True,True,False
BSM,Energy,Oil & Gas E&P,3.05,2025/06/22,249,100.0,"MA20, MA50, MA200, RSI, MACD, OBV, Trend",15.384615384615385,69.23076923076923,-53.84615384615384,1,1,False,False,False,False,False,True,False,False,False,False,True,True,True,True,True,False,False,False,True,True,True,False
JJSF,Consumer Defensive,Packaged Foods,2.67,2025/06/22,249,100.0,"MA20, MA50, MA200, RSI, MACD, OBV, Trend",15.384615384615385,69.23076923076923,-53.84615384615384,0,1,False,False,False,False,False,True,False,False,True,False,False,True,True,True,True,False,False,True,True,False,False,True
TFX,Healthcare,Medical Instruments & Supplies,8.37,2025/06/22,249,100.0,"MA20, MA50, MA200, RSI, MACD, OBV, Trend",15.384615384615385,69.23076923076923,-53.84615384615384,1,0,False,False,False,False,False,True,False,False,False,False,True,True,True,True,True,False,False,False,True,True,True,False
CBT,Basic Materials,Specialty Chemicals,4.69,2025/06/22,249,100.0,"MA20, MA50, MA200, RSI, MACD, OBV, Trend",15.384615384615385,69.23076923076923,-53.84615384615384,0,0,False,False,False,False,False,True,False,False,False,False,True,True,True,True,True,False,False,True,True,True,False,False
VVX,Industrials,Aerospace & Defense,1.65,2025/06/22,249,100.0,"MA20, MA50, MA200, RSI, MACD, OBV, Trend",15.384615384615385,69.23076923076923,-53.84615384615384,0,1,False,False,False,False,False,True,False,False,True,False,False,True,True,True,True,False,False,True,True,False,False,True
CABO,Communication Services,Telecom Services,1.71,2025/06/22,249,100.0,"MA20, MA50, MA200, RSI, MACD, OBV, Trend",15.384615384615385,69.23076923076923,-53.84615384615384,0,0,False,False,False,False,False,True,False,False,True,False,False,True,True,True,True,False,False,False,True,False,True,True
DJT,Communication Services,Internet Content & Information,6.91,2025/06/22,249,100.0,"MA20, MA50, MA200, RSI, MACD, OBV, Trend",15.384615384615385,69.23076923076923,-53.84615384615384,0,1,False,False,False,False,False,True,True,False,False,False,False,True,True,True,True,False,False,False,False,True,True,True
TVTX,Healthcare,Biotechnology,1.78,2025/06/22,249,100.0,"MA20, MA50, MA200, RSI, MACD, OBV, Trend",15.384615384615385,69.23076923076923,-53.84615384615384,0,0,False,False,False,False,False,False,False,False,True,False,True,True,True,True,True,False,True,False,True,False,True,False
BDX,Healthcare,Medical Instruments & Supplies,71.81,2025/06/22,249,100.0,"MA20, MA50, MA200, RSI, MACD, OBV, Trend",15.384615384615385,69.23076923076923,-53.84615384615384,0,0,False,False,False,False,False,True,False,False,True,False,False,True,True,True,True,False,False,True,True,False,False,True
SG,Consumer Cyclical,Restaurants,3.81,2025/06/22,249,100.0,"MA20, MA50, MA200, RSI, MACD, OBV, Trend",15.384615384615385,69.23076923076923,-53.84615384615384,0,0,False,False,False,False,False,True,False,False,True,False,False,True,True,True,True,False,False,False,True,False,True,True
SFNC,Financial Services,Banks - Regional,2.85,2025/06/22,249,100.0,"MA20, MA50, MA200, RSI, MACD, OBV, Trend",15.384615384615385,69.23076923076923,-53.84615384615384,1,0,False,False,False,False,False,True,False,False,False,False,True,True,True,True,True,False,False,False,True,True,True,False
UFPI,Basic Materials,Lumber & Wood Production,7.02,2025/06/22,249,100.0,"MA20, MA50, MA200, RSI, MACD, OBV, Trend",15.384615384615385,69.23076923076923,-53.84615384615384,1,0,False,False,False,False,False,True,False,False,False,False,True,True,True,True,True,False,False,True,True,True,False,False
THS,Consumer Defensive,Packaged Foods,1.77,2025/06/22,249,100.0,"MA20, MA50, MA200, RSI, MACD, OBV, Trend",15.384615384615385,69.23076923076923,-53.84615384615384,1,0,False,False,False,False,False,True,False,False,False,False,True,True,True,True,True,False,False,False,True,True,True,False
PSEC,Financial Services,Asset Management,1.88,2025/06/22,249,100.0,"MA20, MA50, MA200, RSI, MACD, OBV, Trend",15.384615384615385,69.23076923076923,-53.84615384615384,0,0,False,False,False,False,False,True,False,False,False,False,True,True,True,True,True,False,False,True,True,True,False,False
NFE,Utilities,Utilities - Regulated Gas,4.01,2025/06/22,249,100.0,"MA20, MA50, MA200, RSI, MACD, OBV, Trend",15.384615384615385,69.23076923076923,-53.84615384615384,1,1,False,False,False,False,False,True,False,False,True,False,False,True,True,True,True,False,False,False,True,False,True,True
WEAV,Healthcare,Health Information Services,1.19,2025/06/22,249,100.0,"MA20, MA50, MA200, RSI, MACD, OBV, Trend",15.384615384615385,69.23076923076923,-53.84615384615384,0,0,False,False,False,False,False,True,True,False,False,False,False,True,True,True,True,False,False,False,False,True,True,True
EQX,Basic Materials,Gold,2.78,2025/06/22,249,100.0,"MA20, MA50, MA200, RSI, MACD, OBV, Trend",11.538461538461538,65.38461538461539,-53.84615384615385,0,1,False,False,False,True,False,False,False,False,False,False,False,True,True,True,False,False,True,False,True,True,False,True
GME,Consumer Cyclical,Specialty Retail,12.02,2025/06/22,249,100.0,"MA20, MA50, MA200, RSI, MACD, OBV, Trend",11.538461538461538,65.38461538461539,-53.84615384615385,0,1,False,False,False,True,False,False,False,False,False,False,False,True,True,True,False,False,True,False,True,True,False,True
ISRG,Healthcare,Medical Instruments & Supplies,203.97,2025/06/22,249,100.0,"MA20, MA50, MA200, RSI, MACD, OBV, Trend",11.538461538461538,65.38461538461539,-53.84615384615385,0,1,False,False,False,True,False,False,False,False,False,False,False,True,True,True,False,False,True,False,True,True,False,True
DOCU,Technology,Software - Application,19.54,2025/06/22,249,100.0,"MA20, MA50, MA200, RSI, MACD, OBV, Trend",11.538461538461538,65.38461538461539,-53.84615384615385,1,0,False,False,False,True,False,False,False,False,False,False,False,True,True,True,False,False,True,False,True,True,False,True
ADMA,Healthcare,Biotechnology,3.82,2025/06/22,249,100.0,"MA20, MA50, MA200, RSI, MACD, OBV, Trend",15.384615384615385,73.07692307692307,-57.69230769230768,0,2,False,False,False,False,False,True,True,False,False,False,False,True,True,True,False,True,False,False,True,True,True,True
RPM,Basic Materials,Specialty Chemicals,16.28,2025/06/22,249,100.0,"MA20, MA50, MA200, RSI, MACD, OBV, Trend",7.6923076923076925,65.38461538461539,-57.69230769230769,0,0,False,False,False,False,False,True,False,False,False,False,False,True,True,True,False,False,False,False,True,True,True,True
ATRC,Healthcare,Medical Instruments & Supplies,1.98,2025/06/22,249,100.0,"MA20, MA50, MA200, RSI, MACD, OBV, Trend",7.6923076923076925,65.38461538461539,-57.69230769230769,0,0,False,False,False,False,False,True,False,False,False,False,False,True,True,True,False,False,False,False,True,True,True,True
RGA,Financial Services,Insurance - Reinsurance,15.01,2025/06/22,249,100.0,"MA20, MA50, MA200, RSI, MACD, OBV, Trend",7.6923076923076925,65.38461538461539,-57.69230769230769,0,0,False,False,False,False,False,False,False,False,False,False,True,True,True,True,False,False,True,False,True,True,True,False
WCN,Industrials,Waste Management,47.41,2025/06/22,249,100.0,"MA20, MA50, MA200, RSI, MACD, OBV, Trend",7.6923076923076925,65.38461538461539,-57.69230769230769,0,0,False,False,False,False,False,True,False,False,False,False,False,True,True,True,False,False,False,False,True,True,True,True
GWW,Industrials,Industrial Distribution,51.75,2025/06/22,249,100.0,"MA20, MA50, MA200, RSI, MACD, OBV, Trend",7.6923076923076925,65.38461538461539,-57.69230769230769,0,1,False,False,False,False,False,True,False,False,False,False,False,True,True,True,False,False,False,False,True,True,True,True
SRE,Utilities,Utilities - Diversified,52.53,2025/06/22,249,100.0,"MA20, MA50, MA200, RSI, MACD, OBV, Trend",7.6923076923076925,65.38461538461539,-57.69230769230769,0,1,False,False,False,False,False,True,False,False,False,False,False,True,True,True,False,False,False,False,True,True,True,True
HBI,Consumer Cyclical,Apparel Manufacturing,2.86,2025/06/22,249,100.0,"MA20, MA50, MA200, RSI, MACD, OBV, Trend",7.6923076923076925,65.38461538461539,-57.69230769230769,0,0,False,False,False,False,False,True,False,False,False,False,False,True,True,True,False,False,False,False,True,True,True,True
STEP,Financial Services,Asset Management,7.79,2025/06/22,249,100.0,"MA20, MA50, MA200, RSI, MACD, OBV, Trend",7.6923076923076925,65.38461538461539,-57.69230769230769,0,0,False,False,False,False,False,True,False,False,False,False,False,True,True,True,False,False,False,False,True,True,True,True
FIHL,Financial Services,Insurance - Diversified,1.84,2025/06/22,249,100.0,"MA20, MA50, MA200, RSI, MACD, OBV, Trend",7.6923076923076925,65.38461538461539,-57.69230769230769,1,0,False,False,False,False,False,True,False,False,False,False,False,True,True,True,False,False,False,False,True,True,True,True
MRNA,Healthcare,Biotechnology,15.17,2025/06/22,249,100.0,"MA20, MA50, MA200, RSI, MACD, OBV, Trend",7.6923076923076925,65.38461538461539,-57.69230769230769,0,0,False,False,False,False,False,True,False,False,False,False,False,True,True,True,False,False,False,True,True,True,False,True
CASH,Financial Services,Banks - Regional,1.92,2025/06/22,249,100.0,"MA20, MA50, MA200, RSI, MACD, OBV, Trend",7.6923076923076925,65.38461538461539,-57.69230769230769,1,0,False,False,False,False,False,True,False,False,False,False,False,True,True,True,False,False,False,False,True,True,True,True
EPAM,Technology,Information Technology Services,14.4,2025/06/22,249,100.0,"MA20, MA50, MA200, RSI, MACD, OBV, Trend",7.6923076923076925,65.38461538461539,-57.69230769230769,0,0,False,False,False,False,False,True,False,False,False,False,False,True,True,True,False,False,False,False,True,True,True,True
GPC,Consumer Cyclical,Auto Parts,16.16,2025/06/22,249,100.0,"MA20, MA50, MA200, RSI, MACD, OBV, Trend",7.6923076923076925,65.38461538461539,-57.69230769230769,0,0,False,False,False,False,False,True,False,False,False,False,False,True,True,True,False,False,False,False,True,True,True,True
ALGT,Industrials,Airlines,1.91,2025/06/22,249,100.0,"MA20, MA50, MA200, RSI, MACD, OBV, Trend",7.6923076923076925,65.38461538461539,-57.69230769230769,0,0,False,False,False,False,False,True,False,False,False,False,False,True,True,True,False,False,False,False,True,True,True,True
SNA,Industrials,Tools & Accessories,18.64,2025/06/22,249,100.0,"MA20, MA50, MA200, RSI, MACD, OBV, Trend",7.6923076923076925,65.38461538461539,-57.69230769230769,0,1,False,False,False,False,False,True,False,False,False,False,False,True,True,True,False,False,False,False,True,True,True,True
PROK,Healthcare,Biotechnology,1.81,2025/06/22,249,100.0,"MA20, MA50, MA200, RSI, MACD, OBV, Trend",7.6923076923076925,65.38461538461539,-57.69230769230769,0,3,False,False,False,False,False,True,False,False,False,False,False,True,True,True,False,True,False,False,True,True,False,True
CMS,Utilities,Utilities - Regulated Electric,19.72,2025/06/22,249,100.0,"MA20, MA50, MA200, RSI, MACD, OBV, Trend",7.6923076923076925,65.38461538461539,-57.69230769230769,0,0,False,False,False,False,False,False,True,False,False,False,False,True,True,True,False,False,True,False,True,True,False,True
FFBC,Financial Services,Banks - Regional,2.68,2025/06/22,249,100.0,"MA20, MA50, MA200, RSI, MACD, OBV, Trend",7.6923076923076925,65.38461538461539,-57.69230769230769,0,1,False,False,False,False,False,True,False,False,False,False,False,True,True,True,False,False,False,False,True,True,True,True
ODFL,Industrials,Trucking,39.63,2025/06/22,249,100.0,"MA20, MA50, MA200, RSI, MACD, OBV, Trend",7.6923076923076925,65.38461538461539,-57.69230769230769,0,0,False,False,False,False,False,True,False,False,False,False,False,True,True,True,False,False,False,False,True,True,True,True
TNET,Industrials,Staffing & Employment Services,4.63,2025/06/22,249,100.0,"MA20, MA50, MA200, RSI, MACD, OBV, Trend",7.6923076923076925,65.38461538461539,-57.69230769230769,0,1,False,False,False,False,False,True,False,False,False,False,False,True,True,True,False,False,False,False,True,True,True,True
VECO,Technology,Semiconductor Equipment & Materials,1.44,2025/06/22,249,100.0,"MA20, MA50, MA200, RSI, MACD, OBV, Trend",7.6923076923076925,65.38461538461539,-57.69230769230769,0,1,False,False,False,False,False,True,False,False,False,False,False,True,True,True,False,False,False,True,True,True,False,True
TCOM,Consumer Cyclical,Travel Services,45.88,2025/06/22,249,100.0,"MA20, MA50, MA200, RSI, MACD, OBV, Trend",7.6923076923076925,65.38461538461539,-57.69230769230769,0,1,False,False,False,False,False,True,False,False,False,False,False,True,True,True,False,False,False,False,True,True,True,True
STLA,Consumer Cyclical,Auto Manufacturers,38.98,2025/06/22,249,100.0,"MA20, MA50, MA200, RSI, MACD, OBV, Trend",7.6923076923076925,65.38461538461539,-57.69230769230769,0,0,False,False,False,False,False,True,False,False,False,False,False,True,True,True,False,False,False,False,True,True,True,True
AHCO,Healthcare,Medical Devices,1.46,2025/06/22,249,100.0,"MA20, MA50, MA200, RSI, MACD, OBV, Trend",7.6923076923076925,65.38461538461539,-57.69230769230769,0,1,False,False,False,False,False,True,False,False,False,False,False,True,True,True,False,False,False,False,True,True,True,True
MBLY,Consumer Cyclical,Auto Parts,13.4,2025/06/22,249,100.0,"MA20, MA50, MA200, RSI, MACD, OBV, Trend",7.6923076923076925,65.38461538461539,-57.69230769230769,0,0,False,False,False,False,False,True,False,False,False,False,False,True,True,True,False,False,False,False,True,True,True,True
UHS,Healthcare,Medical Care Facilities,12.44,2025/06/22,249,100.0,"MA20, MA50, MA200, RSI, MACD, OBV, Trend",7.6923076923076925,65.38461538461539,-57.69230769230769,0,2,False,False,False,False,False,True,False,False,False,False,False,True,True,True,False,True,False,False,True,True,False,True
SKYW,Industrials,Airlines,4.88,2025/06/22,249,100.0,"MA20, MA50, MA200, RSI, MACD, OBV, Trend",7.6923076923076925,65.38461538461539,-57.69230769230769,0,0,False,False,False,False,False,True,False,False,False,False,False,True,True,True,False,False,False,False,True,True,True,True
FDS,Financial Services,Financial Data & Stock Exchanges,18.04,2025/06/22,249,100.0,"MA20, MA50, MA200, RSI, MACD, OBV, Trend",7.6923076923076925,65.38461538461539,-57.69230769230769,0,1,False,False,False,False,False,True,False,False,False,False,False,True,True,True,False,False,False,False,True,True,True,True
HRB,Consumer Cyclical,Personal Services,7.58,2025/06/22,249,100.0,"MA20, MA50, MA200, RSI, MACD, OBV, Trend",7.6923076923076925,65.38461538461539,-57.69230769230769,0,0,False,False,False,False,False,True,False,False,False,False,False,True,True,True,False,False,False,False,True,True,True,True
WSC,Industrials,Rental & Leasing Services,6.85,2025/06/22,249,100.0,"MA20, MA50, MA200, RSI, MACD, OBV, Trend",7.6923076923076925,65.38461538461539,-57.69230769230769,0,1,False,False,False,False,False,True,False,False,False,False,False,True,True,True,False,False,False,True,True,True,False,True
CHH,Consumer Cyclical,Lodging,6.93,2025/06/22,249,100.0,"MA20, MA50, MA200, RSI, MACD, OBV, Trend",7.6923076923076925,65.38461538461539,-57.69230769230769,0,0,False,False,False,False,False,True,False,False,False,False,False,True,True,True,False,False,False,False,True,True,True,True
HD,Consumer Cyclical,Home Improvement Retail,411.75,2025/06/22,249,100.0,"MA20, MA50, MA200, RSI, MACD, OBV, Trend",7.6923076923076925,65.38461538461539,-57.69230769230769,1,0,False,False,False,False,False,True,False,False,False,False,False,True,True,True,False,False,False,False,True,True,True,True
NVAX,Healthcare,Biotechnology,1.39,2025/06/22,249,100.0,"MA20, MA50, MA200, RSI, MACD, OBV, Trend",7.6923076923076925,65.38461538461539,-57.69230769230769,0,0,False,False,False,False,False,True,False,False,False,False,False,True,True,True,False,False,False,False,True,True,True,True
SSB,Financial Services,Banks - Regional,10.68,2025/06/22,249,100.0,"MA20, MA50, MA200, RSI, MACD, OBV, Trend",7.6923076923076925,65.38461538461539,-57.69230769230769,0,0,False,False,False,False,False,True,False,False,False,False,False,True,True,True,False,False,False,False,True,True,True,True
MTX,Basic Materials,Specialty Chemicals,2.45,2025/06/22,249,100.0,"MA20, MA50, MA200, RSI, MACD, OBV, Trend",7.6923076923076925,65.38461538461539,-57.69230769230769,0,1,False,False,False,False,False,True,False,False,False,False,False,True,True,True,False,False,False,False,True,True,True,True
HRI,Industrials,Rental & Leasing Services,5.79,2025/06/22,249,100.0,"MA20, MA50, MA200, RSI, MACD, OBV, Trend",7.6923076923076925,65.38461538461539,-57.69230769230769,0,0,False,False,False,False,False,True,False,False,False,False,False,True,True,True,False,False,False,False,True,True,True,True
GABC,Financial Services,Banks - Regional,1.23,2025/06/22,249,100.0,"MA20, MA50, MA200, RSI, MACD, OBV, Trend",7.6923076923076925,65.38461538461539,-57.69230769230769,1,0,False,False,False,False,False,True,False,False,False,False,False,True,True,True,False,False,False,False,True,True,True,True
BHP,Basic Materials,Other Industrial Metals & Mining,125.87,2025/06/22,249,100.0,"MA20, MA50, MA200, RSI, MACD, OBV, Trend",7.6923076923076925,65.38461538461539,-57.69230769230769,0,1,False,False,False,False,False,True,False,False,False,False,False,True,True,True,False,False,False,False,True,True,True,True
TRIP,Consumer Cyclical,Travel Services,2.39,2025/06/22,249,100.0,"MA20, MA50, MA200, RSI, MACD, OBV, Trend",7.6923076923076925,65.38461538461539,-57.69230769230769,0,0,False,False,False,False,False,True,False,False,False,False,False,True,True,True,False,False,False,False,True,True,True,True
SON,Consumer Cyclical,Packaging & Containers,4.68,2025/06/22,249,100.0,"MA20, MA50, MA200, RSI, MACD, OBV, Trend",7.6923076923076925,65.38461538461539,-57.69230769230769,0,0,False,False,False,False,False,True,False,False,False,False,False,True,True,True,False,False,False,False,True,True,True,True
TMUS,Communication Services,Telecom Services,266.65,2025/06/22,249,100.0,"MA20, MA50, MA200, RSI, MACD, OBV, Trend",7.6923076923076925,65.38461538461539,-57.69230769230769,0,1,False,False,False,False,False,True,False,False,False,False,False,True,True,True,False,False,False,False,True,True,True,True
SHW,Basic Materials,Specialty Chemicals,90.2,2025/06/22,249,100.0,"MA20, MA50, MA200, RSI, MACD, OBV, Trend",7.6923076923076925,65.38461538461539,-57.69230769230769,0,0,False,False,False,False,False,True,False,False,False,False,False,True,True,True,False,False,False,False,True,True,True,True
TM,Consumer Cyclical,Auto Manufacturers,252.64,2025/06/22,249,100.0,"MA20, MA50, MA200, RSI, MACD, OBV, Trend",7.6923076923076925,65.38461538461539,-57.69230769230769,0,0,False,False,False,False,False,True,False,False,False,False,False,True,True,True,False,False,False,False,True,True,True,True
MMS,Industrials,Specialty Business Services,4.3,2025/06/22,249,100.0,"MA20, MA50, MA200, RSI, MACD, OBV, Trend",7.6923076923076925,65.38461538461539,-57.69230769230769,0,0,False,False,False,False,False,True,False,False,False,False,False,True,True,True,False,False,False,False,True,True,True,True
BOH,Financial Services,Banks - Regional,2.96,2025/06/22,249,100.0,"MA20, MA50, MA200, RSI, MACD, OBV, Trend",7.6923076923076925,65.38461538461539,-57.69230769230769,0,0,False,False,False,False,False,True,False,False,False,False,False,True,True,True,False,False,False,False,True,True,True,True
QDEL,Healthcare,Medical Devices,2.92,2025/06/22,249,100.0,"MA20, MA50, MA200, RSI, MACD, OBV, Trend",7.6923076923076925,65.38461538461539,-57.69230769230769,0,0,False,False,False,False,False,True,False,False,False,False,False,True,True,True,False,False,False,False,True,True,True,True
BTDR,Technology,Software - Application,3.57,2025/06/22,249,100.0,"MA20, MA50, MA200, RSI, MACD, OBV, Trend",7.6923076923076925,65.38461538461539,-57.69230769230769,0,1,False,False,False,False,False,True,False,False,False,False,False,True,True,True,False,False,False,False,True,True,True,True
WAFD,Financial Services,Banks - Regional,2.42,2025/06/22,249,100.0,"MA20, MA50, MA200, RSI, MACD, OBV, Trend",7.6923076923076925,65.38461538461539,-57.69230769230769,1,0,False,False,False,False,False,True,False,False,False,False,False,True,True,True,False,False,False,False,True,True,True,True
PPBI,Financial Services,Banks - Regional,2.5,2025/06/22,249,100.0,"MA20, MA50, MA200, RSI, MACD, OBV, Trend",7.6923076923076925,65.38461538461539,-57.69230769230769,0,0,False,False,False,False,False,True,False,False,False,False,False,True,True,True,False,False,False,False,True,True,True,True
CERT,Healthcare,Health Information Services,2.29,2025/06/22,249,100.0,"MA20, MA50, MA200, RSI, MACD, OBV, Trend",7.6923076923076925,65.38461538461539,-57.69230769230769,0,1,False,False,False,False,False,True,False,False,False,False,False,True,True,True,False,False,False,False,True,True,True,True
CEPU,Utilities,Utilities - Regulated Electric,2.18,2025/06/22,249,100.0,"MA20, MA50, MA200, RSI, MACD, OBV, Trend",7.6923076923076925,65.38461538461539,-57.69230769230769,0,0,False,False,False,False,False,False,True,False,False,False,False,True,True,True,False,False,True,False,True,True,False,True
JBLU,Industrials,Airlines,2.28,2025/06/22,249,100.0,"MA20, MA50, MA200, RSI, MACD, OBV, Trend",7.6923076923076925,65.38461538461539,-57.69230769230769,0,0,False,False,False,False,False,True,False,False,False,False,False,True,True,True,False,False,False,False,True,True,True,True
BCPC,Basic Materials,Specialty Chemicals,5.2,2025/06/22,249,100.0,"MA20, MA50, MA200, RSI, MACD, OBV, Trend",7.6923076923076925,65.38461538461539,-57.69230769230769,0,1,False,False,False,False,False,True,False,False,False,False,False,True,True,True,False,False,False,False,True,True,True,True
IEP,Energy,Oil & Gas Refining & Marketing,4.91,2025/06/22,249,100.0,"MA20, MA50, MA200, RSI, MACD, OBV, Trend",7.6923076923076925,65.38461538461539,-57.69230769230769,0,0,False,False,False,False,False,False,False,False,True,False,False,True,True,True,False,False,True,True,True,False,False,True
AXSM,Healthcare,Biotechnology,5.16,2025/06/22,249,100.0,"MA20, MA50, MA200, RSI, MACD, OBV, Trend",7.6923076923076925,65.38461538461539,-57.69230769230769,0,0,False,False,False,False,False,True,False,False,False,False,False,True,True,True,False,False,False,False,True,True,True,True
ARDT,Healthcare,Medical Care Facilities,2.15,2025/06/22,232,100.0,"MA20, MA50, MA200, RSI, MACD, OBV, Trend",7.6923076923076925,65.38461538461539,-57.69230769230769,0,0,False,False,False,False,False,True,False,False,False,False,False,True,True,True,False,False,False,False,True,True,True,True
TDC,Technology,Software - Infrastructure,3.05,2025/06/22,249,100.0,"MA20, MA50, MA200, RSI, MACD, OBV, Trend",7.6923076923076925,65.38461538461539,-57.69230769230769,0,1,False,False,False,False,False,True,False,False,False,False,False,True,True,True,False,False,False,False,True,True,True,True
FBNC,Financial Services,Banks - Regional,1.82,2025/06/22,249,100.0,"MA20, MA50, MA200, RSI, MACD, OBV, Trend",7.6923076923076925,65.38461538461539,-57.69230769230769,0,0,False,False,False,False,False,True,False,False,False,False,False,True,True,True,False,False,False,False,True,True,True,True
HRMY,Healthcare,Biotechnology,2.21,2025/06/22,249,100.0,"MA20, MA50, MA200, RSI, MACD, OBV, Trend",7.6923076923076925,65.38461538461539,-57.69230769230769,0,0,False,False,False,False,False,True,False,False,False,False,False,True,True,True,False,False,False,False,True,True,True,True
LEN,Consumer Cyclical,Residential Construction,34.67,2025/06/22,249,100.0,"MA20, MA50, MA200, RSI, MACD, OBV, Trend",7.6923076923076925,65.38461538461539,-57.69230769230769,0,1,False,False,False,False,False,True,False,False,False,False,False,True,True,True,False,False,False,True,True,True,False,True
STBA,Financial Services,Banks - Regional,1.51,2025/06/22,249,100.0,"MA20, MA50, MA200, RSI, MACD, OBV, Trend",7.6923076923076925,65.38461538461539,-57.69230769230769,1,0,False,False,False,False,False,True,False,False,False,False,False,True,True,True,False,False,False,False,True,True,True,True
YUM,Consumer Cyclical,Restaurants,36.42,2025/06/22,249,100.0,"MA20, MA50, MA200, RSI, MACD, OBV, Trend",7.6923076923076925,65.38461538461539,-57.69230769230769,0,0,False,False,False,False,False,True,False,False,False,False,False,True,True,True,False,False,False,False,True,True,True,True
NWE,Utilities,Utilities - Regulated Electric,3.31,2025/06/22,249,100.0,"MA20, MA50, MA200, RSI, MACD, OBV, Trend",7.6923076923076925,65.38461538461539,-57.69230769230769,0,0,False,False,False,False,False,True,False,False,False,False,False,True,True,True,False,False,False,False,True,True,True,True
COLB,Financial Services,Banks - Regional,5.87,2025/06/22,249,100.0,"MA20, MA50, MA200, RSI, MACD, OBV, Trend",7.6923076923076925,65.38461538461539,-57.69230769230769,0,0,False,False,False,False,False,True,False,False,False,False,False,True,True,True,False,False,False,False,True,True,True,True
APPN,Technology,Software - Infrastructure,2.59,2025/06/22,249,100.0,"MA20, MA50, MA200, RSI, MACD, OBV, Trend",7.6923076923076925,65.38461538461539,-57.69230769230769,0,0,False,False,False,False,False,True,False,False,False,False,False,True,True,True,False,False,False,False,True,True,True,True
ALSN,Consumer Cyclical,Auto Parts,10.18,2025/06/22,249,100.0,"MA20, MA50, MA200, RSI, MACD, OBV, Trend",7.6923076923076925,65.38461538461539,-57.69230769230769,0,2,False,False,False,False,False,True,False,False,False,False,False,True,True,True,False,True,False,False,False,True,True,True
DOW,Basic Materials,Chemicals,27.48,2025/06/22,249,100.0,"MA20, MA50, MA200, RSI, MACD, OBV, Trend",7.6923076923076925,65.38461538461539,-57.69230769230769,0,1,False,False,False,False,False,True,False,False,False,False,False,True,True,True,False,False,False,True,True,True,False,True
YELP,Communication Services,Internet Content & Information,2.63,2025/06/22,249,100.0,"MA20, MA50, MA200, RSI, MACD, OBV, Trend",7.6923076923076925,65.38461538461539,-57.69230769230769,0,1,False,False,False,False,False,True,False,False,False,False,False,True,True,True,False,False,False,False,True,True,True,True
CDW,Technology,Information Technology Services,26.54,2025/06/22,249,100.0,"MA20, MA50, MA200, RSI, MACD, OBV, Trend",7.6923076923076925,65.38461538461539,-57.69230769230769,0,0,False,False,False,False,False,True,False,False,False,False,False,True,True,True,False,False,False,False,True,True,True,True
ATMU,Industrials,Pollution & Treatment Controls,3.56,2025/06/22,249,100.0,"MA20, MA50, MA200, RSI, MACD, OBV, Trend",7.6923076923076925,65.38461538461539,-57.69230769230769,0,1,False,False,False,False,False,True,False,False,False,False,False,True,True,True,False,False,False,False,True,True,True,True
CROX,Consumer Cyclical,Footwear & Accessories,5.95,2025/06/22,249,100.0,"MA20, MA50, MA200, RSI, MACD, OBV, Trend",7.6923076923076925,65.38461538461539,-57.69230769230769,0,0,False,False,False,False,False,True,False,False,False,False,False,True,True,True,False,False,False,True,True,True,False,True
MDU,Industrials,Conglomerates,3.63,2025/06/22,249,100.0,"MA20, MA50, MA200, RSI, MACD, OBV, Trend",7.6923076923076925,65.38461538461539,-57.69230769230769,0,0,False,False,False,False,False,True,False,False,False,False,False,True,True,True,False,False,False,False,True,True,True,True
LKQ,Consumer Cyclical,Auto Parts,9.72,2025/06/22,249,100.0,"MA20, MA50, MA200, RSI, MACD, OBV, Trend",7.6923076923076925,65.38461538461539,-57.69230769230769,0,0,False,False,False,False,False,True,False,False,False,False,False,True,True,True,False,False,False,False,True,True,True,True
CBU,Financial Services,Banks - Regional,3.45,2025/06/22,249,100.0,"MA20, MA50, MA200, RSI, MACD, OBV, Trend",7.6923076923076925,65.38461538461539,-57.69230769230769,0,1,False,False,False,False,False,True,False,False,False,False,False,True,True,True,False,False,False,False,True,True,True,True
CNMD,Healthcare,Medical Devices,2.22,2025/06/22,249,100.0,"MA20, MA50, MA200, RSI, MACD, OBV, Trend",7.6923076923076925,65.38461538461539,-57.69230769230769,0,0,False,False,False,False,False,True,False,False,False,False,False,True,True,True,False,False,False,False,True,True,True,True
CHRW,Industrials,Integrated Freight & Logistics,11.76,2025/06/22,249,100.0,"MA20, MA50, MA200, RSI, MACD, OBV, Trend",7.6923076923076925,65.38461538461539,-57.69230769230769,0,0,False,False,False,False,False,True,False,False,False,False,False,True,True,True,False,False,False,False,True,True,True,True
WTRG,Utilities,Utilities - Regulated Water,9.74,2025/06/22,249,100.0,"MA20, MA50, MA200, RSI, MACD, OBV, Trend",7.6923076923076925,65.38461538461539,-57.69230769230769,0,1,False,False,False,False,False,True,False,False,False,False,False,True,True,True,False,False,False,False,True,True,True,True
TKC,Communication Services,Telecom Services,6.58,2025/06/22,249,100.0,"MA20, MA50, MA200, RSI, MACD, OBV, Trend",7.6923076923076925,65.38461538461539,-57.69230769230769,0,1,False,False,False,False,False,True,False,False,False,False,False,True,True,True,False,False,False,False,True,True,True,True
CON,Healthcare,Medical Care Facilities,2.99,2025/06/22,227,100.0,"MA20, MA50, MA200, RSI, MACD, OBV, Trend",7.6923076923076925,65.38461538461539,-57.69230769230769,0,1,False,False,False,False,False,True,False,False,False,False,False,True,True,True,False,False,False,False,True,True,True,True
EMN,Basic Materials,Specialty Chemicals,11.55,2025/06/22,249,100.0,"MA20, MA50, MA200, RSI, MACD, OBV, Trend",7.6923076923076925,65.38461538461539,-57.69230769230769,0,0,False,False,False,False,False,True,False,False,False,False,False,True,True,True,False,False,False,False,True,True,True,True
BRO,Financial Services,Insurance Brokers,29.93,2025/06/22,249,100.0,"MA20, MA50, MA200, RSI, MACD, OBV, Trend",7.6923076923076925,65.38461538461539,-57.69230769230769,1,3,False,False,False,False,False,False,False,False,True,False,False,True,True,True,False,True,True,False,True,False,False,True
SOC,Energy,Oil & Gas Drilling,2.22,2025/06/22,249,100.0,"MA20, MA50, MA200, RSI, MACD, OBV, Trend",11.538461538461538,73.07692307692307,-61.538461538461526,0,0,False,False,False,True,False,False,False,False,False,False,False,True,True,True,False,False,True,False,True,True,True,True
GAP,Consumer Cyclical,Apparel Retail,9.08,2025/06/22,249,100.0,"MA20, MA50, MA200, RSI, MACD, OBV, Trend",11.538461538461538,73.07692307692307,-61.538461538461526,0,0,False,False,False,True,False,False,False,False,False,False,False,True,True,True,False,False,True,True,True,True,False,True
QSR,Consumer Cyclical,Restaurants,27.79,2025/06/22,249,100.0,"MA20, MA50, MA200, RSI, MACD, OBV, Trend",11.538461538461538,73.07692307692307,-61.538461538461526,0,0,False,False,False,True,False,False,False,False,False,False,False,True,True,True,False,False,True,False,True,True,True,True
STAA,Healthcare,Medical Instruments & Supplies,1.19,2025/06/22,249,100.0,"MA20, MA50, MA200, RSI, MACD, OBV, Trend",7.6923076923076925,69.23076923076923,-61.53846153846153,0,0,False,False,False,False,False,True,False,False,False,False,False,True,True,True,True,False,False,False,True,True,False,True
YUMC,Consumer Cyclical,Restaurants,17.43,2025/06/22,249,100.0,"MA20, MA50, MA200, RSI, MACD, OBV, Trend",7.6923076923076925,69.23076923076923,-61.53846153846153,0,0,False,False,False,False,False,False,False,False,False,False,True,True,True,True,True,False,True,False,True,True,False,False
IBTA,Technology,Software - Application,1.99,2025/06/22,249,100.0,"MA20, MA50, MA200, RSI, MACD, OBV, Trend",7.6923076923076925,69.23076923076923,-61.53846153846153,0,0,False,False,False,False,False,True,False,False,False,False,False,True,True,True,True,False,False,False,False,True,True,True
JD,Consumer Cyclical,Internet Retail,62.49,2025/06/22,249,100.0,"MA20, MA50, MA200, RSI, MACD, OBV, Trend",7.6923076923076925,69.23076923076923,-61.53846153846153,0,0,False,False,False,False,False,True,False,False,False,False,False,True,True,True,True,False,False,False,True,True,False,True
AWR,Utilities,Utilities - Regulated Water,2.82,2025/06/22,249,100.0,"MA20, MA50, MA200, RSI, MACD, OBV, Trend",7.6923076923076925,69.23076923076923,-61.53846153846153,0,1,False,False,False,False,False,True,False,False,False,False,False,True,True,True,True,False,False,False,True,True,False,True
AES,Utilities,Utilities - Diversified,7.82,2025/06/22,249,100.0,"MA20, MA50, MA200, RSI, MACD, OBV, Trend",7.6923076923076925,69.23076923076923,-61.53846153846153,0,0,False,False,False,False,False,True,False,False,False,False,False,True,True,True,True,False,False,False,True,True,False,True
CRH,Basic Materials,Building Materials,67.04,2025/06/22,249,100.0,"MA20, MA50, MA200, RSI, MACD, OBV, Trend",7.6923076923076925,69.23076923076923,-61.53846153846153,0,0,False,False,False,False,False,True,False,False,False,False,False,True,True,True,True,False,False,False,True,True,False,True
BUR,Financial Services,Asset Management,3.14,2025/06/22,249,100.0,"MA20, MA50, MA200, RSI, MACD, OBV, Trend",7.6923076923076925,69.23076923076923,-61.53846153846153,0,1,False,False,False,False,False,True,False,False,False,False,False,True,True,True,True,False,False,False,False,True,True,True
ROST,Consumer Cyclical,Apparel Retail,49.67,2025/06/22,249,100.0,"MA20, MA50, MA200, RSI, MACD, OBV, Trend",7.6923076923076925,69.23076923076923,-61.53846153846153,0,0,False,False,False,False,False,True,False,False,False,False,False,True,True,True,True,False,False,False,False,True,True,True
AXTA,Basic Materials,Specialty Chemicals,7.84,2025/06/22,249,100.0,"MA20, MA50, MA200, RSI, MACD, OBV, Trend",7.6923076923076925,69.23076923076923,-61.53846153846153,0,0,False,False,False,False,False,True,False,False,False,False,False,True,True,True,True,False,False,False,True,True,False,True
FCN,Industrials,Consulting Services,7.02,2025/06/22,249,100.0,"MA20, MA50, MA200, RSI, MACD, OBV, Trend",7.6923076923076925,69.23076923076923,-61.53846153846153,0,1,False,False,False,False,False,True,False,False,False,False,False,True,True,True,True,False,False,False,True,True,False,True
MHK,Consumer Cyclical,"Furnishings, Fixtures & Appliances",7.72,2025/06/22,249,100.0,"MA20, MA50, MA200, RSI, MACD, OBV, Trend",7.6923076923076925,69.23076923076923,-61.53846153846153,0,1,False,False,False,False,False,True,False,False,False,False,False,True,True,True,True,False,False,False,True,True,False,True
EG,Financial Services,Insurance - Reinsurance,14.94,2025/06/22,249,100.0,"MA20, MA50, MA200, RSI, MACD, OBV, Trend",7.6923076923076925,69.23076923076923,-61.53846153846153,1,0,False,False,False,False,False,True,False,False,False,False,False,True,True,True,True,False,False,False,True,True,False,True
CRI,Consumer Cyclical,Apparel Retail,1.98,2025/06/22,249,100.0,"MA20, MA50, MA200, RSI, MACD, OBV, Trend",7.6923076923076925,69.23076923076923,-61.53846153846153,0,0,False,False,False,False,False,True,False,False,False,False,False,True,True,True,True,False,False,False,True,True,False,True
ZTO,Industrials,Integrated Freight & Logistics,15.58,2025/06/22,249,100.0,"MA20, MA50, MA200, RSI, MACD, OBV, Trend",7.6923076923076925,69.23076923076923,-61.53846153846153,0,0,False,False,False,False,False,False,False,False,True,False,False,True,True,True,True,False,True,False,True,False,False,True
NEO,Healthcare,Diagnostics & Research,1.84,2025/06/22,249,100.0,"MA20, MA50, MA200, RSI, MACD, OBV, Trend",7.6923076923076925,69.23076923076923,-61.53846153846153,1,0,False,False,False,False,False,True,False,False,False,False,False,True,True,True,True,False,False,False,True,True,False,True
JAMF,Technology,Software - Application,1.94,2025/06/22,249,100.0,"MA20, MA50, MA200, RSI, MACD, OBV, Trend",7.6923076923076925,69.23076923076923,-61.53846153846153,0,0,False,False,False,False,False,True,False,False,False,False,False,True,True,True,True,False,False,False,False,True,True,True
ENPH,Technology,Solar,8.41,2025/06/22,249,100.0,"MA20, MA50, MA200, RSI, MACD, OBV, Trend",7.6923076923076925,69.23076923076923,-61.53846153846153,0,1,False,False,False,False,False,True,False,False,False,False,False,True,True,True,True,False,False,False,True,True,False,True
HCC,Basic Materials,Coking Coal,2.76,2025/06/22,249,100.0,"MA20, MA50, MA200, RSI, MACD, OBV, Trend",7.6923076923076925,69.23076923076923,-61.53846153846153,0,1,False,False,False,False,False,True,False,False,False,False,False,True,True,True,True,False,False,False,True,True,False,True
KBR,Industrials,Engineering & Construction,7.25,2025/06/22,249,100.0,"MA20, MA50, MA200, RSI, MACD, OBV, Trend",7.6923076923076925,69.23076923076923,-61.53846153846153,0,1,False,False,False,False,False,True,False,False,False,False,False,True,True,True,True,False,False,False,True,True,False,True
IT,Technology,Information Technology Services,41.87,2025/06/22,249,100.0,"MA20, MA50, MA200, RSI, MACD, OBV, Trend",7.6923076923076925,69.23076923076923,-61.53846153846153,0,1,False,False,False,False,False,True,False,False,False,False,False,True,True,True,True,False,False,False,False,True,True,True
GIS,Consumer Defensive,Packaged Foods,33.15,2025/06/22,249,100.0,"MA20, MA50, MA200, RSI, MACD, OBV, Trend",7.6923076923076925,69.23076923076923,-61.53846153846153,1,0,False,False,False,False,False,True,False,False,False,False,False,True,True,True,True,False,False,False,True,True,False,True
DLB,Industrials,Specialty Business Services,8.35,2025/06/22,249,100.0,"MA20, MA50, MA200, RSI, MACD, OBV, Trend",7.6923076923076925,69.23076923076923,-61.53846153846153,0,1,False,False,False,False,False,True,False,False,False,False,False,True,True,True,True,False,False,False,True,True,False,True
LFST,Healthcare,Medical Care Facilities,3.05,2025/06/22,249,100.0,"MA20, MA50, MA200, RSI, MACD, OBV, Trend",7.6923076923076925,69.23076923076923,-61.53846153846153,0,0,False,False,False,False,False,True,False,False,False,False,False,True,True,True,True,False,False,False,False,True,True,True
WTW,Financial Services,Insurance Brokers,33.2,2025/06/22,249,100.0,"MA20, MA50, MA200, RSI, MACD, OBV, Trend",7.6923076923076925,69.23076923076923,-61.53846153846153,0,0,False,False,False,False,False,True,False,False,False,False,False,True,True,True,True,False,False,False,True,True,False,True
DECK,Consumer Cyclical,Footwear & Accessories,33.9,2025/06/22,249,100.0,"MA20, MA50, MA200, RSI, MACD, OBV, Trend",7.6923076923076925,69.23076923076923,-61.53846153846153,0,0,False,False,False,False,False,True,False,False,False,False,False,True,True,True,True,False,False,False,True,True,False,True
PFSI,Financial Services,Mortgage Finance,5.38,2025/06/22,249,100.0,"MA20, MA50, MA200, RSI, MACD, OBV, Trend",7.6923076923076925,69.23076923076923,-61.53846153846153,0,0,False,False,False,False,False,False,False,False,False,False,True,True,True,True,True,False,True,False,True,True,False,False
BEKE,Real Estate,Real Estate Services,20.02,2025/06/22,249,100.0,"MA20, MA50, MA200, RSI, MACD, OBV, Trend",7.6923076923076925,69.23076923076923,-61.53846153846153,0,1,False,False,False,False,False,True,False,False,False,False,False,True,True,True,True,False,False,False,True,True,False,True
BURL,Consumer Cyclical,Apparel Retail,18.02,2025/06/22,249,100.0,"MA20, MA50, MA200, RSI, MACD, OBV, Trend",7.6923076923076925,69.23076923076923,-61.53846153846153,0,0,False,False,False,False,False,True,False,False,False,False,False,True,True,True,True,False,False,False,True,True,False,True
CAG,Consumer Defensive,Packaged Foods,12.36,2025/06/22,249,100.0,"MA20, MA50, MA200, RSI, MACD, OBV, Trend",7.6923076923076925,69.23076923076923,-61.53846153846153,0,0,False,False,False,False,False,True,False,False,False,False,False,True,True,True,True,False,False,False,False,True,True,True
MGEE,Utilities,Utilities - Regulated Electric,3.25,2025/06/22,249,100.0,"MA20, MA50, MA200, RSI, MACD, OBV, Trend",7.6923076923076925,69.23076923076923,-61.53846153846153,0,1,False,False,False,False,False,True,False,False,False,False,False,True,True,True,True,False,False,False,True,True,False,True
INSP,Healthcare,Medical Devices,5.84,2025/06/22,249,100.0,"MA20, MA50, MA200, RSI, MACD, OBV, Trend",7.6923076923076925,69.23076923076923,-61.53846153846153,0,0,False,False,False,False,False,True,False,False,False,False,False,True,True,True,True,False,False,False,True,True,False,True
TARS,Healthcare,Biotechnology,2.06,2025/06/22,249,100.0,"MA20, MA50, MA200, RSI, MACD, OBV, Trend",7.6923076923076925,69.23076923076923,-61.53846153846153,0,1,False,False,False,False,False,True,False,False,False,False,False,True,True,True,True,False,False,False,True,True,False,True
TSN,Consumer Defensive,Farm Products,20.12,2025/06/22,249,100.0,"MA20, MA50, MA200, RSI, MACD, OBV, Trend",7.6923076923076925,69.23076923076923,-61.53846153846153,0,0,False,False,False,False,False,True,False,False,False,False,False,True,True,True,True,False,False,False,True,True,False,True
CLX,Consumer Defensive,Household & Personal Products,19.64,2025/06/22,249,100.0,"MA20, MA50, MA200, RSI, MACD, OBV, Trend",7.6923076923076925,69.23076923076923,-61.53846153846153,0,1,False,False,False,False,False,True,False,False,False,False,False,True,True,True,True,False,False,False,False,True,True,True
MTRN,Basic Materials,Other Industrial Metals & Mining,2.1,2025/06/22,249,100.0,"MA20, MA50, MA200, RSI, MACD, OBV, Trend",7.6923076923076925,69.23076923076923,-61.53846153846153,0,1,False,False,False,False,False,True,False,False,False,False,False,True,True,True,True,False,False,False,True,True,False,True
RUN,Technology,Solar,2.03,2025/06/22,249,100.0,"MA20, MA50, MA200, RSI, MACD, OBV, Trend",7.6923076923076925,69.23076923076923,-61.53846153846153,0,1,False,False,False,False,False,True,False,False,False,False,False,True,True,True,True,False,False,False,True,True,False,True
OXLC,Financial Services,Asset Management,2.04,2025/06/22,249,100.0,"MA20, MA50, MA200, RSI, MACD, OBV, Trend",7.6923076923076925,69.23076923076923,-61.53846153846153,0,0,False,False,False,False,False,True,False,False,False,False,False,True,True,True,True,False,False,False,False,True,True,True
DOCN,Technology,Software - Infrastructure,3.85,2025/06/22,249,100.0,"MA20, MA50, MA200, RSI, MACD, OBV, Trend",7.6923076923076925,69.23076923076923,-61.53846153846153,0,0,False,False,False,False,False,True,False,False,False,False,False,True,True,True,True,False,False,False,True,True,False,True
ENS,Industrials,Electrical Equipment & Parts,3.87,2025/06/22,249,100.0,"MA20, MA50, MA200, RSI, MACD, OBV, Trend",7.6923076923076925,69.23076923076923,-61.53846153846153,0,0,False,False,False,False,False,True,False,False,False,False,False,True,True,True,True,False,False,False,True,True,False,True
LCID,Consumer Cyclical,Auto Manufacturers,8.31,2025/06/22,249,100.0,"MA20, MA50, MA200, RSI, MACD, OBV, Trend",7.6923076923076925,69.23076923076923,-61.53846153846153,0,0,False,False,False,False,False,True,False,False,False,False,False,True,True,True,True,False,False,False,True,True,False,True
MLNK,Technology,Software - Application,1.45,2025/06/22,249,100.0,"MA20, MA50, MA200, RSI, MACD, OBV, Trend",7.6923076923076925,69.23076923076923,-61.53846153846153,1,0,False,False,False,False,False,False,False,False,False,False,True,True,True,True,True,False,True,False,True,True,False,False
ALC,Healthcare,Medical Instruments & Supplies,45.25,2025/06/22,249,100.0,"MA20, MA50, MA200, RSI, MACD, OBV, Trend",7.6923076923076925,69.23076923076923,-61.53846153846153,0,0,False,False,False,False,False,False,False,False,False,False,True,True,True,True,True,False,True,False,True,True,False,False
FCPT,Real Estate,REIT - Retail,2.68,2025/06/22,249,100.0,"MA20, MA50, MA200, RSI, MACD, OBV, Trend",7.6923076923076925,69.23076923076923,-61.53846153846153,0,1,False,False,False,False,False,True,False,False,False,False,False,True,True,True,True,False,False,False,True,True,False,True
PHI,Communication Services,Telecom Services,4.95,2025/06/22,249,100.0,"MA20, MA50, MA200, RSI, MACD, OBV, Trend",7.6923076923076925,69.23076923076923,-61.53846153846153,0,1,False,False,False,False,False,True,False,False,False,False,False,True,True,True,True,False,False,False,True,True,False,True
CPB,Consumer Defensive,Packaged Foods,11.56,2025/06/22,249,100.0,"MA20, MA50, MA200, RSI, MACD, OBV, Trend",7.6923076923076925,69.23076923076923,-61.53846153846153,0,1,False,False,False,False,False,True,False,False,False,False,False,True,True,True,True,False,False,False,False,True,True,True
TAP,Consumer Defensive,Beverages - Brewers,11.29,2025/06/22,249,100.0,"MA20, MA50, MA200, RSI, MACD, OBV, Trend",7.6923076923076925,69.23076923076923,-61.53846153846153,0,0,False,False,False,False,False,True,False,False,False,False,False,True,True,True,True,False,False,False,False,True,True,True
SAIC,Technology,Information Technology Services,5.29,2025/06/22,249,100.0,"MA20, MA50, MA200, RSI, MACD, OBV, Trend",7.6923076923076925,69.23076923076923,-61.53846153846153,0,0,False,False,False,False,False,False,False,False,True,False,False,True,True,True,True,False,True,False,True,False,False,True
KHC,Consumer Defensive,Packaged Foods,36.08,2025/06/22,249,100.0,"MA20, MA50, MA200, RSI, MACD, OBV, Trend",7.6923076923076925,69.23076923076923,-61.53846153846153,0,0,False,False,False,False,False,True,False,False,False,False,False,True,True,True,True,False,False,False,True,True,False,True
ENR,Industrials,Electrical Equipment & Parts,2.45,2025/06/22,249,100.0,"MA20, MA50, MA200, RSI, MACD, OBV, Trend",7.6923076923076925,69.23076923076923,-61.53846153846153,0,0,False,False,False,False,False,True,False,False,False,False,False,True,True,True,True,False,False,False,False,True,True,True
BLCO,Healthcare,Medical Instruments & Supplies,6.15,2025/06/22,249,100.0,"MA20, MA50, MA200, RSI, MACD, OBV, Trend",7.6923076923076925,69.23076923076923,-61.53846153846153,0,0,False,False,False,False,False,False,False,False,True,False,False,True,True,True,True,False,True,False,True,False,False,True
HPQ,Technology,Computer Hardware,30.48,2025/06/22,249,100.0,"MA20, MA50, MA200, RSI, MACD, OBV, Trend",7.6923076923076925,69.23076923076923,-61.53846153846153,0,0,False,False,False,False,False,True,False,False,False,False,False,True,True,True,True,False,False,False,True,True,False,True
WD,Financial Services,Mortgage Finance,3.24,2025/06/22,249,100.0,"MA20, MA50, MA200, RSI, MACD, OBV, Trend",7.6923076923076925,69.23076923076923,-61.53846153846153,0,1,False,False,False,False,False,True,False,False,False,False,False,True,True,True,True,False,False,False,True,True,False,True
TDOC,Healthcare,Health Information Services,1.75,2025/06/22,249,100.0,"MA20, MA50, MA200, RSI, MACD, OBV, Trend",7.6923076923076925,69.23076923076923,-61.53846153846153,0,0,False,False,False,False,False,False,False,False,False,False,True,True,True,True,True,False,True,False,True,True,False,False
WU,Financial Services,Credit Services,3.49,2025/06/22,249,100.0,"MA20, MA50, MA200, RSI, MACD, OBV, Trend",7.6923076923076925,69.23076923076923,-61.53846153846153,0,1,False,False,False,False,False,True,False,False,False,False,False,True,True,True,True,False,False,False,True,True,False,True
SEM,Healthcare,Medical Care Facilities,2.54,2025/06/22,249,100.0,"MA20, MA50, MA200, RSI, MACD, OBV, Trend",7.6923076923076925,69.23076923076923,-61.53846153846153,0,0,False,False,False,False,False,True,False,False,False,False,False,True,True,True,True,False,False,False,True,True,False,True
BIDU,Communication Services,Internet Content & Information,30.18,2025/06/22,249,100.0,"MA20, MA50, MA200, RSI, MACD, OBV, Trend",7.6923076923076925,69.23076923076923,-61.53846153846153,0,0,False,False,False,False,False,False,False,False,False,False,True,True,True,True,True,False,True,False,True,True,False,False
MMSI,Healthcare,Medical Instruments & Supplies,6.35,2025/06/22,249,100.0,"MA20, MA50, MA200, RSI, MACD, OBV, Trend",7.6923076923076925,69.23076923076923,-61.53846153846153,0,0,False,False,False,False,False,True,False,False,False,False,False,True,True,True,True,False,False,False,True,True,False,True
GPCR,Healthcare,Biotechnology,1.72,2025/06/22,249,100.0,"MA20, MA50, MA200, RSI, MACD, OBV, Trend",7.6923076923076925,69.23076923076923,-61.53846153846153,0,0,False,False,False,False,False,False,False,False,False,False,True,True,True,True,True,False,True,False,True,True,False,False
RGEN,Healthcare,Medical Instruments & Supplies,9.31,2025/06/22,249,100.0,"MA20, MA50, MA200, RSI, MACD, OBV, Trend",7.6923076923076925,69.23076923076923,-61.53846153846153,0,0,False,False,False,False,False,True,False,False,False,False,False,True,True,True,True,False,False,False,True,True,False,True
CRM,Technology,Software - Application,328.8,2025/06/22,249,100.0,"MA20, MA50, MA200, RSI, MACD, OBV, Trend",7.6923076923076925,69.23076923076923,-61.53846153846153,0,0,False,False,False,False,False,True,False,False,False,False,False,True,True,True,True,False,False,False,True,True,False,True
EIG,Financial Services,Insurance - Specialty,1.22,2025/06/22,249,100.0,"MA20, MA50, MA200, RSI, MACD, OBV, Trend",7.6923076923076925,69.23076923076923,-61.53846153846153,1,0,False,False,False,False,False,True,False,False,False,False,False,True,True,True,True,False,False,False,True,True,False,True
PD,Technology,Software - Application,1.67,2025/06/22,249,100.0,"MA20, MA50, MA200, RSI, MACD, OBV, Trend",7.6923076923076925,69.23076923076923,-61.53846153846153,0,0,False,False,False,False,False,True,False,False,False,False,False,True,True,True,True,False,False,False,True,True,False,True
SRPT,Healthcare,Biotechnology,10.86,2025/06/22,249,100.0,"MA20, MA50, MA200, RSI, MACD, OBV, Trend",7.6923076923076925,69.23076923076923,-61.53846153846153,1,1,False,False,False,False,False,True,False,False,False,False,False,True,True,True,True,False,False,True,False,True,False,True
GLBE,Consumer Cyclical,Internet Retail,10.0,2025/06/22,249,100.0,"MA20, MA50, MA200, RSI, MACD, OBV, Trend",7.6923076923076925,69.23076923076923,-61.53846153846153,0,0,False,False,False,False,False,True,False,False,False,False,False,True,True,True,True,False,False,False,True,True,False,True
HI,Industrials,Specialty Industrial Machinery,2.41,2025/06/22,249,100.0,"MA20, MA50, MA200, RSI, MACD, OBV, Trend",7.6923076923076925,69.23076923076923,-61.53846153846153,0,0,False,False,False,False,False,True,False,False,False,False,False,True,True,True,True,False,False,False,True,True,False,True
ITGR,Healthcare,Medical Devices,4.77,2025/06/22,249,100.0,"MA20, MA50, MA200, RSI, MACD, OBV, Trend",7.6923076923076925,69.23076923076923,-61.53846153846153,0,1,False,False,False,False,False,True,False,False,False,False,False,True,True,True,True,False,False,False,True,True,False,True
HDL,Consumer Cyclical,Restaurants,1.4,2025/06/22,249,100.0,"MA20, MA50, MA200, RSI, MACD, OBV, Trend",7.6923076923076925,69.23076923076923,-61.53846153846153,0,0,False,False,False,False,False,False,False,False,False,False,True,True,True,True,True,False,True,False,True,True,False,False
ELV,Healthcare,Healthcare Plans,91.77,2025/06/22,249,100.0,"MA20, MA50, MA200, RSI, MACD, OBV, Trend",7.6923076923076925,69.23076923076923,-61.53846153846153,0,0,False,False,False,False,False,False,False,False,True,False,False,True,True,True,True,False,True,False,True,False,False,True
AKR,Real Estate,REIT - Retail,2.99,2025/06/22,249,100.0,"MA20, MA50, MA200, RSI, MACD, OBV, Trend",7.6923076923076925,69.23076923076923,-61.53846153846153,0,1,False,False,False,False,False,True,False,False,False,False,False,True,True,True,True,False,False,False,True,True,False,True
DSP,Technology,Software - Application,1.38,2025/06/22,249,100.0,"MA20, MA50, MA200, RSI, MACD, OBV, Trend",7.6923076923076925,69.23076923076923,-61.53846153846153,0,1,False,False,False,False,False,True,False,False,False,False,False,True,True,True,True,False,False,False,True,True,False,True
AON,Financial Services,Insurance Brokers,80.2,2025/06/22,249,100.0,"MA20, MA50, MA200, RSI, MACD, OBV, Trend",7.6923076923076925,69.23076923076923,-61.53846153846153,0,0,False,False,False,False,False,True,False,False,False,False,False,True,True,True,True,False,False,False,True,True,False,True
DXC,Technology,Information Technology Services,3.93,2025/06/22,249,100.0,"MA20, MA50, MA200, RSI, MACD, OBV, Trend",7.6923076923076925,69.23076923076923,-61.53846153846153,0,0,False,False,False,False,False,True,False,False,False,False,False,True,True,True,True,False,False,False,True,True,False,True
RYN,Real Estate,REIT - Specialty,3.95,2025/06/22,249,100.0,"MA20, MA50, MA200, RSI, MACD, OBV, Trend",7.6923076923076925,69.23076923076923,-61.53846153846153,0,0,False,False,False,False,False,True,False,False,False,False,False,True,True,True,True,False,False,False,True,True,False,True
RIO,Basic Materials,Other Industrial Metals & Mining,98.32,2025/06/22,249,100.0,"MA20, MA50, MA200, RSI, MACD, OBV, Trend",7.6923076923076925,69.23076923076923,-61.53846153846153,0,0,False,False,False,False,False,True,False,False,False,False,False,True,True,True,True,False,False,False,False,True,True,True
ICUI,Healthcare,Medical Instruments & Supplies,4.02,2025/06/22,249,100.0,"MA20, MA50, MA200, RSI, MACD, OBV, Trend",7.6923076923076925,69.23076923076923,-61.53846153846153,0,0,False,False,False,False,False,True,False,False,False,False,False,True,True,True,True,False,False,False,True,True,False,True
ACHC,Healthcare,Medical Care Facilities,4.19,2025/06/22,249,100.0,"MA20, MA50, MA200, RSI, MACD, OBV, Trend",15.384615384615385,76.92307692307693,-61.53846153846155,2,0,False,False,False,False,True,False,False,False,False,False,True,True,True,True,True,False,True,False,True,True,True,False
GDDY,Technology,Software - Infrastructure,29.98,2025/06/22,249,100.0,"MA20, MA50, MA200, RSI, MACD, OBV, Trend",15.384615384615385,76.92307692307693,-61.53846153846155,0,0,False,False,False,False,False,True,True,False,False,False,False,True,True,True,True,False,False,False,True,True,True,True
PAYO,Technology,Software - Infrastructure,3.78,2025/06/22,249,100.0,"MA20, MA50, MA200, RSI, MACD, OBV, Trend",15.384615384615385,76.92307692307693,-61.53846153846155,0,0,False,False,False,False,False,True,True,False,False,False,False,True,True,True,True,False,False,False,True,True,True,True
DNUT,Consumer Defensive,Grocery Stores,1.55,2025/06/22,249,100.0,"MA20, MA50, MA200, RSI, MACD, OBV, Trend",15.384615384615385,76.92307692307693,-61.53846153846155,0,0,False,False,False,False,False,True,False,False,True,False,False,True,True,True,True,False,False,True,True,False,True,True
RLI,Financial Services,Insurance - Property & Casualty,6.73,2025/06/22,249,100.0,"MA20, MA50, MA200, RSI, MACD, OBV, Trend",15.384615384615385,76.92307692307693,-61.53846153846155,0,0,False,False,False,False,False,True,True,False,False,False,False,True,True,True,True,False,False,False,True,True,True,True
M,Consumer Cyclical,Department Stores,4.33,2025/06/22,249,100.0,"MA20, MA50, MA200, RSI, MACD, OBV, Trend",7.6923076923076925,73.07692307692307,-65.38461538461537,0,0,False,False,False,False,False,True,False,False,False,False,False,True,True,True,False,False,False,True,True,True,True,True
AVNT,Basic Materials,Specialty Chemicals,3.92,2025/06/22,249,100.0,"MA20, MA50, MA200, RSI, MACD, OBV, Trend",7.6923076923076925,73.07692307692307,-65.38461538461537,0,1,False,False,False,False,False,True,False,False,False,False,False,True,True,True,False,False,False,True,True,True,True,True
ADBE,Technology,Software - Infrastructure,190.42,2025/06/22,249,100.0,"MA20, MA50, MA200, RSI, MACD, OBV, Trend",7.6923076923076925,73.07692307692307,-65.38461538461537,1,2,False,False,False,False,False,True,False,False,False,False,False,True,True,True,False,True,False,False,True,True,True,True
DYN,Healthcare,Biotechnology,1.45,2025/06/22,249,100.0,"MA20, MA50, MA200, RSI, MACD, OBV, Trend",7.6923076923076925,73.07692307692307,-65.38461538461537,0,2,False,False,False,False,False,True,False,False,False,False,False,True,True,True,False,True,False,False,True,True,True,True
INTA,Technology,Software - Application,5.52,2025/06/22,249,100.0,"MA20, MA50, MA200, RSI, MACD, OBV, Trend",7.6923076923076925,73.07692307692307,-65.38461538461537,0,0,False,False,False,False,False,False,True,False,False,False,False,True,True,True,False,False,True,False,True,True,True,True
LZB,Consumer Cyclical,"Furnishings, Fixtures & Appliances",1.96,2025/06/22,249,100.0,"MA20, MA50, MA200, RSI, MACD, OBV, Trend",7.6923076923076925,73.07692307692307,-65.38461538461537,0,3,False,False,False,False,False,True,False,False,False,False,False,True,True,True,False,True,False,False,True,True,True,True
FSLY,Technology,Software - Application,1.47,2025/06/22,249,100.0,"MA20, MA50, MA200, RSI, MACD, OBV, Trend",7.6923076923076925,73.07692307692307,-65.38461538461537,1,3,False,False,False,False,False,True,False,False,False,False,False,True,True,True,False,True,False,False,True,True,True,True
SGRY,Healthcare,Medical Care Facilities,3.24,2025/06/22,249,100.0,"MA20, MA50, MA200, RSI, MACD, OBV, Trend",7.6923076923076925,73.07692307692307,-65.38461538461537,0,2,False,False,False,False,False,True,False,False,False,False,False,True,True,True,False,True,False,True,False,True,True,True
GEO,Industrials,Security & Protection Services,4.41,2025/06/22,249,100.0,"MA20, MA50, MA200, RSI, MACD, OBV, Trend",7.6923076923076925,73.07692307692307,-65.38461538461537,0,2,False,False,False,False,False,True,False,False,False,False,False,True,True,True,False,True,False,False,True,True,True,True
IEX,Industrials,Specialty Industrial Machinery,16.99,2025/06/22,249,100.0,"MA20, MA50, MA200, RSI, MACD, OBV, Trend",7.6923076923076925,73.07692307692307,-65.38461538461537,0,1,False,False,False,False,False,True,False,False,False,False,False,True,True,True,False,False,False,True,True,True,True,True
SHOO,Consumer Cyclical,Footwear & Accessories,2.96,2025/06/22,249,100.0,"MA20, MA50, MA200, RSI, MACD, OBV, Trend",0.0,65.38461538461539,-65.38461538461539,0,0,False,False,False,False,False,False,False,False,False,False,False,True,True,True,False,False,True,False,True,True,False,True
MESO,Healthcare,Biotechnology,2.56,2025/06/22,249,100.0,"MA20, MA50, MA200, RSI, MACD, OBV, Trend",0.0,65.38461538461539,-65.38461538461539,0,1,False,False,False,False,False,False,False,False,False,False,False,True,True,True,False,False,True,False,True,True,False,True
GTLS,Industrials,Specialty Industrial Machinery,9.06,2025/06/22,249,100.0,"MA20, MA50, MA200, RSI, MACD, OBV, Trend",0.0,65.38461538461539,-65.38461538461539,0,0,False,False,False,False,False,False,False,False,False,False,False,True,True,True,False,False,True,False,True,True,False,True
NVCR,Healthcare,Medical Devices,2.65,2025/06/22,249,100.0,"MA20, MA50, MA200, RSI, MACD, OBV, Trend",0.0,65.38461538461539,-65.38461538461539,0,0,False,False,False,False,False,False,False,False,False,False,False,True,True,True,False,False,True,False,True,True,False,True
AMBA,Technology,Semiconductor Equipment & Materials,3.2,2025/06/22,249,100.0,"MA20, MA50, MA200, RSI, MACD, OBV, Trend",0.0,65.38461538461539,-65.38461538461539,0,0,False,False,False,False,False,False,False,False,False,False,False,True,True,True,False,False,True,False,True,True,False,True
MARA,Financial Services,Capital Markets,6.22,2025/06/22,249,100.0,"MA20, MA50, MA200, RSI, MACD, OBV, Trend",0.0,65.38461538461539,-65.38461538461539,0,0,False,False,False,False,False,False,False,False,False,False,False,True,True,True,False,False,True,False,True,True,False,True
UNFI,Consumer Defensive,Food Distribution,1.78,2025/06/22,249,100.0,"MA20, MA50, MA200, RSI, MACD, OBV, Trend",0.0,65.38461538461539,-65.38461538461539,0,5,False,False,False,False,False,False,False,False,False,False,False,True,True,True,False,True,True,False,False,True,False,True
JAZZ,Healthcare,Biotechnology,7.52,2025/06/22,249,100.0,"MA20, MA50, MA200, RSI, MACD, OBV, Trend",0.0,65.38461538461539,-65.38461538461539,0,0,False,False,False,False,False,False,False,False,False,False,False,True,True,True,False,False,True,False,True,True,False,True
MNSO,Consumer Cyclical,Specialty Retail,7.18,2025/06/22,249,100.0,"MA20, MA50, MA200, RSI, MACD, OBV, Trend",0.0,65.38461538461539,-65.38461538461539,0,0,False,False,False,False,False,False,False,False,False,False,False,True,True,True,False,False,True,False,True,True,False,True
NMZ,Financial Services,Asset Management,1.25,2025/06/22,249,100.0,"MA20, MA50, MA200, RSI, MACD, OBV, Trend",0.0,65.38461538461539,-65.38461538461539,0,0,False,False,False,False,False,False,False,False,False,False,False,True,True,True,False,False,True,False,True,True,False,True
GIB,Technology,Information Technology Services,26.6,2025/06/22,249,100.0,"MA20, MA50, MA200, RSI, MACD, OBV, Trend",0.0,65.38461538461539,-65.38461538461539,0,0,False,False,False,False,False,False,False,False,False,False,False,True,True,True,False,False,True,False,True,True,False,True
VERA,Healthcare,Biotechnology,2.36,2025/06/22,249,100.0,"MA20, MA50, MA200, RSI, MACD, OBV, Trend",0.0,65.38461538461539,-65.38461538461539,0,0,False,False,False,False,False,False,False,False,False,False,False,True,True,True,False,False,True,False,True,True,False,True
NAMS,Healthcare,Biotechnology,2.39,2025/06/22,249,100.0,"MA20, MA50, MA200, RSI, MACD, OBV, Trend",0.0,65.38461538461539,-65.38461538461539,1,1,False,False,False,False,False,False,False,False,False,False,False,True,True,True,False,False,True,False,True,True,False,True
SMWB,Technology,Software - Application,1.32,2025/06/22,249,100.0,"MA20, MA50, MA200, RSI, MACD, OBV, Trend",0.0,65.38461538461539,-65.38461538461539,0,0,False,False,False,False,False,False,False,False,False,False,False,True,True,True,False,False,True,False,True,True,False,True
UCTT,Technology,Semiconductor Equipment & Materials,1.66,2025/06/22,249,100.0,"MA20, MA50, MA200, RSI, MACD, OBV, Trend",0.0,65.38461538461539,-65.38461538461539,1,0,False,False,False,False,False,False,False,False,False,False,False,True,True,True,False,False,True,False,True,True,False,True
APLS,Healthcare,Biotechnology,3.61,2025/06/22,249,100.0,"MA20, MA50, MA200, RSI, MACD, OBV, Trend",0.0,65.38461538461539,-65.38461538461539,0,0,False,False,False,False,False,False,False,False,False,False,False,True,True,True,False,False,True,False,True,True,False,True
EWTX,Healthcare,Biotechnology,2.65,2025/06/22,249,100.0,"MA20, MA50, MA200, RSI, MACD, OBV, Trend",0.0,65.38461538461539,-65.38461538461539,0,0,False,False,False,False,False,False,False,False,False,False,False,True,True,True,False,False,True,False,True,True,False,True
SDGR,Healthcare,Health Information Services,1.85,2025/06/22,249,100.0,"MA20, MA50, MA200, RSI, MACD, OBV, Trend",0.0,65.38461538461539,-65.38461538461539,0,1,False,False,False,False,False,False,False,False,False,False,False,True,True,True,False,False,True,False,True,True,False,True
BMA,Financial Services,Banks - Regional,6.98,2025/06/22,249,100.0,"MA20, MA50, MA200, RSI, MACD, OBV, Trend",0.0,65.38461538461539,-65.38461538461539,1,0,False,False,False,False,False,False,False,False,False,False,False,True,True,True,False,False,True,False,False,True,True,True
JHX,Basic Materials,Building Materials,14.59,2025/06/22,249,100.0,"MA20, MA50, MA200, RSI, MACD, OBV, Trend",0.0,65.38461538461539,-65.38461538461539,0,0,False,False,False,False,False,False,False,False,False,False,False,True,True,True,False,False,True,False,True,True,False,True
SUPV,Financial Services,Banks - Regional,1.68,2025/06/22,249,100.0,"MA20, MA50, MA200, RSI, MACD, OBV, Trend",0.0,65.38461538461539,-65.38461538461539,0,0,False,False,False,False,False,False,False,False,False,False,False,True,True,True,False,False,True,False,False,True,True,True
VFS,Consumer Cyclical,Auto Manufacturers,9.12,2025/06/22,249,100.0,"MA20, MA50, MA200, RSI, MACD, OBV, Trend",0.0,65.38461538461539,-65.38461538461539,1,0,False,False,False,False,False,False,False,False,False,False,False,True,True,True,False,False,True,False,True,True,False,True
FE,Utilities,Utilities - Regulated Electric,22.94,2025/06/22,249,100.0,"MA20, MA50, MA200, RSI, MACD, OBV, Trend",0.0,65.38461538461539,-65.38461538461539,1,1,False,False,False,False,False,False,False,False,False,False,False,True,True,True,False,False,True,False,True,True,False,True
SITE,Industrials,Industrial Distribution,6.42,2025/06/22,249,100.0,"MA20, MA50, MA200, RSI, MACD, OBV, Trend",0.0,65.38461538461539,-65.38461538461539,0,0,False,False,False,False,False,False,False,False,False,False,False,True,True,True,False,False,True,False,True,True,False,True
MAA,Real Estate,REIT - Residential,18.3,2025/06/22,249,100.0,"MA20, MA50, MA200, RSI, MACD, OBV, Trend",0.0,65.38461538461539,-65.38461538461539,0,0,False,False,False,False,False,False,False,False,False,False,False,True,True,True,False,False,True,False,True,True,False,True
MKTX,Financial Services,Capital Markets,8.32,2025/06/22,249,100.0,"MA20, MA50, MA200, RSI, MACD, OBV, Trend",0.0,65.38461538461539,-65.38461538461539,0,0,False,False,False,False,False,False,False,False,False,False,False,True,True,True,False,False,True,False,True,True,False,True
OMCL,Healthcare,Health Information Services,2.08,2025/06/22,249,100.0,"MA20, MA50, MA200, RSI, MACD, OBV, Trend",0.0,65.38461538461539,-65.38461538461539,0,0,False,False,False,False,False,False,False,False,False,False,False,True,True,True,False,False,True,False,True,True,False,True
KAI,Industrials,Specialty Industrial Machinery,4.38,2025/06/22,249,100.0,"MA20, MA50, MA200, RSI, MACD, OBV, Trend",0.0,65.38461538461539,-65.38461538461539,0,0,False,False,False,False,False,False,False,False,False,False,False,True,True,True,False,False,True,False,True,True,False,True
LULU,Consumer Cyclical,Apparel Retail,50.44,2025/06/22,249,100.0,"MA20, MA50, MA200, RSI, MACD, OBV, Trend",0.0,65.38461538461539,-65.38461538461539,0,0,False,False,False,False,False,False,False,False,False,False,False,True,True,True,False,False,True,False,False,True,True,True
ICFI,Industrials,Consulting Services,2.19,2025/06/22,249,100.0,"MA20, MA50, MA200, RSI, MACD, OBV, Trend",0.0,65.38461538461539,-65.38461538461539,0,0,False,False,False,False,False,False,False,False,False,False,False,True,True,True,False,False,True,False,True,True,False,True
CVCO,Consumer Cyclical,Residential Construction,4.12,2025/06/22,249,100.0,"MA20, MA50, MA200, RSI, MACD, OBV, Trend",0.0,69.23076923076923,-69.23076923076923,1,0,False,False,False,False,False,False,False,False,False,False,False,True,True,True,True,False,True,False,False,True,False,True
ABM,Industrials,Specialty Business Services,3.32,2025/06/22,249,100.0,"MA20, MA50, MA200, RSI, MACD, OBV, Trend",0.0,69.23076923076923,-69.23076923076923,1,0,False,False,False,False,False,False,False,False,False,False,False,True,True,True,True,False,True,False,False,True,False,True
BRC,Industrials,Security & Protection Services,3.56,2025/06/22,249,100.0,"MA20, MA50, MA200, RSI, MACD, OBV, Trend",7.6923076923076925,76.92307692307693,-69.23076923076924,0,1,False,False,False,False,False,True,False,False,False,False,False,True,True,True,True,False,False,False,True,True,True,True
STZ,Consumer Defensive,Beverages - Brewers,32.68,2025/06/22,249,100.0,"MA20, MA50, MA200, RSI, MACD, OBV, Trend",7.6923076923076925,76.92307692307693,-69.23076923076924,0,1,False,False,False,False,False,True,False,False,False,False,False,True,True,True,True,False,False,False,True,True,True,True
TEAM,Technology,Software - Application,80.38,2025/06/22,249,100.0,"MA20, MA50, MA200, RSI, MACD, OBV, Trend",7.6923076923076925,76.92307692307693,-69.23076923076924,0,0,False,False,False,False,False,True,False,False,False,False,False,True,True,True,True,False,False,False,True,True,True,True
MSI,Technology,Communication Equipment,78.42,2025/06/22,249,100.0,"MA20, MA50, MA200, RSI, MACD, OBV, Trend",7.6923076923076925,76.92307692307693,-69.23076923076924,0,0,False,False,False,False,False,True,False,False,False,False,False,True,True,True,True,False,False,False,True,True,True,True
BLKB,Technology,Software - Application,3.91,2025/06/22,249,100.0,"MA20, MA50, MA200, RSI, MACD, OBV, Trend",7.6923076923076925,76.92307692307693,-69.23076923076924,1,1,False,False,False,False,False,True,False,False,False,False,False,True,True,True,True,False,False,False,True,True,True,True
MDXG,Healthcare,Biotechnology,1.28,2025/06/22,249,100.0,"MA20, MA50, MA200, RSI, MACD, OBV, Trend",7.6923076923076925,76.92307692307693,-69.23076923076924,0,1,False,False,False,False,False,True,False,False,False,False,False,True,True,True,True,False,False,False,True,True,True,True
SGML,Basic Materials,Other Industrial Metals & Mining,1.21,2025/06/22,249,100.0,"MA20, MA50, MA200, RSI, MACD, OBV, Trend",7.6923076923076925,76.92307692307693,-69.23076923076924,0,0,False,False,False,False,False,False,False,False,True,False,False,True,True,True,True,False,True,True,True,False,False,True
DEO,Consumer Defensive,Beverages - Wineries & Distilleries,66.65,2025/06/22,249,100.0,"MA20, MA50, MA200, RSI, MACD, OBV, Trend",7.6923076923076925,76.92307692307693,-69.23076923076924,0,1,False,False,False,False,False,True,False,False,False,False,False,True,True,True,True,False,False,False,True,True,True,True
FOR,Real Estate,Real Estate - Development,1.25,2025/06/22,249,100.0,"MA20, MA50, MA200, RSI, MACD, OBV, Trend",7.6923076923076925,76.92307692307693,-69.23076923076924,0,0,False,False,False,False,False,False,False,False,False,False,True,True,True,True,True,False,True,True,True,True,False,False
BKH,Utilities,Utilities - Regulated Gas,4.2,2025/06/22,249,100.0,"MA20, MA50, MA200, RSI, MACD, OBV, Trend",7.6923076923076925,76.92307692307693,-69.23076923076924,0,0,False,False,False,False,False,True,False,False,False,False,False,True,True,True,True,False,False,False,True,True,True,True
SAM,Consumer Defensive,Beverages - Brewers,2.88,2025/06/22,249,100.0,"MA20, MA50, MA200, RSI, MACD, OBV, Trend",7.6923076923076925,76.92307692307693,-69.23076923076924,0,1,False,False,False,False,False,True,False,False,False,False,False,True,True,True,True,False,False,True,False,True,True,True
PLSE,Healthcare,Medical Instruments & Supplies,1.29,2025/06/22,249,100.0,"MA20, MA50, MA200, RSI, MACD, OBV, Trend",7.6923076923076925,76.92307692307693,-69.23076923076924,0,0,False,False,False,False,False,True,False,False,False,False,False,True,True,True,True,False,False,False,True,True,True,True
INMD,Healthcare,Medical Devices,1.32,2025/06/22,249,100.0,"MA20, MA50, MA200, RSI, MACD, OBV, Trend",7.6923076923076925,76.92307692307693,-69.23076923076924,0,1,False,False,False,False,False,True,False,False,False,False,False,True,True,True,True,False,False,False,True,True,True,True
ATUS,Communication Services,Telecom Services,1.32,2025/06/22,249,100.0,"MA20, MA50, MA200, RSI, MACD, OBV, Trend",7.6923076923076925,76.92307692307693,-69.23076923076924,0,0,False,False,False,False,False,True,False,False,False,False,False,True,True,True,True,False,False,False,True,True,True,True
LOW,Consumer Cyclical,Home Improvement Retail,146.83,2025/06/22,249,100.0,"MA20, MA50, MA200, RSI, MACD, OBV, Trend",7.6923076923076925,76.92307692307693,-69.23076923076924,1,0,False,False,False,False,False,True,False,False,False,False,False,True,True,True,True,False,False,False,True,True,True,True
SNY,Healthcare,Drug Manufacturers - General,136.24,2025/06/22,249,100.0,"MA20, MA50, MA200, RSI, MACD, OBV, Trend",7.6923076923076925,76.92307692307693,-69.23076923076924,1,0,False,False,False,False,False,True,False,False,False,False,False,True,True,True,True,False,False,False,True,True,True,True
ARDX,Healthcare,Biotechnology,1.27,2025/06/22,249,100.0,"MA20, MA50, MA200, RSI, MACD, OBV, Trend",7.6923076923076925,76.92307692307693,-69.23076923076924,0,0,False,False,False,False,False,False,False,False,True,False,False,True,True,True,True,False,True,False,True,False,True,True
RHI,Industrials,Staffing & Employment Services,6.69,2025/06/22,249,100.0,"MA20, MA50, MA200, RSI, MACD, OBV, Trend",7.6923076923076925,76.92307692307693,-69.23076923076924,1,1,False,False,False,False,False,True,False,False,False,False,False,True,True,True,True,False,False,True,False,True,True,True
FRPT,Consumer Defensive,Packaged Foods,7.76,2025/06/22,249,100.0,"MA20, MA50, MA200, RSI, MACD, OBV, Trend",7.6923076923076925,76.92307692307693,-69.23076923076924,0,0,False,False,False,False,False,True,False,False,False,False,False,True,True,True,True,False,False,False,True,True,True,True
CL,Consumer Defensive,Household & Personal Products,70.83,2025/06/22,249,100.0,"MA20, MA50, MA200, RSI, MACD, OBV, Trend",7.6923076923076925,76.92307692307693,-69.23076923076924,0,0,False,False,False,False,False,True,False,False,False,False,False,True,True,True,True,False,False,False,True,True,True,True
REYN,Consumer Cyclical,Packaging & Containers,5.83,2025/06/22,249,100.0,"MA20, MA50, MA200, RSI, MACD, OBV, Trend",7.6923076923076925,76.92307692307693,-69.23076923076924,0,1,False,False,False,False,False,True,False,False,False,False,False,True,True,True,True,False,False,False,True,True,True,True
GDYN,Technology,Information Technology Services,1.88,2025/06/22,249,100.0,"MA20, MA50, MA200, RSI, MACD, OBV, Trend",7.6923076923076925,76.92307692307693,-69.23076923076924,0,0,False,False,False,False,False,True,False,False,False,False,False,True,True,True,True,False,False,False,True,True,True,True
EDN,Utilities,Utilities - Regulated Electric,1.93,2025/06/22,249,100.0,"MA20, MA50, MA200, RSI, MACD, OBV, Trend",7.6923076923076925,76.92307692307693,-69.23076923076924,0,0,False,False,False,False,False,True,False,False,False,False,False,True,True,True,True,False,False,False,True,True,True,True
SPT,Technology,Software - Application,1.88,2025/06/22,249,100.0,"MA20, MA50, MA200, RSI, MACD, OBV, Trend",7.6923076923076925,76.92307692307693,-69.23076923076924,0,0,False,False,False,False,False,True,False,False,False,False,False,True,True,True,True,False,False,False,True,True,True,True
KSPI,Technology,Software - Infrastructure,18.95,2025/06/22,249,100.0,"MA20, MA50, MA200, RSI, MACD, OBV, Trend",7.6923076923076925,76.92307692307693,-69.23076923076924,0,1,False,False,False,False,False,True,False,False,False,False,False,True,True,True,True,False,False,True,True,True,False,True
HLMN,Industrials,Tools & Accessories,1.97,2025/06/22,249,100.0,"MA20, MA50, MA200, RSI, MACD, OBV, Trend",7.6923076923076925,76.92307692307693,-69.23076923076924,0,0,False,False,False,False,False,True,False,False,False,False,False,True,True,True,True,False,False,False,True,True,True,True
AMCR,Consumer Cyclical,Packaging & Containers,14.09,2025/06/22,249,100.0,"MA20, MA50, MA200, RSI, MACD, OBV, Trend",7.6923076923076925,76.92307692307693,-69.23076923076924,0,1,False,False,False,False,False,True,False,False,False,False,False,True,True,True,True,False,False,True,True,True,False,True
DKS,Consumer Cyclical,Specialty Retail,19.56,2025/06/22,249,100.0,"MA20, MA50, MA200, RSI, MACD, OBV, Trend",7.6923076923076925,76.92307692307693,-69.23076923076924,0,0,False,False,False,False,False,True,False,False,False,False,False,True,True,True,True,False,False,True,True,True,False,True
POR,Utilities,Utilities - Regulated Electric,4.36,2025/06/22,249,100.0,"MA20, MA50, MA200, RSI, MACD, OBV, Trend",7.6923076923076925,76.92307692307693,-69.23076923076924,0,0,False,False,False,False,False,True,False,False,False,False,False,True,True,True,True,False,False,False,True,True,True,True
SLVM,Basic Materials,Paper & Paper Products,3.28,2025/06/22,249,100.0,"MA20, MA50, MA200, RSI, MACD, OBV, Trend",7.6923076923076925,76.92307692307693,-69.23076923076924,0,1,False,False,False,False,False,True,False,False,False,False,False,True,True,True,True,False,False,False,True,True,True,True
FELE,Industrials,Specialty Industrial Machinery,4.57,2025/06/22,249,100.0,"MA20, MA50, MA200, RSI, MACD, OBV, Trend",7.6923076923076925,76.92307692307693,-69.23076923076924,0,1,False,False,False,False,False,True,False,False,False,False,False,True,True,True,True,False,False,True,True,True,False,True
SMPL,Consumer Defensive,Packaged Foods,3.84,2025/06/22,249,100.0,"MA20, MA50, MA200, RSI, MACD, OBV, Trend",7.6923076923076925,76.92307692307693,-69.23076923076924,0,0,False,False,False,False,False,True,False,False,False,False,False,True,True,True,True,False,False,False,True,True,True,True
OC,Industrials,Building Products & Equipment,15.83,2025/06/22,249,100.0,"MA20, MA50, MA200, RSI, MACD, OBV, Trend",7.6923076923076925,76.92307692307693,-69.23076923076924,0,0,False,False,False,False,False,True,False,False,False,False,False,True,True,True,True,False,False,True,True,True,False,True
BHVN,Healthcare,Biotechnology,3.87,2025/06/22,249,100.0,"MA20, MA50, MA200, RSI, MACD, OBV, Trend",7.6923076923076925,76.92307692307693,-69.23076923076924,0,0,False,False,False,False,False,False,False,False,True,False,False,True,True,True,True,False,True,False,True,False,True,True
IRT,Real Estate,REIT - Residential,4.41,2025/06/22,249,100.0,"MA20, MA50, MA200, RSI, MACD, OBV, Trend",7.6923076923076925,76.92307692307693,-69.23076923076924,0,0,False,False,False,False,False,True,False,False,False,False,False,True,True,True,True,False,False,False,True,True,True,True
KNF,Basic Materials,Building Materials,5.86,2025/06/22,249,100.0,"MA20, MA50, MA200, RSI, MACD, OBV, Trend",7.6923076923076925,76.92307692307693,-69.23076923076924,1,2,False,False,False,False,False,True,False,False,False,False,False,True,True,True,True,True,False,False,False,True,True,True
COTY,Consumer Defensive,Household & Personal Products,6.38,2025/06/22,249,100.0,"MA20, MA50, MA200, RSI, MACD, OBV, Trend",7.6923076923076925,76.92307692307693,-69.23076923076924,1,0,False,False,False,False,False,True,False,False,False,False,False,True,True,True,True,False,False,True,True,True,False,True
BMRN,Healthcare,Biotechnology,12.08,2025/06/22,249,100.0,"MA20, MA50, MA200, RSI, MACD, OBV, Trend",7.6923076923076925,76.92307692307693,-69.23076923076924,0,0,False,False,False,False,False,True,False,False,False,False,False,True,True,True,True,False,False,False,True,True,True,True
UNIT,Real Estate,REIT - Specialty,1.33,2025/06/22,249,100.0,"MA20, MA50, MA200, RSI, MACD, OBV, Trend",7.6923076923076925,76.92307692307693,-69.23076923076924,0,0,False,False,False,False,False,True,False,False,False,False,False,True,True,True,True,False,False,False,True,True,True,True
WLFC,Industrials,Rental & Leasing Services,1.28,2025/06/22,249,100.0,"MA20, MA50, MA200, RSI, MACD, OBV, Trend",7.6923076923076925,76.92307692307693,-69.23076923076924,0,3,False,False,False,False,False,False,False,False,True,False,False,True,True,True,True,True,True,False,True,False,False,True
SNDX,Healthcare,Biotechnology,1.21,2025/06/22,249,100.0,"MA20, MA50, MA200, RSI, MACD, OBV, Trend",7.6923076923076925,76.92307692307693,-69.23076923076924,0,0,False,False,False,False,False,True,False,False,False,False,False,True,True,True,True,False,False,False,True,True,True,True
BHLB,Financial Services,Banks - Regional,1.37,2025/06/22,249,100.0,"MA20, MA50, MA200, RSI, MACD, OBV, Trend",7.6923076923076925,76.92307692307693,-69.23076923076924,1,1,False,False,False,False,False,True,False,False,False,False,False,True,True,True,True,False,False,False,True,True,True,True
MUSA,Consumer Cyclical,Specialty Retail,10.18,2025/06/22,249,100.0,"MA20, MA50, MA200, RSI, MACD, OBV, Trend",7.6923076923076925,76.92307692307693,-69.23076923076924,0,0,False,False,False,False,False,True,False,False,False,False,False,True,True,True,True,False,False,False,True,True,True,True
EBC,Financial Services,Banks - Regional,3.62,2025/06/22,249,100.0,"MA20, MA50, MA200, RSI, MACD, OBV, Trend",7.6923076923076925,76.92307692307693,-69.23076923076924,0,0,False,False,False,False,False,True,False,False,False,False,False,True,True,True,True,False,False,False,True,True,True,True
WBTN,Communication Services,Internet Content & Information,1.64,2025/06/22,246,100.0,"MA20, MA50, MA200, RSI, MACD, OBV, Trend",7.6923076923076925,76.92307692307693,-69.23076923076924,0,1,False,False,False,False,False,True,False,False,False,False,False,True,True,True,True,False,False,True,True,True,False,True
PHG,Healthcare,Medical Devices,26.09,2025/06/22,249,100.0,"MA20, MA50, MA200, RSI, MACD, OBV, Trend",7.6923076923076925,76.92307692307693,-69.23076923076924,0,0,False,False,False,False,False,False,False,False,False,False,True,True,True,True,True,False,True,False,True,True,True,False
ACIW,Technology,Software - Infrastructure,5.7,2025/06/22,249,100.0,"MA20, MA50, MA200, RSI, MACD, OBV, Trend",7.6923076923076925,76.92307692307693,-69.23076923076924,0,0,False,False,False,False,False,True,False,False,False,False,False,True,True,True,True,False,False,False,True,True,True,True
SIGI,Financial Services,Insurance - Property & Casualty,5.11,2025/06/22,249,100.0,"MA20, MA50, MA200, RSI, MACD, OBV, Trend",7.6923076923076925,76.92307692307693,-69.23076923076924,0,0,False,False,False,False,False,True,False,False,False,False,False,True,True,True,True,False,False,False,True,True,True,True
AOS,Industrials,Specialty Industrial Machinery,9.76,2025/06/22,249,100.0,"MA20, MA50, MA200, RSI, MACD, OBV, Trend",7.6923076923076925,76.92307692307693,-69.23076923076924,0,0,False,False,False,False,False,True,False,False,False,False,False,True,True,True,True,False,False,True,True,True,False,True
PLAB,Technology,Semiconductor Equipment & Materials,1.46,2025/06/22,249,100.0,"MA20, MA50, MA200, RSI, MACD, OBV, Trend",7.6923076923076925,76.92307692307693,-69.23076923076924,0,0,False,False,False,False,False,False,False,False,True,False,False,True,True,True,True,False,True,True,True,False,False,True
WS,Basic Materials,Steel,1.47,2025/06/22,249,100.0,"MA20, MA50, MA200, RSI, MACD, OBV, Trend",7.6923076923076925,76.92307692307693,-69.23076923076924,0,1,False,False,False,False,False,True,False,False,False,False,False,True,True,True,True,False,False,False,True,True,True,True
WH,Consumer Cyclical,Lodging,8.17,2025/06/22,249,100.0,"MA20, MA50, MA200, RSI, MACD, OBV, Trend",7.6923076923076925,76.92307692307693,-69.23076923076924,0,0,False,False,False,False,False,True,False,False,False,False,False,True,True,True,True,False,False,False,True,True,True,True
PLTK,Communication Services,Electronic Gaming & Multimedia,2.67,2025/06/22,249,100.0,"MA20, MA50, MA200, RSI, MACD, OBV, Trend",7.6923076923076925,76.92307692307693,-69.23076923076924,0,0,False,False,False,False,False,True,False,False,False,False,False,True,True,True,True,False,False,True,True,True,False,True
ARGX,Healthcare,Biotechnology,40.02,2025/06/22,249,100.0,"MA20, MA50, MA200, RSI, MACD, OBV, Trend",7.6923076923076925,76.92307692307693,-69.23076923076924,0,0,False,False,False,False,False,True,False,False,False,False,False,True,True,True,True,False,False,False,True,True,True,True
GPK,Consumer Cyclical,Packaging & Containers,8.44,2025/06/22,249,100.0,"MA20, MA50, MA200, RSI, MACD, OBV, Trend",7.6923076923076925,76.92307692307693,-69.23076923076924,0,1,False,False,False,False,False,True,False,False,False,False,False,True,True,True,True,False,False,False,True,True,True,True
HUBS,Technology,Software - Application,40.24,2025/06/22,249,100.0,"MA20, MA50, MA200, RSI, MACD, OBV, Trend",7.6923076923076925,76.92307692307693,-69.23076923076924,0,0,False,False,False,False,False,True,False,False,False,False,False,True,True,True,True,False,False,False,True,True,True,True
WSO,Industrials,Industrial Distribution,19.36,2025/06/22,249,100.0,"MA20, MA50, MA200, RSI, MACD, OBV, Trend",7.6923076923076925,76.92307692307693,-69.23076923076924,0,0,False,False,False,False,False,True,False,False,False,False,False,True,True,True,True,False,False,False,True,True,True,True
ELS,Real Estate,REIT - Residential,13.1,2025/06/22,249,100.0,"MA20, MA50, MA200, RSI, MACD, OBV, Trend",7.6923076923076925,76.92307692307693,-69.23076923076924,0,0,False,False,False,False,False,False,False,False,True,False,False,True,True,True,True,False,True,False,True,False,True,True
WK,Technology,Software - Application,5.44,2025/06/22,249,100.0,"MA20, MA50, MA200, RSI, MACD, OBV, Trend",7.6923076923076925,76.92307692307693,-69.23076923076924,0,0,False,False,False,False,False,True,False,False,False,False,False,True,True,True,True,False,False,False,True,True,True,True
CSWI,Industrials,Specialty Industrial Machinery,5.54,2025/06/22,249,100.0,"MA20, MA50, MA200, RSI, MACD, OBV, Trend",7.6923076923076925,76.92307692307693,-69.23076923076924,1,0,False,False,False,False,False,True,False,False,False,False,False,True,True,True,True,False,False,False,True,True,True,True
EXP,Basic Materials,Building Materials,8.55,2025/06/22,249,100.0,"MA20, MA50, MA200, RSI, MACD, OBV, Trend",7.6923076923076925,76.92307692307693,-69.23076923076924,0,0,False,False,False,False,False,False,False,False,False,False,True,True,True,True,True,False,True,False,True,True,True,False
REGN,Healthcare,Biotechnology,73.95,2025/06/22,249,100.0,"MA20, MA50, MA200, RSI, MACD, OBV, Trend",7.6923076923076925,76.92307692307693,-69.23076923076924,0,0,False,False,False,False,False,False,False,False,True,False,False,True,True,True,True,False,True,True,True,False,False,True
FOLD,Healthcare,Biotechnology,2.86,2025/06/22,249,100.0,"MA20, MA50, MA200, RSI, MACD, OBV, Trend",7.6923076923076925,76.92307692307693,-69.23076923076924,0,1,False,False,False,False,False,True,False,False,False,False,False,True,True,True,True,False,False,False,True,True,True,True
CAVA,Consumer Cyclical,Restaurants,15.47,2025/06/22,249,100.0,"MA20, MA50, MA200, RSI, MACD, OBV, Trend",7.6923076923076925,76.92307692307693,-69.23076923076924,0,0,False,False,False,False,False,True,False,False,False,False,False,True,True,True,True,False,False,False,True,True,True,True
HLNE,Financial Services,Asset Management,8.82,2025/06/22,249,100.0,"MA20, MA50, MA200, RSI, MACD, OBV, Trend",7.6923076923076925,76.92307692307693,-69.23076923076924,0,0,False,False,False,False,False,True,False,False,False,False,False,True,True,True,True,False,False,False,True,True,True,True
PSNYW,Consumer Cyclical,Auto Manufacturers,2.19,2025/06/22,249,100.0,"MA20, MA50, MA200, RSI, MACD, OBV, Trend",7.6923076923076925,76.92307692307693,-69.23076923076924,0,1,False,False,False,False,False,False,True,False,False,False,False,True,True,True,True,False,True,False,True,True,False,True
GNTX,Consumer Cyclical,Auto Parts,5.9,2025/06/22,249,100.0,"MA20, MA50, MA200, RSI, MACD, OBV, Trend",7.6923076923076925,76.92307692307693,-69.23076923076924,0,0,False,False,False,False,False,True,False,False,False,False,False,True,True,True,True,False,False,True,True,True,False,True
AUR,Technology,Information Technology Services,11.7,2025/06/22,249,100.0,"MA20, MA50, MA200, RSI, MACD, OBV, Trend",7.6923076923076925,76.92307692307693,-69.23076923076924,0,0,False,False,False,False,False,True,False,False,False,False,False,True,True,True,True,False,False,False,True,True,True,True
GLOB,Technology,Information Technology Services,9.2,2025/06/22,249,100.0,"MA20, MA50, MA200, RSI, MACD, OBV, Trend",7.6923076923076925,76.92307692307693,-69.23076923076924,0,0,False,False,False,False,False,True,False,False,False,False,False,True,True,True,True,False,False,False,True,True,True,True
SEMR,Technology,Software - Application,2.56,2025/06/22,249,100.0,"MA20, MA50, MA200, RSI, MACD, OBV, Trend",7.6923076923076925,76.92307692307693,-69.23076923076924,0,0,False,False,False,False,False,False,False,False,False,False,True,True,True,True,True,False,True,False,True,True,True,False
SPB,Consumer Defensive,Household & Personal Products,2.31,2025/06/22,249,100.0,"MA20, MA50, MA200, RSI, MACD, OBV, Trend",7.6923076923076925,76.92307692307693,-69.23076923076924,0,1,False,False,False,False,False,True,False,False,False,False,False,True,True,True,True,False,False,False,True,True,True,True
NBTB,Financial Services,Banks - Regional,2.25,2025/06/22,249,100.0,"MA20, MA50, MA200, RSI, MACD, OBV, Trend",7.6923076923076925,76.92307692307693,-69.23076923076924,0,1,False,False,False,False,False,True,False,False,False,False,False,True,True,True,True,False,False,False,True,True,True,True
PCTY,Technology,Software - Application,11.46,2025/06/22,249,100.0,"MA20, MA50, MA200, RSI, MACD, OBV, Trend",7.6923076923076925,76.92307692307693,-69.23076923076924,0,0,False,False,False,False,False,True,False,False,False,False,False,True,True,True,True,False,False,False,True,True,True,True
MCW,Consumer Cyclical,Auto & Truck Dealerships,2.58,2025/06/22,249,100.0,"MA20, MA50, MA200, RSI, MACD, OBV, Trend",7.6923076923076925,76.92307692307693,-69.23076923076924,0,0,False,False,False,False,False,True,False,False,False,False,False,True,True,True,True,False,False,True,False,True,True,True
JANX,Healthcare,Biotechnology,2.55,2025/06/22,249,100.0,"MA20, MA50, MA200, RSI, MACD, OBV, Trend",7.6923076923076925,76.92307692307693,-69.23076923076924,0,0,False,False,False,False,False,True,False,False,False,False,False,True,True,True,True,False,False,False,True,True,True,True
WPP,Communication Services,Advertising Agencies,10.43,2025/06/22,249,100.0,"MA20, MA50, MA200, RSI, MACD, OBV, Trend",0.0,73.07692307692307,-73.07692307692307,1,0,False,False,False,False,False,False,False,False,False,False,False,True,True,True,False,False,True,False,True,True,True,True
BBAR,Financial Services,Banks - Regional,5.04,2025/06/22,249,100.0,"MA20, MA50, MA200, RSI, MACD, OBV, Trend",0.0,73.07692307692307,-73.07692307692307,0,0,False,False,False,False,False,False,False,False,False,False,False,True,True,True,False,False,True,False,True,True,True,True
RNA,Healthcare,Biotechnology,3.93,2025/06/22,249,100.0,"MA20, MA50, MA200, RSI, MACD, OBV, Trend",0.0,73.07692307692307,-73.07692307692307,0,1,False,False,False,False,False,False,False,False,False,False,False,True,True,True,False,False,True,False,True,True,True,True
UBS,Financial Services,Banks - Diversified,113.25,2025/06/22,249,100.0,"MA20, MA50, MA200, RSI, MACD, OBV, Trend",0.0,73.07692307692307,-73.07692307692307,0,0,False,False,False,False,False,False,False,False,False,False,False,True,True,True,False,False,True,False,True,True,True,True
CNI,Industrials,Railroads,66.39,2025/06/22,249,100.0,"MA20, MA50, MA200, RSI, MACD, OBV, Trend",0.0,73.07692307692307,-73.07692307692307,0,0,False,False,False,False,False,False,False,False,False,False,False,True,True,True,False,False,True,True,True,True,False,True
VKTX,Healthcare,Biotechnology,3.65,2025/06/22,249,100.0,"MA20, MA50, MA200, RSI, MACD, OBV, Trend",0.0,73.07692307692307,-73.07692307692307,0,1,False,False,False,False,False,False,False,False,False,False,False,True,True,True,False,False,True,False,True,True,True,True
IHG,Consumer Cyclical,Lodging,21.24,2025/06/22,249,100.0,"MA20, MA50, MA200, RSI, MACD, OBV, Trend",0.0,73.07692307692307,-73.07692307692307,0,1,False,False,False,False,False,False,False,False,False,False,False,True,True,True,False,False,True,False,True,True,True,True
ALK,Industrials,Airlines,9.02,2025/06/22,249,100.0,"MA20, MA50, MA200, RSI, MACD, OBV, Trend",0.0,73.07692307692307,-73.07692307692307,0,0,False,False,False,False,False,False,False,False,False,False,False,True,True,True,False,False,True,False,True,True,True,True
AMPH,Healthcare,Drug Manufacturers - Specialty & Generic,1.75,2025/06/22,249,100.0,"MA20, MA50, MA200, RSI, MACD, OBV, Trend",0.0,73.07692307692307,-73.07692307692307,0,0,False,False,False,False,False,False,False,False,False,False,False,True,True,True,False,False,True,True,True,True,False,True
NEOG,Healthcare,Diagnostics & Research,2.49,2025/06/22,249,100.0,"MA20, MA50, MA200, RSI, MACD, OBV, Trend",0.0,73.07692307692307,-73.07692307692307,0,0,False,False,False,False,False,False,False,False,False,False,False,True,True,True,False,False,True,True,True,True,False,True
SHC,Healthcare,Diagnostics & Research,3.88,2025/06/22,249,100.0,"MA20, MA50, MA200, RSI, MACD, OBV, Trend",0.0,73.07692307692307,-73.07692307692307,1,0,False,False,False,False,False,False,False,False,False,False,False,True,True,True,False,False,True,False,True,True,True,True
KNTK,Energy,Oil & Gas Midstream,3.85,2025/06/22,249,100.0,"MA20, MA50, MA200, RSI, MACD, OBV, Trend",0.0,73.07692307692307,-73.07692307692307,0,0,False,False,False,False,False,False,False,False,False,False,False,True,True,True,False,False,True,False,True,True,True,True
ALVO,Healthcare,Drug Manufacturers - Specialty & Generic,3.84,2025/06/22,249,100.0,"MA20, MA50, MA200, RSI, MACD, OBV, Trend",0.0,73.07692307692307,-73.07692307692307,0,0,False,False,False,False,False,False,False,False,False,False,False,True,True,True,False,False,True,False,True,True,True,True
GGAL,Financial Services,Banks - Regional,12.44,2025/06/22,249,100.0,"MA20, MA50, MA200, RSI, MACD, OBV, Trend",0.0,73.07692307692307,-73.07692307692307,0,1,False,False,False,False,False,False,False,False,False,False,False,True,True,True,False,False,True,False,True,True,True,True
WTM,Financial Services,Insurance - Property & Casualty,4.96,2025/06/22,249,100.0,"MA20, MA50, MA200, RSI, MACD, OBV, Trend",0.0,73.07692307692307,-73.07692307692307,0,0,False,False,False,False,False,False,False,False,False,False,False,True,True,True,False,False,True,False,True,True,True,True
FLS,Industrials,Specialty Industrial Machinery,8.23,2025/06/22,249,100.0,"MA20, MA50, MA200, RSI, MACD, OBV, Trend",0.0,73.07692307692307,-73.07692307692307,0,0,False,False,False,False,False,False,False,False,False,False,False,True,True,True,False,False,True,False,True,True,True,True
HTHT,Consumer Cyclical,Lodging,10.07,2025/06/22,249,100.0,"MA20, MA50, MA200, RSI, MACD, OBV, Trend",0.0,73.07692307692307,-73.07692307692307,0,0,False,False,False,False,False,False,False,False,False,False,False,True,True,True,False,False,True,False,True,True,True,True
UTHR,Healthcare,Biotechnology,15.68,2025/06/22,249,100.0,"MA20, MA50, MA200, RSI, MACD, OBV, Trend",0.0,73.07692307692307,-73.07692307692307,0,2,False,False,False,False,False,False,False,False,False,False,False,True,True,True,False,True,True,False,True,True,False,True
IOT,Technology,Software - Infrastructure,28.9,2025/06/22,249,100.0,"MA20, MA50, MA200, RSI, MACD, OBV, Trend",0.0,73.07692307692307,-73.07692307692307,0,1,False,False,False,False,False,False,False,False,False,False,False,True,True,True,False,False,True,False,True,True,True,True
ASGN,Technology,Information Technology Services,3.93,2025/06/22,249,100.0,"MA20, MA50, MA200, RSI, MACD, OBV, Trend",7.6923076923076925,84.61538461538461,-76.92307692307692,0,0,False,False,False,False,False,True,False,False,False,False,False,True,True,True,True,False,False,True,True,True,True,True
HUN,Basic Materials,Chemicals,2.91,2025/06/22,249,100.0,"MA20, MA50, MA200, RSI, MACD, OBV, Trend",7.6923076923076925,84.61538461538461,-76.92307692307692,0,0,False,False,False,False,False,True,False,False,False,False,False,True,True,True,True,False,False,True,True,True,True,True
TTGT,Communication Services,Internet Content & Information,1.22,2025/06/22,249,100.0,"MA20, MA50, MA200, RSI, MACD, OBV, Trend",7.6923076923076925,84.61538461538461,-76.92307692307692,0,1,False,False,False,False,False,True,False,False,False,False,False,True,True,True,True,False,False,True,True,True,True,True
AMWD,Consumer Cyclical,"Furnishings, Fixtures & Appliances",1.19,2025/06/22,249,100.0,"MA20, MA50, MA200, RSI, MACD, OBV, Trend",7.6923076923076925,84.61538461538461,-76.92307692307692,1,0,False,False,False,False,False,True,False,False,False,False,False,True,True,True,True,False,False,True,True,True,True,True
MNKD,Healthcare,Biotechnology,1.6,2025/06/22,249,100.0,"MA20, MA50, MA200, RSI, MACD, OBV, Trend",7.6923076923076925,84.61538461538461,-76.92307692307692,0,2,False,False,False,False,False,True,False,False,False,False,False,True,True,True,True,True,False,False,True,True,True,True
FUN,Consumer Cyclical,Leisure,4.46,2025/06/22,249,100.0,"MA20, MA50, MA200, RSI, MACD, OBV, Trend",7.6923076923076925,84.61538461538461,-76.92307692307692,0,0,False,False,False,False,False,True,False,False,False,False,False,True,True,True,True,False,False,True,True,True,True,True
BCC,Basic Materials,Building Materials,4.85,2025/06/22,249,100.0,"MA20, MA50, MA200, RSI, MACD, OBV, Trend",7.6923076923076925,84.61538461538461,-76.92307692307692,1,0,False,False,False,False,False,True,False,False,False,False,False,True,True,True,True,False,False,True,True,True,True,True
CSL,Industrials,Building Products & Equipment,17.65,2025/06/22,249,100.0,"MA20, MA50, MA200, RSI, MACD, OBV, Trend",7.6923076923076925,84.61538461538461,-76.92307692307692,0,1,False,False,False,False,False,True,False,False,False,False,False,True,True,True,True,False,False,True,True,True,True,True
EXPO,Industrials,Engineering & Construction,4.65,2025/06/22,249,100.0,"MA20, MA50, MA200, RSI, MACD, OBV, Trend",7.6923076923076925,84.61538461538461,-76.92307692307692,0,1,False,False,False,False,False,True,False,False,False,False,False,True,True,True,True,False,False,True,True,True,True,True
DNLI,Healthcare,Biotechnology,3.39,2025/06/22,249,100.0,"MA20, MA50, MA200, RSI, MACD, OBV, Trend",0.0,76.92307692307693,-76.92307692307693,0,0,False,False,False,False,False,False,False,False,False,False,False,True,True,True,True,False,True,False,True,True,False,True
S,Technology,Software - Infrastructure,7.7,2025/06/22,249,100.0,"MA20, MA50, MA200, RSI, MACD, OBV, Trend",0.0,76.92307692307693,-76.92307692307693,0,0,False,False,False,False,False,False,False,False,False,False,False,True,True,True,True,False,True,False,True,True,False,True
BLFS,Healthcare,Medical Instruments & Supplies,1.27,2025/06/22,249,100.0,"MA20, MA50, MA200, RSI, MACD, OBV, Trend",0.0,76.92307692307693,-76.92307692307693,0,0,False,False,False,False,False,False,False,False,False,False,False,True,True,True,True,False,True,False,True,True,False,True
CBZ,Industrials,Specialty Business Services,4.31,2025/06/22,249,100.0,"MA20, MA50, MA200, RSI, MACD, OBV, Trend",0.0,76.92307692307693,-76.92307692307693,0,0,False,False,False,False,False,False,False,False,False,False,False,True,True,True,True,False,True,False,True,True,False,True
MAN,Industrials,Staffing & Employment Services,2.83,2025/06/22,249,100.0,"MA20, MA50, MA200, RSI, MACD, OBV, Trend",0.0,76.92307692307693,-76.92307692307693,0,0,False,False,False,False,False,False,False,False,False,False,False,True,True,True,True,False,True,False,True,True,False,True
TBBB,Consumer Defensive,Discount Stores,3.48,2025/06/22,249,100.0,"MA20, MA50, MA200, RSI, MACD, OBV, Trend",0.0,76.92307692307693,-76.92307692307693,0,0,False,False,False,False,False,False,False,False,False,False,False,True,True,True,True,False,True,False,True,True,False,True
DAWN,Healthcare,Biotechnology,1.3,2025/06/22,249,100.0,"MA20, MA50, MA200, RSI, MACD, OBV, Trend",0.0,76.92307692307693,-76.92307692307693,0,0,False,False,False,False,False,False,False,False,False,False,False,True,True,True,True,False,True,False,True,True,False,True
ENOV,Industrials,Specialty Industrial Machinery,2.67,2025/06/22,249,100.0,"MA20, MA50, MA200, RSI, MACD, OBV, Trend",0.0,76.92307692307693,-76.92307692307693,0,0,False,False,False,False,False,False,False,False,False,False,False,True,True,True,True,False,True,False,True,True,False,True
BRZE,Technology,Software - Application,4.76,2025/06/22,249,100.0,"MA20, MA50, MA200, RSI, MACD, OBV, Trend",0.0,76.92307692307693,-76.92307692307693,1,1,False,False,False,False,False,False,False,False,False,False,False,True,True,True,True,False,True,False,False,True,True,True
MRTN,Industrials,Trucking,1.25,2025/06/22,249,100.0,"MA20, MA50, MA200, RSI, MACD, OBV, Trend",0.0,76.92307692307693,-76.92307692307693,0,0,False,False,False,False,False,False,False,False,False,False,False,True,True,True,True,False,True,False,True,True,False,True
PX,Financial Services,Asset Management,1.59,2025/06/22,249,100.0,"MA20, MA50, MA200, RSI, MACD, OBV, Trend",0.0,76.92307692307693,-76.92307692307693,0,0,False,False,False,False,False,False,False,False,False,False,False,True,True,True,True,False,True,False,False,True,True,True
CLBT,Technology,Software - Infrastructure,5.16,2025/06/22,249,100.0,"MA20, MA50, MA200, RSI, MACD, OBV, Trend",0.0,76.92307692307693,-76.92307692307693,0,0,False,False,False,False,False,False,False,False,False,False,False,True,True,True,True,False,True,False,False,True,True,True
NIO,Consumer Cyclical,Auto Manufacturers,9.11,2025/06/22,249,100.0,"MA20, MA50, MA200, RSI, MACD, OBV, Trend",0.0,76.92307692307693,-76.92307692307693,0,0,False,False,False,False,False,False,False,False,False,False,False,True,True,True,True,False,True,False,True,True,False,True
SID,Basic Materials,Steel,2.1,2025/06/22,249,100.0,"MA20, MA50, MA200, RSI, MACD, OBV, Trend",0.0,76.92307692307693,-76.92307692307693,0,0,False,False,False,False,False,False,False,False,False,False,False,True,True,True,True,False,True,False,True,True,False,True
SJM,Consumer Defensive,Packaged Foods,11.37,2025/06/22,249,100.0,"MA20, MA50, MA200, RSI, MACD, OBV, Trend",0.0,76.92307692307693,-76.92307692307693,1,1,False,False,False,False,False,False,False,False,False,False,False,True,True,True,True,False,True,False,True,True,False,True
CNS,Financial Services,Asset Management,4.49,2025/06/22,249,100.0,"MA20, MA50, MA200, RSI, MACD, OBV, Trend",0.0,76.92307692307693,-76.92307692307693,0,0,False,False,False,False,False,False,False,False,False,False,False,True,True,True,True,False,True,False,True,True,False,True
ASAN,Technology,Software - Application,4.88,2025/06/22,249,100.0,"MA20, MA50, MA200, RSI, MACD, OBV, Trend",0.0,76.92307692307693,-76.92307692307693,0,0,False,False,False,False,False,False,False,False,False,False,False,True,True,True,True,False,True,False,False,True,True,True
PONY,Technology,Information Technology Services,4.59,2025/06/22,139,76.92307692307693,"MA20, MA50, RSI, MACD, OBV, Trend",0.0,80.0,-80.0,0,0,False,False,,,False,False,False,False,False,False,False,True,True,,,False,True,False,True,True,True,True
GRDN,Healthcare,Medical Care Facilities,1.44,2025/06/22,183,76.92307692307693,"MA20, MA50, RSI, MACD, OBV, Trend",0.0,80.0,-80.0,0,0,False,False,,,False,False,False,False,False,False,False,True,True,,,False,True,False,True,True,True,True
MRVI,Healthcare,Biotechnology,1.24,2025/06/22,249,100.0,"MA20, MA50, MA200, RSI, MACD, OBV, Trend",0.0,80.76923076923077,-80.76923076923077,0,0,False,False,False,False,False,False,False,False,False,False,False,True,True,True,False,False,True,True,True,True,True,True
BY,Financial Services,Banks - Regional,1.31,2025/06/22,249,100.0,"MA20, MA50, MA200, RSI, MACD, OBV, Trend",0.0,80.76923076923077,-80.76923076923077,0,3,False,False,False,False,False,False,False,False,False,False,False,True,True,True,False,True,True,False,True,True,True,True
TEO,Communication Services,Telecom Services,4.24,2025/06/22,249,100.0,"MA20, MA50, MA200, RSI, MACD, OBV, Trend",0.0,84.61538461538461,-84.61538461538461,0,0,False,False,False,False,False,False,False,False,False,False,False,True,True,True,True,False,True,False,True,True,True,True
OXM,Consumer Cyclical,Apparel Manufacturing,1.32,2025/06/22,249,100.0,"MA20, MA50, MA200, RSI, MACD, OBV, Trend",7.6923076923076925,92.3076923076923,-84.61538461538461,1,3,False,False,False,False,False,True,False,False,False,False,False,True,True,True,True,True,False,True,True,True,True,True
GIII,Consumer Cyclical,Apparel Manufacturing,1.37,2025/06/22,249,100.0,"MA20, MA50, MA200, RSI, MACD, OBV, Trend",0.0,84.61538461538461,-84.61538461538461,1,1,False,False,False,False,False,False,False,False,False,False,False,True,True,True,True,False,True,False,True,True,True,True
DSGX,Technology,Software - Application,9.96,2025/06/22,249,100.0,"MA20, MA50, MA200, RSI, MACD, OBV, Trend",0.0,84.61538461538461,-84.61538461538461,0,0,False,False,False,False,False,False,False,False,False,False,False,True,True,True,True,False,True,False,True,True,True,True
VERX,Technology,Software - Application,9.01,2025/06/22,249,100.0,"MA20, MA50, MA200, RSI, MACD, OBV, Trend",0.0,84.61538461538461,-84.61538461538461,0,2,False,False,False,False,False,False,False,False,False,False,False,True,True,True,True,True,True,False,False,True,True,True
CWAN,Technology,Software - Application,7.08,2025/06/22,249,100.0,"MA20, MA50, MA200, RSI, MACD, OBV, Trend",0.0,84.61538461538461,-84.61538461538461,0,1,False,False,False,False,False,False,False,False,False,False,False,True,True,True,True,False,True,False,True,True,True,True
PCG,Utilities,Utilities - Regulated Electric,34.33,2025/06/22,249,100.0,"MA20, MA50, MA200, RSI, MACD, OBV, Trend",0.0,84.61538461538461,-84.61538461538461,1,2,False,False,False,False,False,False,False,False,False,False,False,True,True,True,True,True,True,False,False,True,True,True
POOL,Industrials,Industrial Distribution,13.1,2025/06/22,249,100.0,"MA20, MA50, MA200, RSI, MACD, OBV, Trend",0.0,84.61538461538461,-84.61538461538461,0,0,False,False,False,False,False,False,False,False,False,False,False,True,True,True,True,False,True,False,True,True,True,True
PVH,Consumer Cyclical,Apparel Manufacturing,4.98,2025/06/22,249,100.0,"MA20, MA50, MA200, RSI, MACD, OBV, Trend",0.0,84.61538461538461,-84.61538461538461,0,0,False,False,False,False,False,False,False,False,False,False,False,True,True,True,True,False,True,True,True,True,False,True
EIX,Utilities,Utilities - Regulated Electric,20.91,2025/06/22,249,100.0,"MA20, MA50, MA200, RSI, MACD, OBV, Trend",0.0,84.61538461538461,-84.61538461538461,0,1,False,False,False,False,False,False,False,False,False,False,False,True,True,True,True,False,True,False,True,True,True,True
SNAP,Communication Services,Internet Content & Information,18.94,2025/06/22,249,100.0,"MA20, MA50, MA200, RSI, MACD, OBV, Trend",0.0,84.61538461538461,-84.61538461538461,0,0,False,False,False,False,False,False,False,False,False,False,False,True,True,True,True,False,True,False,True,True,True,True
OLN,Basic Materials,Chemicals,3.39,2025/06/22,249,100.0,"MA20, MA50, MA200, RSI, MACD, OBV, Trend",0.0,84.61538461538461,-84.61538461538461,0,0,False,False,False,False,False,False,False,False,False,False,False,True,True,True,True,False,True,True,True,True,False,True
CRTO,Communication Services,Advertising Agencies,2.1,2025/06/22,249,100.0,"MA20, MA50, MA200, RSI, MACD, OBV, Trend",0.0,84.61538461538461,-84.61538461538461,0,0,False,False,False,False,False,False,False,False,False,False,False,True,True,True,True,False,True,False,True,True,True,True
SPSC,Technology,Software - Application,6.94,2025/06/22,249,100.0,"MA20, MA50, MA200, RSI, MACD, OBV, Trend",0.0,84.61538461538461,-84.61538461538461,1,1,False,False,False,False,False,False,False,False,False,False,False,True,True,True,True,False,True,False,True,True,True,True
DAVA,Technology,Software - Infrastructure,1.93,2025/06/22,249,100.0,"MA20, MA50, MA200, RSI, MACD, OBV, Trend",0.0,84.61538461538461,-84.61538461538461,0,0,False,False,False,False,False,False,False,False,False,False,False,True,True,True,True,False,True,True,True,True,False,True
IART,Healthcare,Medical Devices,2.01,2025/06/22,249,100.0,"MA20, MA50, MA200, RSI, MACD, OBV, Trend",0.0,84.61538461538461,-84.61538461538461,1,0,False,False,False,False,False,False,False,False,False,False,False,True,True,True,True,False,True,False,True,True,True,True
IOSP,Basic Materials,Specialty Chemicals,2.83,2025/06/22,249,100.0,"MA20, MA50, MA200, RSI, MACD, OBV, Trend",0.0,84.61538461538461,-84.61538461538461,0,1,False,False,False,False,False,False,False,False,False,False,False,True,True,True,True,False,True,False,True,True,True,True
USLM,Basic Materials,Building Materials,3.16,2025/06/22,249,100.0,"MA20, MA50, MA200, RSI, MACD, OBV, Trend",0.0,88.46153846153845,-88.46153846153845,0,3,False,False,False,False,False,False,False,False,False,False,False,True,True,True,False,True,True,True,True,True,True,True
WRD,Consumer Cyclical,Auto Manufacturers,4.03,2025/06/22,162,76.92307692307693,"MA20, MA50, RSI, MACD, OBV, Trend",0.0,90.0,-90.0,0,0,False,False,,,False,False,False,False,False,False,False,True,True,,,False,True,True,True,True,True,True
GTLB,Technology,Software - Infrastructure,11.81,2025/06/22,249,100.0,"MA20, MA50, MA200, RSI, MACD, OBV, Trend",0.0,92.3076923076923,-92.3076923076923,0,2,False,False,False,False,False,False,False,False,False,False,False,True,True,True,True,True,True,False,True,True,True,True
LGIH,Consumer Cyclical,Residential Construction,2.1,2025/06/22,249,100.0,"MA20, MA50, MA200, RSI, MACD, OBV, Trend",0.0,92.3076923076923,-92.3076923076923,0,0,False,False,False,False,False,False,False,False,False,False,False,True,True,True,True,False,True,True,True,True,True,True
